road_name,from_street,to_street,pci_rating,dist_to_water_m,humidity_proxy,pavement_risk,pci_missing,pavement_risk_adj,bearing_deg,sun_exposure,is_bridge,recent_moisture,temp_near_zero,black_ice_risk
47TH AV,FRONTENAC ST,KIRKLAND ST,GOOD,1601.9,0.041,0.3,0,0.3,90.40326078089203,0.5,0,1,1.0,0.366
62ND AV,LABURNUM ST,ANGUS DRIVE,VERY POOR,549.1,0.333,0.95,0,0.95,91.34284625610383,0.5,0,1,1.0,0.525
29TH AV,ELGIN ST,ROSS ST,POOR,1764.0,0.029,0.8,0,0.8,90.50165811955503,0.5,0,1,1.0,0.452
31ST AV,LANARK ST,DUMFRIES ST,VERY POOR,1512.9,0.049,0.95,0,0.95,91.65855358659951,0.5,0,1,1.0,0.482
53RD AV,KNIGHT ST,LANARK ST,VERY GOOD,1435.6,0.057,0.1,0,0.1,91.0378030552489,0.5,0,1,1.0,0.333
33RD AV,ONTARIO ST,JAMES ST,POOR,124.0,0.78,0.8,0,0.8,91.71327316795782,0.5,0,1,1.0,0.565
CHARLES ST,RUPERT ST,CASSIAR ST,VERY POOR,97.7,0.823,0.95,0,0.95,90.1461633552243,0.5,0,1,1.0,0.598
BRIDGEWAY,SKEENA ST,NORTHEAST END,GOOD,440.7,0.414,0.3,0,0.3,38.63838558437732,0.8,0,1,1.0,0.497
3RD AV,NOOTKA ST,LILLOOET ST,VERY POOR,736.5,0.229,0.95,0,0.95,90.39054876254721,0.5,0,1,1.0,0.509
45TH AV,WILTSHIRE ST,MARGUERITE ST,VERY GOOD,1009.5,0.133,0.1,0,0.1,91.46198927245689,0.5,0,1,1.0,0.344
26TH AV,MANITOBA ST,ONTARIO ST,POOR,513.6,0.358,0.8,0,0.8,91.71686834526565,0.5,0,1,1.0,0.502
ATLIN ST,27TH AV,25TH AV,FAIR,1022.6,0.129,0.5,0,0.5,0.5052225482241397,0.8,0,1,1.0,0.489
ALBERTA ST,44TH AV,43RD AV,FAIR,611.0,0.295,0.5,0,0.5,350.5468306373236,0.8,0,1,1.0,0.514
BIRCH ST,62ND AV,PARK DRIVE,VERY POOR,1348.4,0.067,0.95,0,0.95,1.0448336522680393,0.8,0,1,1.0,0.559
BURRARD ST,17TH AV,16TH AV,POOR,1273.0,0.078,0.8,0,0.8,1.4538821731827056,0.8,0,1,1.0,0.535
12TH AV,KAMLOOPS ST,PENTICTON ST,GOOD,254.3,0.601,0.3,0,0.3,89.9313803879038,0.5,0,1,1.0,0.45
CARNARVON ST,34TH AV,33RD AV,FAIR,1580.7,0.042,0.5,0,0.5,0.5092350801425596,0.8,0,1,1.0,0.476
14TH AV,YEW ST,ARBUTUS ST,FAIR,1597.8,0.041,0.5,0,0.5,91.4964879656784,0.5,0,1,1.0,0.401
BEATRICE ST,KINGSWAY,NORTH END,GOOD,846.3,0.184,0.3,0,0.3,1.141661546925775,0.8,0,1,1.0,0.462
52ND AV,CHURCHILL ST,GRANVILLE ST,VERY GOOD,1570.7,0.043,0.1,0,0.1,91.21078306739423,0.5,0,1,1.0,0.331
67TH AV,SHERBROOKE ST,CROMPTON ST,VERY GOOD,189.4,0.685,0.1,0,0.1,90.78289589130725,0.5,0,1,1.0,0.427
BAYSWATER ST,2ND AV,POINT GREY ROAD,GOOD,1609.3,0.04,0.3,0,0.3,1.458828786978927,0.8,0,1,1.0,0.441
COMMERCIAL ST,55TH AV,53RD AV,FAIR,1344.0,0.068,0.5,0,0.5,1.6880501504397216,0.8,0,1,1.0,0.48
BRIGADOON AV,DUFF ST,HUMM ST,FAIR,1050.0,0.122,0.5,0,0.5,91.4615657156271,0.5,0,1,1.0,0.413
10TH AV,HEATHER ST,ASH ST,GOOD,123.8,0.781,0.3,0,0.3,91.49512414538901,0.5,0,1,1.0,0.477
12TH AV,ARBUTUS ST,MAPLE ST,GOOD,1327.9,0.07,0.3,0,0.3,91.49687452981351,0.5,0,1,1.0,0.37
44TH AV,MACKENZIE ST,MACDONALD ST,NO DATA,804.2,0.2,0.5,1,0.4,90.33098723517537,0.5,0,1,1.0,0.407
BUTE ST,COMOX ST,NELSON ST,GOOD,138.8,0.758,0.3,0,0.3,44.770284352808005,0.8,0,1,1.0,0.549
CARNARVON ST,31ST AV,30TH AV,VERY GOOD,1883.7,0.023,0.1,0,0.1,0.509559382368252,0.8,0,1,1.0,0.403
COMMERCIAL DR,4TH AV,3RD AV,GOOD,1168.9,0.097,0.3,0,0.3,0.8002928959637643,0.8,0,1,1.0,0.449
54TH AV,BUTLER ST,CHAMPLAIN CRESCENT / TYNE ST,VERY POOR,815.8,0.196,0.95,0,0.95,90.82274861739529,0.5,0,1,1.0,0.504
BALSAM ST,41ST AV,39TH AV,NO DATA,1235.7,0.084,0.5,1,0.4,1.5249119861807685,0.8,0,1,1.0,0.465
16TH AV,INVERNESS ST,CLARK DRIVE,VERY POOR,1043.7,0.124,0.95,0,0.95,91.40527988737585,0.5,0,1,1.0,0.493
45TH AV,TODERICK ST,ARLINGTON ST,GOOD,1660.9,0.036,0.3,0,0.3,90.56599035950262,0.5,0,1,1.0,0.365
ANGUS DR,58TH AV,57TH AV,VERY GOOD,966.3,0.145,0.1,0,0.1,1.511419889123033,0.8,0,1,1.0,0.421
19TH AV,KNIGHT ST,EAST END,GOOD,842.3,0.186,0.3,0,0.3,91.46014743714494,0.5,0,1,1.0,0.387
COLUMBIA ST,WOODSTOCK AV,40TH AV,FAIR,572.7,0.318,0.5,0,0.5,1.76550026416146,0.8,0,1,1.0,0.518
BEATRICE ST,SOUTH END,22ND AV,GOOD,576.4,0.316,0.3,0,0.3,0.18998066164749616,0.8,0,1,1.0,0.482
CONTINENTAL ST,NEON ST,DRAKE ST,GOOD,512.1,0.359,0.3,0,0.3,46.8701662549816,0.5,0,1,1.0,0.414
51ST AV,ONTARIO ST,QUEBEC ST,VERY POOR,179.0,0.699,0.95,0,0.95,91.87255217387604,0.5,0,1,1.0,0.58
27TH AV,ASH ST,CAMBIE ST,VERY POOR,270.2,0.582,0.95,0,0.95,91.69194209346642,0.5,0,1,1.0,0.562
71ST AV,MONTCALM ST,HUDSON ST,VERY GOOD,636.5,0.28,0.1,0,0.1,91.34673378513452,0.5,0,1,1.0,0.366
CAROLINA ST,18TH AV,17TH AV,GOOD,1743.3,0.031,0.3,0,0.3,1.4240361401709833,0.8,0,1,1.0,0.439
2ND AV,SEMLIN DRIVE,LAKEWOOD DRIVE,GOOD,908.6,0.162,0.3,0,0.3,90.71724183461134,0.5,0,1,1.0,0.384
44TH AV,JOYCE ST,LATTA ST,FAIR,1259.3,0.081,0.5,0,0.5,90.35188055105868,0.5,0,1,1.0,0.407
53RD AV,FLEMING ST,ARGYLE ST,VERY GOOD,1442.5,0.056,0.1,0,0.1,90.78079620914946,0.5,0,1,1.0,0.333
20TH AV,EAST BOULEVARD,MAPLE ST,VERY POOR,1737.9,0.031,0.95,0,0.95,81.35166007872147,0.5,0,1,1.0,0.479
7TH AV,WATERLOO ST,BLENHEIM ST,VERY GOOD,1081.0,0.115,0.1,0,0.1,91.52683081715418,0.5,0,1,1.0,0.342
1ST AV,BALSAM ST,VINE ST,GOOD,1106.9,0.109,0.3,0,0.3,91.53121193536049,0.5,0,1,1.0,0.376
33RD AV,COLLINGWOOD ST,BLENHEIM ST,VERY POOR,1602.6,0.041,0.95,0,0.95,90.47577376167328,0.5,0,1,1.0,0.48
4TH AV,TOLMIE ST,SASAMAT ST,VERY POOR,798.0,0.203,0.95,0,0.95,91.47538299390038,0.5,0,1,1.0,0.505
29TH AV,TANNER ST,MCHARDY ST,FAIR,51.2,0.903,0.5,0,0.5,90.52743234976526,0.5,0,1,1.0,0.531
62ND AV,ROSS ST,INVERNESS ST,FAIR,609.4,0.296,0.5,0,0.5,90.68313678057575,0.5,0,1,1.0,0.439
CHURCHILL ST,47TH AV,45TH AV,NO DATA,903.3,0.164,0.5,1,0.4,1.3980165397441624,0.8,0,1,1.0,0.477
15TH AV,DUNBAR ST,COLLINGWOOD ST,NO DATA,1425.6,0.058,0.5,1,0.4,91.49481433745825,0.5,0,1,1.0,0.386
45TH AV,GRANVILLE ST,CARTIER ST,POOR,855.7,0.181,0.8,0,0.8,93.25342069844908,0.5,0,1,1.0,0.475
66TH AV,CROMPTON ST,EAST END,VERY GOOD,210.8,0.656,0.1,0,0.1,90.79131160722915,0.5,0,1,1.0,0.423
26TH AV,LAUREL ST,WILLOW ST,VERY POOR,693.7,0.25,0.95,0,0.95,91.51384076545884,0.5,0,1,1.0,0.512
53RD AV,QUEBEC ST,MAIN ST,GOOD,420.6,0.431,0.3,0,0.3,92.04679984719706,0.5,0,1,1.0,0.425
57TH AV,FRASER ST,PRINCE ALBERT ST,POOR,1210.8,0.089,0.8,0,0.8,90.90145446703195,0.5,0,1,1.0,0.461
BEACH AV,CARDERO ST,NICOLA ST,VERY GOOD,554.8,0.33,0.1,0,0.1,134.76776207804596,0.5,0,1,1.0,0.374
BROADWAY,8TH AV,8TH AV / WALLACE CRESCENT,NO DATA,553.6,0.33,0.5,1,0.4,104.66766482770151,0.5,0,1,1.0,0.427
13TH AV,BIRCH ST,ALDER ST,NO DATA,495.6,0.371,0.5,1,0.4,91.49164869950084,0.5,0,1,1.0,0.433
35TH AV,WEST END,SOPHIA ST,VERY POOR,452.5,0.405,0.95,0,0.95,91.77065059277118,0.5,0,1,1.0,0.535
BARCLAY ST,GILFORD ST,DENMAN ST,VERY GOOD,334.1,0.513,0.1,0,0.1,134.80238582960118,0.5,0,1,1.0,0.402
11TH AV,GRANDVIEW HWY NORTH,TEMPLETON DRIVE,VERY GOOD,350.4,0.496,0.1,0,0.1,87.07233238903518,0.5,0,1,1.0,0.399
28TH AV,KNIGHT ST,DUMFRIES ST,VERY GOOD,1294.0,0.075,0.1,0,0.1,90.92502836780687,0.5,0,1,1.0,0.336
19TH AV,QUEBEC ST,MAIN ST,VERY GOOD,1247.5,0.082,0.1,0,0.1,91.52031746658997,0.5,0,1,1.0,0.337
1ST AV,FIR ST,CREEKSIDE DRIVE / ISLAND PARK WALK,FAIR,58.4,0.89,0.5,0,0.5,53.817145259194035,0.5,0,1,1.0,0.529
24TH AV,DUNBAR ST,COLLINGWOOD ST,FAIR,2210.5,0.012,0.5,0,0.5,90.50418487991544,0.5,0,1,1.0,0.397
28TH AV,PRINCE EDWARD ST,ST. GEORGE ST,POOR,951.6,0.149,0.8,0,0.8,91.09389008231045,0.5,0,1,1.0,0.47
27TH AV,BALACLAVA ST,CARNARVON ST,VERY GOOD,2256.9,0.011,0.1,0,0.1,90.47091345466686,0.5,0,1,1.0,0.326
12TH AV,MACDONALD ST,KITSILANO DIVERSION / STEPHENS ST,VERY GOOD,2060.3,0.016,0.1,0,0.1,91.51566110246972,0.5,0,1,1.0,0.327
AUSTREY AV,SPENCER ST,MCHARDY ST,VERY POOR,813.6,0.196,0.95,0,0.95,121.55156077510338,0.5,0,1,1.0,0.504
ALDER ST,11TH AV,10TH AV,VERY GOOD,192.1,0.681,0.1,0,0.1,1.4926631602156135,0.8,0,1,1.0,0.502
62ND AV,GRANVILLE ST,FRENCH ST,GOOD,1154.1,0.099,0.3,0,0.3,88.24080315502846,0.5,0,1,1.0,0.375
29TH AV,MACKENZIE ST,MACDONALD ST / QUESNEL DRIVE,NO DATA,2145.4,0.014,0.5,1,0.4,90.452437222669,0.5,0,1,1.0,0.379
22ND AV,PENTICTON ST,SLOCAN ST,VERY POOR,786.7,0.207,0.95,0,0.95,90.10376256925935,0.5,0,1,1.0,0.505
CARRALL ST,PACIFIC BOULEVARD,EXPO BOULEVARD,GOOD,89.8,0.836,0.3,0,0.3,9.185621691788697,0.8,0,1,1.0,0.561
22ND AV,ANZIO DRIVE / SKEENA ST,GLENDALE ST,POOR,702.0,0.246,0.8,0,0.8,89.5609094384348,0.5,0,1,1.0,0.485
BALSAM ST,18TH AV,16TH AV,POOR,2088.5,0.015,0.8,0,0.8,1.5355262160251186,0.8,0,1,1.0,0.525
68TH AV,ADERA ST,CORNISH ST,FAIR,625.4,0.286,0.5,0,0.5,91.5252811728243,0.5,0,1,1.0,0.438
22ND AV,GLEN DRIVE,INVERNESS ST,VERY POOR,1330.1,0.07,0.95,0,0.95,91.44941361482591,0.5,0,1,1.0,0.485
76TH AV,HUDSON ST,EAST END,GOOD,89.9,0.835,0.3,0,0.3,91.41184703458674,0.5,1,1,1.0,0.785
CHESTER ST,37TH AV,35TH AV,GOOD,1204.9,0.09,0.3,0,0.3,1.0637251337108182,0.8,0,1,1.0,0.448
34TH AV,SLOCAN ST,SLOCAN ST,GOOD,291.4,0.558,0.3,0,0.3,90.39458902206206,0.5,0,1,1.0,0.444
3RD AV,PINE ST,FIR ST,VERY GOOD,210.9,0.656,0.1,0,0.1,91.52861930175908,0.5,0,1,1.0,0.423
52ND AV,COMMERCIAL ST,VICTORIA DRIVE,GOOD,1594.8,0.041,0.3,0,0.3,91.08259452592608,0.5,0,1,1.0,0.366
14TH AV,WATERLOO ST,BLENHEIM ST,POOR,1508.1,0.049,0.8,0,0.8,91.50657402378783,0.5,0,1,1.0,0.455
24TH AV,GLADSTONE ST,BRANT ST,FAIR,618.6,0.29,0.5,0,0.5,91.14127314490958,0.5,0,1,1.0,0.439
8TH AV,CYPRESS ST,BURRARD ST,VERY GOOD,790.3,0.206,0.1,0,0.1,91.48935392694841,0.5,0,1,1.0,0.355
49TH AV,NANAIMO ST,BERKELEY ST,POOR,1400.6,0.061,0.8,0,0.8,99.35241951513308,0.5,0,1,1.0,0.457
58TH AV,ONTARIO ST,MAIN ST,VERY POOR,245.6,0.612,0.95,0,0.95,91.86587670881272,0.5,0,1,1.0,0.566
BALACLAVA ST,43RD AV,42ND AV,VERY GOOD,624.3,0.287,0.1,0,0.1,3.188034670059949,0.8,0,1,1.0,0.442
ARGYLE ST,58TH AV,57TH AV,GOOD,965.7,0.145,0.3,0,0.3,4.402694955256209,0.8,0,1,1.0,0.456
10TH AV,BIRCH ST,ALDER ST,FAIR,184.2,0.692,0.5,0,0.5,91.50635175818559,0.5,0,1,1.0,0.499
COLLINGWOOD ST,26TH AV,KING EDWARD AV,VERY POOR,2344.8,0.009,0.95,0,0.95,357.0083562218194,0.8,0,1,1.0,0.551
7TH AV,LILLOOET ST,WINDERMERE ST,FAIR,443.8,0.412,0.5,0,0.5,90.32892186755004,0.5,0,1,1.0,0.457
49TH AV,ONTARIO ST,QUEBEC ST,VERY POOR,28.9,0.944,0.95,0,0.95,91.8427722460811,0.5,0,1,1.0,0.617
64TH AV,ANGUS DRIVE,EAST BOULEVARD,VERY POOR,580.8,0.313,0.95,0,0.95,91.54456482265738,0.5,0,1,1.0,0.521
56TH AV,GRANVILLE ST,CARTIER ST,GOOD,1518.7,0.048,0.3,0,0.3,91.33346391076861,0.5,0,1,1.0,0.367
21ST AV,WALLACE ST,HIGHBURY ST,FAIR,1836.5,0.025,0.5,0,0.5,90.47624471584072,0.5,0,1,1.0,0.399
13TH AV,BALSAM ST,VINE ST,VERY POOR,1748.5,0.03,0.95,0,0.95,91.5122528680642,0.5,0,1,1.0,0.479
54TH AV,ONTARIO ST,QUEBEC ST,GOOD,291.2,0.559,0.3,0,0.3,91.98581047282505,0.5,0,1,1.0,0.444
ADANAC ST,SLOCAN ST,KASLO ST,POOR,556.6,0.329,0.8,0,0.8,90.1017528770625,0.5,0,1,1.0,0.497
19TH AV,VICTORIA DRIVE,HULL ST,FAIR,148.4,0.743,0.5,0,0.5,113.06678983506282,0.5,0,1,1.0,0.507
CLARK DR,KINGSWAY,21ST AV,GOOD,1161.2,0.098,0.3,0,0.3,20.583190006748055,0.8,0,1,1.0,0.449
60TH AV,ARGYLE ST,JASPER CRESCENT,GOOD,763.1,0.217,0.3,0,0.3,90.3409797873204,0.5,0,1,1.0,0.392
4TH AV,ONTARIO ST,QUEBEC ST,GOOD,277.7,0.574,0.3,0,0.3,91.66876334781102,0.5,0,1,1.0,0.446
21ST AV,NOOTKA ST,LILLOOET ST,GOOD,754.6,0.221,0.3,0,0.3,90.14084237894974,0.5,0,1,1.0,0.393
22ND AV,WINDSOR ST,GLEN DRIVE,VERY POOR,1459.8,0.054,0.95,0,0.95,91.40331213424253,0.5,0,1,1.0,0.482
ALMA ST,3RD AV,2ND AV,NO DATA,544.2,0.337,0.5,1,0.4,1.5218202544181736,0.8,0,1,1.0,0.503
COLLINGWOOD ST,12TH AV,11TH AV,VERY GOOD,1187.1,0.093,0.1,0,0.1,1.546384425113672,0.8,0,1,1.0,0.413
16TH AV,COLUMBIA ST,MANITOBA ST,FAIR,949.7,0.15,0.5,0,0.5,92.28601307475998,0.5,0,1,1.0,0.417
27TH AV,DUNKIRK ST,COLLINGWOOD ST,NO DATA,2239.9,0.011,0.5,1,0.4,90.46116833213387,0.5,0,1,1.0,0.379
21ST AV,COLUMBIA ST,MANITOBA ST,VERY POOR,848.9,0.183,0.95,0,0.95,91.72628914243978,0.5,0,1,1.0,0.502
ARBUTUS ST,2ND AV,1ST AV,VERY POOR,861.7,0.178,0.95,0,0.95,1.5000363240855563,0.8,0,1,1.0,0.576
3RD AV,RENFREW ST,NOOTKA ST,VERY POOR,908.3,0.163,0.95,0,0.95,90.28360067366259,0.5,0,1,1.0,0.499
53RD AV,MAIN ST,SOPHIA ST,GOOD,509.7,0.361,0.3,0,0.3,91.96225973377898,0.5,0,1,1.0,0.414
18TH AV,GLEN DRIVE,INVERNESS ST,GOOD,1210.0,0.089,0.3,0,0.3,91.3844020679661,0.5,0,1,1.0,0.373
CHARLES ST,PENTICTON ST,SLOCAN ST,GOOD,1053.4,0.122,0.3,0,0.3,90.10313239942616,0.5,0,1,1.0,0.378
3RD AV,COTTON DRIVE,COMMERCIAL DRIVE,VERY GOOD,1236.7,0.084,0.1,0,0.1,90.72572577030161,0.5,0,1,1.0,0.337
7TH AV,RENFREW ST,NOOTKA ST,FAIR,562.6,0.325,0.5,0,0.5,90.34702984118451,0.5,0,1,1.0,0.444
20TH AV,ASH ST,CAMBIE ST,VERY GOOD,774.6,0.212,0.1,0,0.1,100.51021024136139,0.5,0,1,1.0,0.356
13TH AV,TRUTCH ST,BALACLAVA ST,NO DATA,1642.5,0.037,0.5,1,0.4,91.48948552697016,0.5,0,1,1.0,0.383
19TH AV,INVERNESS ST,CLARK DRIVE,VERY POOR,1097.9,0.111,0.95,0,0.95,91.41428582506353,0.5,0,1,1.0,0.491
BIRCH ST,12TH AV,11TH AV,GOOD,308.3,0.54,0.3,0,0.3,1.5090707771231564,0.8,0,1,1.0,0.516
25TH AV,WEST END,NOOTKA ST,VERY POOR,975.3,0.142,0.95,0,0.95,90.48515348582816,0.5,0,1,1.0,0.496
BLENHEIM ST,22ND AV,21ST AV,VERY GOOD,2119.5,0.014,0.1,0,0.1,0.49825196672497896,0.8,0,1,1.0,0.401
40TH AV,GRANVILLE ST,CARTIER ST,VERY POOR,324.9,0.522,0.95,0,0.95,93.03204343200912,0.5,0,1,1.0,0.553
32ND AV,BEVERLY CRESCENT,CONNAUGHT DRIVE,VERY POOR,480.7,0.382,0.95,0,0.95,116.89859529051029,0.5,0,1,1.0,0.532
15TH AV,TRAFALGAR ST,LARCH ST,VERY GOOD,2141.6,0.014,0.1,0,0.1,91.488420425036,0.5,0,1,1.0,0.326
4TH AV,LARCH ST,BALSAM ST,GOOD,1429.2,0.057,0.3,0,0.3,91.51264493540441,0.5,0,1,1.0,0.368
45TH AV,STIRLING ST,BERKELEY ST,VERY POOR,1047.5,0.123,0.95,0,0.95,90.65958637499466,0.5,0,1,1.0,0.493
17TH AV,CAROLINA ST,FRASER ST,GOOD,1743.6,0.031,0.3,0,0.3,91.446373620999,0.5,0,1,1.0,0.364
BRAEBURN ST,NASSAU DRIVE,56TH AV,GOOD,1160.0,0.098,0.3,0,0.3,333.0133704322454,0.8,0,1,1.0,0.449
15TH AV,WINDSOR ST,GLEN DRIVE,GOOD,1310.8,0.073,0.3,0,0.3,93.62573107982985,0.5,0,1,1.0,0.37
44TH AV,ALBERTA ST,COLUMBIA ST,VERY GOOD,564.7,0.323,0.1,0,0.1,93.4622635376038,0.5,0,1,1.0,0.373
29TH AV,ALMA ST,DUNBAR ST,GOOD,2061.1,0.016,0.3,0,0.3,90.60719651611657,0.5,0,1,1.0,0.362
13TH AV,TRIMBLE ST,DISCOVERY ST,NO DATA,1165.8,0.097,0.5,1,0.4,91.47403664310747,0.5,0,1,1.0,0.392
60TH AV,PRINCE EDWARD ST,ST. GEORGE ST,POOR,889.5,0.169,0.8,0,0.8,91.94753935572174,0.5,0,1,1.0,0.473
ADERA ST,68TH AV,66TH AV,GOOD,624.9,0.287,0.3,0,0.3,1.4023209020297145,0.8,0,1,1.0,0.478
4TH AV,SEMLIN DRIVE,LAKEWOOD DRIVE,FAIR,744.2,0.226,0.5,0,0.5,90.78486302629847,0.5,0,1,1.0,0.429
CLARENDON ST,40TH AV,39TH AV,FAIR,458.6,0.4,0.5,0,0.5,0.39673822652133595,0.8,0,1,1.0,0.53
59TH AV,OSLER ST,OAK ST,VERY GOOD,1181.9,0.094,0.1,0,0.1,92.45200922615766,0.5,0,1,1.0,0.338
CASSIAR ST,25TH AV,24TH AV,POOR,411.8,0.439,0.8,0,0.8,0.19694881852041135,0.8,0,1,1.0,0.589
33RD AV,CAMOSUN ST,CROWN ST,FAIR,1887.5,0.023,0.5,0,0.5,90.55917496606321,0.5,0,1,1.0,0.398
ALBERTA ST,40TH AV,39TH AV,FAIR,663.4,0.265,0.5,0,0.5,1.74184501503629,0.8,0,1,1.0,0.51
BUTLER ST,MAQUINNA DRIVE,ROSEMONT DRIVE,POOR,320.1,0.527,0.8,0,0.8,318.15142091046016,0.8,0,1,1.0,0.602
63RD AV,LAUREL ST,HEATHER ST,GOOD,670.8,0.261,0.3,0,0.3,91.39461106905043,0.5,0,1,1.0,0.399
BALMORAL ST,55TH AV,53RD AV,VERY POOR,1356.9,0.066,0.95,0,0.95,1.0015446361002205,0.8,0,1,1.0,0.559
4TH AV,VINE ST,YEW ST,POOR,1142.0,0.102,0.8,0,0.8,91.4972726768209,0.5,0,1,1.0,0.463
59TH AV,YUKON ST,COLUMBIA ST,VERY POOR,192.3,0.681,0.95,0,0.95,90.96749730244437,0.5,0,1,1.0,0.577
37TH AV,HUDSON ST,SELKIRK ST,NO DATA,154.7,0.734,0.5,1,0.4,93.10329613636463,0.5,0,1,1.0,0.488
29TH AV,QUEBEC ST,MAIN ST,GOOD,570.9,0.319,0.3,0,0.3,91.43956693310355,0.5,0,1,1.0,0.408
39TH AV,MANSON ST,ASH ST,GOOD,722.6,0.236,0.3,0,0.3,93.10981458362608,0.5,0,1,1.0,0.395
ALAMEIN AV,OLIVER CRESCENT,MACDONALD ST,FAIR,2511.2,0.007,0.5,0,0.5,90.50967863774105,0.5,0,1,1.0,0.396
2ND AV,SLOCAN ST,KASLO ST,FAIR,876.6,0.173,0.5,0,0.5,89.45912046353624,0.5,0,1,1.0,0.421
57TH AV,MAIN ST,PRINCE EDWARD ST,POOR,558.6,0.327,0.8,0,0.8,91.70130409762976,0.5,0,1,1.0,0.497
35TH AV,ROSS ST,SHERBROOKE ST,FAIR,1696.1,0.034,0.5,0,0.5,91.20097254861838,0.5,0,1,1.0,0.4
ASH ST,10TH AV,BROADWAY,NO DATA,34.1,0.934,0.5,1,0.4,1.4172147426052106,0.8,0,1,1.0,0.593
4TH AV,QUEBEC ST,MAIN ST,GOOD,273.0,0.579,0.3,0,0.3,91.67116142542159,0.5,0,1,1.0,0.447
14TH AV,QUEBEC ST,MAIN ST,GOOD,1208.3,0.089,0.3,0,0.3,91.63761979628782,0.5,0,1,1.0,0.373
BRUNSWICK ST,BROADWAY,8TH AV,POOR,774.2,0.213,0.8,0,0.8,1.7386044461169945,0.8,0,1,1.0,0.555
30TH AV,ONTARIO ST,JAMES ST,FAIR,366.0,0.481,0.5,0,0.5,91.59516330912595,0.5,0,1,1.0,0.467
21ST AV,YUKON ST,COLUMBIA ST,FAIR,810.0,0.198,0.5,0,0.5,91.73189517033848,0.5,0,1,1.0,0.425
30TH AV,WALDEN ST,SOPHIA ST,VERY POOR,601.6,0.3,0.95,0,0.95,91.60662436752852,0.5,0,1,1.0,0.52
7TH AV,PRINCE EDWARD ST,GUELPH ST,GOOD,737.3,0.229,0.3,0,0.3,102.75025284030164,0.5,0,1,1.0,0.394
10TH AV,PRINCE EDWARD ST,GUELPH ST,VERY GOOD,1007.8,0.133,0.1,0,0.1,90.7246353983773,0.5,0,1,1.0,0.344
51ST AV,BEECHWOOD ST,BEECHWOOD ST,NO DATA,619.6,0.29,0.5,1,0.4,91.15392363434916,0.5,0,1,1.0,0.421
CARTIER ST,49TH AV,48TH AV,FAIR,1158.6,0.099,0.5,0,0.5,1.2690641849789586,0.8,0,1,1.0,0.485
COMMERCIAL ST,49TH AV,47TH AV,POOR,1692.0,0.034,0.8,0,0.8,1.065762635581052,0.8,0,1,1.0,0.528
20TH AV,BLENHEIM ST,QUESNEL DRIVE,VERY POOR,2033.0,0.017,0.95,0,0.95,87.84886823618592,0.5,0,1,1.0,0.477
ALBERTA ST,43RD AV,42ND AV,POOR,712.2,0.241,0.8,0,0.8,350.2027663146785,0.8,0,1,1.0,0.559
44TH AV,SOPHIA ST,PRINCE EDWARD ST,GOOD,717.1,0.238,0.3,0,0.3,91.8014339203774,0.5,0,1,1.0,0.395
ARBUTUS ST,60TH AV,59TH AV,VERY POOR,545.6,0.336,0.95,0,0.95,1.4937181716765053,0.8,0,1,1.0,0.6
68TH AV,HEATHER ST,ASH ST,VERY POOR,360.6,0.486,0.95,0,0.95,91.23041797287954,0.5,0,1,1.0,0.548
CONNAUGHT DR,SELKIRK ST,OSLER ST,POOR,364.4,0.483,0.8,0,0.8,109.05632135030578,0.5,0,1,1.0,0.521
35TH AV,DUNBAR ST,COLLINGWOOD ST,NO DATA,1398.8,0.061,0.5,1,0.4,90.47392045838274,0.5,0,1,1.0,0.386
11TH AV,DISCOVERY ST,COURTENAY ST,NO DATA,915.2,0.16,0.5,1,0.4,91.47395955885969,0.5,0,1,1.0,0.401
27TH AV,SLOCAN ST,KASLO ST,VERY POOR,962.9,0.146,0.95,0,0.95,90.25722279783474,0.5,0,1,1.0,0.496
12TH AV,QUEBEC ST,WATSON ST,VERY POOR,1064.1,0.119,0.95,0,0.95,91.57108779765127,0.5,0,1,1.0,0.492
49TH AV,ELLIOTT ST,WALES ST,VERY POOR,1249.7,0.082,0.95,0,0.95,90.64955351327711,0.5,0,1,1.0,0.487
29TH AV,HEATHER ST,ASH ST,POOR,309.9,0.538,0.8,0,0.8,91.52514279414294,0.5,0,1,1.0,0.529
15TH AV,TOLMIE ST,SASAMAT ST,FAIR,1527.9,0.047,0.5,0,0.5,91.50902008495945,0.5,0,1,1.0,0.402
13TH AV,PRINCE ALBERT ST,ST. CATHERINES ST,POOR,1609.2,0.04,0.8,0,0.8,90.7722978509197,0.5,0,1,1.0,0.454
39TH AV,LANARK ST,DUMFRIES ST,FAIR,1737.1,0.031,0.5,0,0.5,91.00138203225924,0.5,0,1,1.0,0.399
6TH AV,CLARK DRIVE,MCLEAN DRIVE,FAIR,1221.2,0.087,0.5,0,0.5,110.51476918206731,0.5,0,1,1.0,0.408
CARRINGTON ST,DEERING ISLAND PLACE,CELTIC AV,VERY GOOD,0.0,1.0,0.1,0,0.1,17.965855137742835,0.8,0,1,1.0,0.55
2ND AV,GARDEN DRIVE,NANAIMO ST,POOR,779.7,0.21,0.8,0,0.8,90.73914247336609,0.5,0,1,1.0,0.479
16TH AV,BALSAM ST,VINE ST,POOR,1972.9,0.019,0.8,0,0.8,91.51228600228308,0.5,0,1,1.0,0.451
BEACH CRES,RICHARDS ST,HOMER ST,VERY GOOD,481.9,0.381,0.1,0,0.1,149.3909526493582,0.2,0,1,1.0,0.307
23RD AV,ONTARIO ST,QUEBEC ST,FAIR,813.0,0.197,0.5,0,0.5,88.0538587804703,0.5,0,1,1.0,0.424
15TH AV,BALACLAVA ST,CARNARVON ST,NO DATA,1880.7,0.023,0.5,1,0.4,91.49221773881857,0.5,0,1,1.0,0.381
BARNARD ST,75TH AV,SW MARINE DRIVE,GOOD,120.4,0.786,0.3,0,0.3,9.338952366851231,0.8,0,1,1.0,0.553
2ND AV,5TH AV,4TH AV,FAIR,258.9,0.596,0.5,0,0.5,53.25670736795951,0.5,0,1,1.0,0.485
ASH CRES,57TH AV,54TH AV,GOOD,516.4,0.356,0.3,0,0.3,20.87536449965461,0.8,0,1,1.0,0.488
51ST AV,TYNE ST,TODERICK ST,VERY GOOD,1100.8,0.111,0.1,0,0.1,106.35914512676982,0.5,0,1,1.0,0.341
28TH AV,MARGUERITE ST,ALEXANDRA ST,VERY POOR,716.9,0.238,0.95,0,0.95,91.4836129418436,0.5,0,1,1.0,0.51
4TH AV,LAKEWOOD DRIVE,TEMPLETON DRIVE,GOOD,656.6,0.269,0.3,0,0.3,94.19402971627636,0.5,0,1,1.0,0.4
BURRARD ST,CORDOVA ST,CANADA PLACE,VERY GOOD,196.9,0.674,0.1,0,0.1,44.79984879034674,0.8,0,1,1.0,0.501
ARBUTUS ST,22ND AV,21ST AV,VERY GOOD,1769.7,0.029,0.1,0,0.1,1.54109531106252,0.8,0,1,1.0,0.404
52ND AV,BROOKS ST,BUTLER ST,GOOD,1065.8,0.119,0.3,0,0.3,90.54576377603519,0.5,0,1,1.0,0.377
49TH AV,BLENHEIM ST,BALACLAVA ST,POOR,89.9,0.835,0.8,0,0.8,91.1061284993869,0.5,0,1,1.0,0.574
CASSIAR CONNECTOR SB,HASTINGS ST,FRANKLIN ST,POOR,511.9,0.359,0.8,0,0.8,353.52540611769444,0.8,0,1,1.0,0.577
69TH AV,WILTSHIRE ST,EAST END,POOR,416.5,0.435,0.8,0,0.8,91.43548196351827,0.5,0,1,1.0,0.513
CARNARVON ST,29TH AV,28TH AV,VERY GOOD,2087.7,0.015,0.1,0,0.1,0.4956148338825983,0.8,0,1,1.0,0.402
48TH AV,FREMLIN ST,WILLOW ST,GOOD,974.9,0.142,0.3,0,0.3,93.10592518818521,0.5,0,1,1.0,0.381
17TH AV,CLARK DRIVE,KNIGHT ST,VERY GOOD,914.2,0.161,0.1,0,0.1,91.38771931790058,0.5,0,1,1.0,0.348
30TH AV,ST. GEORGE ST,FRASER ST,FAIR,958.4,0.147,0.5,0,0.5,90.03046104127304,0.5,0,1,1.0,0.417
71ST AV,GRANVILLE ST,FRENCH ST,FAIR,436.3,0.418,0.5,0,0.5,91.3643549477631,0.5,0,1,1.0,0.458
CHARLES ST,GARDEN DRIVE,NANAIMO ST,FAIR,1261.2,0.08,0.5,0,0.5,90.77253179202597,0.5,0,1,1.0,0.407
34TH AV,WALLACE ST,HIGHBURY ST,NO DATA,1611.2,0.04,0.5,1,0.4,90.53027877446641,0.5,0,1,1.0,0.383
23RD AV,KAMLOOPS ST,PENTICTON ST,FAIR,721.3,0.236,0.5,0,0.5,89.72517954660327,0.5,0,1,1.0,0.43
2ND AV,LILLOOET ST,WINDERMERE ST,VERY POOR,527.6,0.348,0.95,0,0.95,90.36071600250341,0.5,0,1,1.0,0.527
57TH AV,BALACLAVA ST,CARNARVON ST,FAIR,44.8,0.914,0.5,0,0.5,91.15109577835187,0.5,0,1,1.0,0.533
ATHLETES WAY,MANITOBA ST,SALT ST,NO DATA,129.2,0.772,0.5,1,0.4,91.6776762484742,0.5,0,1,1.0,0.494
39TH AV,CARNARVON ST,MACKENZIE ST,VERY GOOD,1095.0,0.112,0.1,0,0.1,90.47005977585093,0.5,0,1,1.0,0.341
21ST AV,WINDSOR ST,GLEN DRIVE,POOR,1424.9,0.058,0.8,0,0.8,91.42502479797429,0.5,0,1,1.0,0.456
BALACLAVA ST,18TH AV,16TH AV,GOOD,1951.4,0.02,0.3,0,0.3,3.1752988894805867,0.8,0,1,1.0,0.438
ANGUS DR,57TH AV,54TH AV,VERY GOOD,999.3,0.136,0.1,0,0.1,1.5623558808819666,0.8,0,1,1.0,0.42
3RD AV,BALSAM ST,VINE ST,NO DATA,1237.4,0.084,0.5,1,0.4,91.53314331216848,0.5,0,1,1.0,0.39
32ND AV,SOPHIA ST,PRINCE EDWARD ST,GOOD,599.9,0.301,0.3,0,0.3,91.57326293176112,0.5,0,1,1.0,0.405
45TH AV,CAMBIE ST,ALBERTA ST,VERY GOOD,518.5,0.354,0.1,0,0.1,93.13899813045055,0.5,0,1,1.0,0.378
55TH AV,LANARK ST,FLEMING ST,FAIR,1188.8,0.093,0.5,0,0.5,90.49150179856883,0.5,0,1,1.0,0.409
32ND AV,FRASER ST,PRINCE ALBERT ST,VERY POOR,1151.1,0.1,0.95,0,0.95,90.76861715801351,0.5,0,1,1.0,0.489
12TH AV,ALBERTA ST,COLUMBIA ST,VERY POOR,605.4,0.298,0.95,0,0.95,88.78745646252133,0.5,0,1,1.0,0.519
62ND AV,FRENCH ST,CARTIER ST,GOOD,1221.9,0.087,0.3,0,0.3,91.37772619153736,0.5,0,1,1.0,0.373
3RD AV,LAKEWOOD DRIVE,TEMPLETON DRIVE,VERY GOOD,752.2,0.222,0.1,0,0.1,90.73348700384395,0.5,0,1,1.0,0.358
44TH AV,WALES ST,EARLES ST,VERY GOOD,801.3,0.201,0.1,0,0.1,87.78381664646457,0.5,0,1,1.0,0.355
64TH AV,GRANVILLE ST,FRENCH ST,VERY GOOD,997.5,0.136,0.1,0,0.1,91.44644086756392,0.5,0,1,1.0,0.345
34TH AV,CHAMBERS ST,KINGSWAY,VERY POOR,179.7,0.698,0.95,0,0.95,74.23588024747238,0.5,0,1,1.0,0.579
25TH AV,WINDERMERE ST,RUPERT ST,GOOD,510.7,0.36,0.3,0,0.3,89.96550784132,0.5,0,1,1.0,0.414
44TH AV,DUNBAR ST,COLLINGWOOD ST,NO DATA,494.8,0.372,0.5,1,0.4,90.57214107815486,0.5,0,1,1.0,0.433
11TH AV,CRANBERRY DRIVE,EAST END,NO DATA,1276.4,0.078,0.5,1,0.4,91.6535933040114,0.5,0,1,1.0,0.389
8TH AV,WOODLAND DRIVE,COMMERCIAL DRIVE,FAIR,791.8,0.205,0.5,0,0.5,98.40963427533814,0.5,0,1,1.0,0.426
48TH AV,RALEIGH ST,KILLARNEY ST,GOOD,1313.0,0.072,0.3,0,0.3,90.65174333108087,0.5,0,1,1.0,0.37
BROOKS ST,54TH AV,52ND AV,VERY POOR,832.2,0.189,0.95,0,0.95,1.7183683929628728,0.8,0,1,1.0,0.578
10TH AV,MANITOBA ST,ONTARIO ST,FAIR,814.7,0.196,0.5,0,0.5,91.63892364479568,0.5,0,1,1.0,0.424
BLANCA ST,BELMONT AV,NORTH END,GOOD,564.6,0.323,0.3,0,0.3,1.540375541773983,0.8,0,1,1.0,0.483
12TH AV,KITSILANO DIVERSION / STEPHENS ST,TRAFALGAR ST,GOOD,2092.3,0.015,0.3,0,0.3,98.80837275280737,0.5,0,1,1.0,0.362
8TH AV,MAPLE ST,CYPRESS ST,FAIR,891.6,0.168,0.5,0,0.5,91.5108499168723,0.5,0,1,1.0,0.42
55TH AV,WEST END,KERR ST,GOOD,715.3,0.239,0.3,0,0.3,91.77527990995236,0.5,0,1,1.0,0.396
22ND AV,BLENHEIM ST,BALACLAVA ST,NO DATA,2206.8,0.012,0.5,1,0.4,90.52061150121887,0.5,0,1,1.0,0.379
HOWE ST,CANADA PLACE,CORDOVA ST,NO DATA,393.5,0.455,0.5,1,0.4,216.50532038711668,0.2,0,1,1.0,0.371
LILLOOET ST,14TH AV,GRANDVIEW HWY,POOR,75.4,0.86,0.8,0,0.8,0.2221203995264318,0.8,0,1,1.0,0.652
FRANKLIN ST,VERNON DRIVE,CLARK DRIVE,FAIR,975.3,0.142,0.5,0,0.5,91.03366429939524,0.5,1,1,1.0,0.716
GEORGIA ST,GARDEN DRIVE,NANAIMO ST,FAIR,1110.9,0.108,0.5,0,0.5,90.50016456179753,0.5,0,1,1.0,0.411
EVANS AV,BEGG ST,GLEN DRIVE,VERY GOOD,404.2,0.446,0.1,0,0.1,104.50613278494166,0.5,0,1,1.0,0.391
MACDONALD ST,44TH AV,43RD AV,VERY POOR,844.3,0.185,0.95,0,0.95,0.6314452126092647,0.8,0,1,1.0,0.577
KASLO ST,HASTINGS ST,FRANKLIN ST,FAIR,335.8,0.511,0.5,0,0.5,0.1124981324059604,0.8,0,1,1.0,0.547
HARO ST,DENMAN ST,BIDWELL ST,POOR,314.9,0.533,0.8,0,0.8,134.80256171748965,0.5,0,1,1.0,0.528
FRASER ST,52ND AV,51ST AV,POOR,1141.0,0.102,0.8,0,0.8,0.9809268698401752,0.8,0,1,1.0,0.538
LIME ST,51ST AV,49TH AV,POOR,575.6,0.316,0.8,0,0.8,1.4704125756599637,0.8,0,1,1.0,0.57
MAPLE CRES,30TH AV,29TH AV,POOR,926.0,0.157,0.8,0,0.8,334.0910360975088,0.8,0,1,1.0,0.546
KASLO ST,24TH AV,23RD AV,GOOD,1055.9,0.121,0.3,0,0.3,0.049160062254600234,0.8,0,1,1.0,0.453
EXPO BLVD,CARRALL ST,ABBOTT ST,VERY POOR,89.9,0.836,0.95,0,0.95,301.60963289920966,0.5,0,1,1.0,0.6
FRANKLIN ST,KAMLOOPS ST,PENTICTON ST,FAIR,721.2,0.236,0.5,0,0.5,90.17248785644762,0.5,0,1,1.0,0.43
MAPLE ST,12TH AV,11TH AV,VERY GOOD,1243.0,0.083,0.1,0,0.1,1.5325409375320191,0.8,0,1,1.0,0.412
KASLO ST,GEORGIA ST,TURNER ST,GOOD,427.1,0.426,0.3,0,0.3,0.06302477862897149,0.8,0,1,1.0,0.499
HARWOOD ST,CARDERO ST,NICOLA ST,VERY POOR,661.7,0.266,0.95,0,0.95,134.78788453481275,0.5,0,1,1.0,0.514
EAST BLVD,LABURNUM ST,52ND AV,VERY POOR,831.8,0.189,0.95,0,0.95,338.9009035661199,0.8,0,1,1.0,0.578
INVERNESS ST,41ST AV,39TH AV,VERY GOOD,1947.9,0.02,0.1,0,0.1,1.1963540950584957,0.8,0,1,1.0,0.402
FRASER ST,58TH AV,57TH AV,VERY POOR,1196.4,0.091,0.95,0,0.95,1.1999790087512565,0.8,0,1,1.0,0.563
MAIN ST,64TH AV,63RD AV,VERY POOR,757.8,0.22,0.95,0,0.95,1.6396485958725293,0.8,0,1,1.0,0.582
EAST BLVD,63RD AV,62ND AV,VERY GOOD,721.8,0.236,0.1,0,0.1,341.99177125573016,0.8,0,1,1.0,0.435
EVANS AV,THORNTON ST,CAROLINA ST,GOOD,375.5,0.472,0.3,0,0.3,104.52614075871702,0.5,0,1,1.0,0.431
FRASER ST,54TH AV,53RD AV,FAIR,1192.7,0.092,0.5,0,0.5,0.8977075672622163,0.8,0,1,1.0,0.484
INVERNESS ST,59TH AV,57TH AV,VERY POOR,888.6,0.169,0.95,0,0.95,0.552097684074738,0.8,0,1,1.0,0.575
DAVIE ST,THURLOW ST,BURRARD ST,VERY GOOD,191.5,0.682,0.1,0,0.1,134.77433896135324,0.5,0,1,1.0,0.427
DUNBAR ST,7TH AV,6TH AV,GOOD,782.4,0.209,0.3,0,0.3,1.503179742994348,0.8,0,1,1.0,0.466
KING EDWARD AV,KNIGHT ST,LANARK ST,POOR,1115.6,0.107,0.8,0,0.8,91.25346079711619,0.5,0,1,1.0,0.464
MARINE CRES 1,MARINE CRESCENT,49TH AV,VERY POOR,276.8,0.575,0.95,0,0.95,1.678919665464889,0.8,0,1,1.0,0.636
DUNBAR ST,27TH AV,26TH AV,GOOD,2268.9,0.011,0.3,0,0.3,0.452477338856454,0.8,0,1,1.0,0.436
MAPLE ST,36TH AV,29TH AV,VERY POOR,1078.2,0.116,0.95,0,0.95,1.4952433059472128,0.8,0,1,1.0,0.567
GRAVELEY ST,KAMLOOPS ST,PENTICTON ST,VERY POOR,980.7,0.141,0.95,0,0.95,90.09749330080638,0.5,0,1,1.0,0.495
GRANVILLE ST,HELMCKEN ST,NELSON ST,VERY GOOD,270.7,0.582,0.1,0,0.1,44.76548192484944,0.8,0,1,1.0,0.487
HUDSON ST,LAURIER AV,BALFOUR AV,FAIR,1076.3,0.116,0.5,0,0.5,355.81423642823273,0.8,0,1,1.0,0.487
CROWN ST,22ND AV,21ST AV,VERY GOOD,1825.7,0.026,0.1,0,0.1,0.5093669448426681,0.8,0,1,1.0,0.403
GEORGIA ST,NANAIMO ST,KAMLOOPS ST,VERY GOOD,975.6,0.142,0.1,0,0.1,90.1728429444255,0.5,0,1,1.0,0.346
EUCLID AV,KILLARNEY ST,MANOR ST,FAIR,652.0,0.271,0.5,0,0.5,121.92614099199574,0.5,0,1,1.0,0.436
KING EDWARD AV,GRANVILLE ST,CARTIER ST,FAIR,914.8,0.16,0.5,0,0.5,91.46561612613675,0.5,0,1,1.0,0.419
JAMES ST,33RD AV,NORTH END,VERY GOOD,178.6,0.7,0.1,0,0.1,1.7499590662329751,0.8,0,1,1.0,0.505
MACDONALD ST,47TH AV,45TH AV,VERY GOOD,559.3,0.327,0.1,0,0.1,0.5585938516975943,0.8,0,1,1.0,0.448
FRASER ST,60TH AV,59TH AV,VERY POOR,1007.1,0.133,0.95,0,0.95,1.1523965859162786,0.8,0,1,1.0,0.569
GRANT ST,NANAIMO ST,KAMLOOPS ST,VERY GOOD,1082.9,0.115,0.1,0,0.1,90.0273932557634,0.5,0,1,1.0,0.342
HARRISON DR,64TH AV,VICTORIA DRIVE,VERY GOOD,385.0,0.463,0.1,0,0.1,122.97166354517219,0.5,0,1,1.0,0.394
EARL FINNING WAY,FRASER ST,FOLEY ST,VERY GOOD,869.9,0.176,0.1,0,0.1,102.58427955751034,0.5,1,1,1.0,0.651
GARDEN DR,GRANT ST,KITCHENER ST,GOOD,1080.8,0.115,0.3,0,0.3,1.1248513579641894,0.8,0,1,1.0,0.452
KAMLOOPS ST,28TH AV,27TH AV,FAIR,907.5,0.163,0.5,0,0.5,0.11496482263976304,0.8,0,1,1.0,0.494
HIGHBURY ST,20TH AV,19TH AV,POOR,1671.1,0.035,0.8,0,0.8,0.4571138587099881,0.8,0,1,1.0,0.528
KAMLOOPS ST,29TH AV,28TH AV,GOOD,819.9,0.194,0.3,0,0.3,0.2669874276220412,0.8,0,1,1.0,0.464
KITCHENER ST,MCLEAN DRIVE,WOODLAND DRIVE,VERY POOR,1018.9,0.13,0.95,0,0.95,92.21841061380832,0.5,0,1,1.0,0.494
DOMAN ST,47TH AV,46TH AV,GOOD,1447.0,0.055,0.3,0,0.3,1.8005851133356146,0.8,0,1,1.0,0.443
FREMLIN ST,67TH AV,64TH AV,GOOD,858.4,0.18,0.3,0,0.3,1.3012945196931014,0.8,0,1,1.0,0.462
KASLO ST,15TH AV,14TH AV,VERY GOOD,463.2,0.396,0.1,0,0.1,0.2438750503675351,0.8,0,1,1.0,0.459
HEMLOCK ST,14TH AV,13TH AV,VERY GOOD,571.9,0.319,0.1,0,0.1,1.509995165564817,0.8,0,1,1.0,0.447
MAPLE ST,60TH AV,59TH AV,GOOD,645.6,0.275,0.3,0,0.3,1.4353452570688887,0.8,0,1,1.0,0.476
HUDSON ST,73RD AV,72ND AV,VERY GOOD,415.9,0.435,0.1,0,0.1,1.4125941672894555,0.8,0,1,1.0,0.465
KASLO ST,20TH AV,19TH AV,VERY POOR,724.3,0.235,0.95,0,0.95,0.4620040323840158,0.8,0,1,1.0,0.585
KENT AV S,WEST END,JELLICOE ST,VERY GOOD,44.7,0.914,0.1,0,0.1,81.5135310622095,0.5,0,1,1.0,0.462
MACKENZIE ST,35TH AV,34TH AV,VERY POOR,1562.4,0.044,0.95,0,0.95,0.4595752466432259,0.8,0,1,1.0,0.556
KING EDWARD AV,SELKIRK ST,OSLER ST,FAIR,950.0,0.15,0.5,0,0.5,91.4876095345627,0.5,0,1,1.0,0.417
KENT AV N,MANITOBA ST,ONTARIO ST,VERY POOR,169.5,0.713,0.95,0,0.95,90.74806205414882,0.5,0,1,1.0,0.582
CROWN ST,KING EDWARD AV,24TH AV,GOOD,2126.7,0.014,0.3,0,0.3,0.2751771903445501,0.8,0,1,1.0,0.437
MAIN ST,12TH AV,11TH AV,POOR,967.6,0.144,0.8,0,0.8,1.677656311172143,0.8,0,1,1.0,0.545
LILLOOET ST,22ND AV,21ST AV,GOOD,765.4,0.216,0.3,0,0.3,0.40517403564427923,0.8,0,1,1.0,0.467
HEATHER ST,8TH AV,7TH AV,FAIR,158.3,0.729,0.5,0,0.5,1.4711884443963754,0.8,0,1,1.0,0.58
DUNBAR ST,35TH AV,34TH AV,GOOD,1443.3,0.056,0.3,0,0.3,0.4899390525383751,0.8,0,1,1.0,0.443
HIGHBURY ST,7TH AV,6TH AV,POOR,540.8,0.339,0.8,0,0.8,1.6294369744780397,0.8,0,1,1.0,0.574
FRASER ST,18TH AV,17TH AV,GOOD,1811.4,0.027,0.3,0,0.3,1.482947765192364,0.8,0,1,1.0,0.439
HUDSON ST,54TH AV,53RD AV,FAIR,1709.4,0.033,0.5,0,0.5,1.369433151050373,0.8,0,1,1.0,0.475
LANARK ST,53RD AV,51ST AV,VERY POOR,1435.2,0.057,0.95,0,0.95,1.5681744050856992,0.8,0,1,1.0,0.558
GLADSTONE ST,41ST AV,40TH AV,GOOD,924.3,0.157,0.3,0,0.3,0.3921004429467416,0.8,0,1,1.0,0.458
GARDEN DR,GEORGIA ST,TURNER ST,VERY GOOD,1177.5,0.095,0.1,0,0.1,0.24299765969198006,0.8,0,1,1.0,0.414
FALAISE PL,NORTHWEST END,FALAISE AV,VERY POOR,545.4,0.336,0.95,0,0.95,135.11317604983788,0.2,0,1,1.0,0.45
KERR ST,RUPERT ST,46TH AV,GOOD,1237.0,0.084,0.3,0,0.3,10.085356600089085,0.8,0,1,1.0,0.447
DEERING ISLAND PL,CARRINGTON ST,EAST END,VERY GOOD,21.1,0.959,0.1,0,0.1,115.89042943797227,0.5,0,1,1.0,0.469
KING EDWARD AV,WINDSOR ST,GLEN DRIVE,GOOD,1564.4,0.044,0.3,0,0.3,91.06267804587412,0.5,0,1,1.0,0.366
DUNDAS ST,SEMLIN DRIVE / WALL ST,LAKEWOOD DRIVE,GOOD,1469.1,0.053,0.3,0,0.3,90.50449502240173,0.5,0,1,1.0,0.368
ELLIOTT ST,BOBOLINK AV,HOYLAKE AV,FAIR,450.2,0.406,0.5,0,0.5,19.98948034443282,0.8,0,1,1.0,0.531
GLEN DR,KING EDWARD AV,24TH AV,FAIR,1541.4,0.046,0.5,0,0.5,358.83934755618,0.8,0,1,1.0,0.477
DUNBAR ST,11TH AV,10TH AV,VERY GOOD,1015.6,0.131,0.1,0,0.1,1.4755435641043277,0.8,0,1,1.0,0.419
KENT AV N,FRASER ST,CHESTER ST,POOR,192.6,0.68,0.8,0,0.8,82.7283162016239,0.5,0,1,1.0,0.55
MAPLE ST,5TH AV,4TH AV,GOOD,812.5,0.197,0.3,0,0.3,1.5664028183423397,0.8,0,1,1.0,0.464
MACKENZIE ST,29TH AV,28TH AV,POOR,2145.8,0.014,0.8,0,0.8,0.38235580676797554,0.8,0,1,1.0,0.525
FRASER ST,37TH AV,35TH AV,GOOD,1117.0,0.107,0.3,0,0.3,1.3797035978423082,0.8,0,1,1.0,0.451
EAST BLVD,64TH AV,63RD AV,VERY GOOD,682.2,0.256,0.1,0,0.1,341.8631729745051,0.8,0,1,1.0,0.438
GRANT ST,LAKEWOOD DRIVE,TEMPLETON DRIVE,FAIR,1115.0,0.108,0.5,0,0.5,90.6298158170053,0.5,0,1,1.0,0.411
KING EDWARD AV,VALLEY DRIVE,YEW ST,VERY GOOD,1806.7,0.027,0.1,0,0.1,59.36805221302342,0.5,0,1,1.0,0.328
JACKSON AV,ALEXANDER ST,RAILWAY ST,POOR,836.6,0.188,0.8,0,0.8,1.6731358000100727,0.8,0,1,1.0,0.551
HELMCKEN ST,SEYMOUR ST,RICHARDS ST,VERY POOR,387.5,0.461,0.95,0,0.95,134.74325964572785,0.5,0,1,1.0,0.544
MAIN ST,51ST AV,50TH AV,VERY POOR,342.9,0.504,0.95,0,0.95,1.4163178061343729,0.8,0,1,1.0,0.625
DUNLEVY AV,HASTINGS ST,CORDOVA ST,GOOD,565.0,0.323,0.3,0,0.3,1.662474908389811,0.8,0,1,1.0,0.483
FLEMING ST,39TH AV,37TH AV,POOR,1606.2,0.04,0.8,0,0.8,1.1991110220306496,0.8,0,1,1.0,0.529
DUNBAR ST,19TH AV,18TH AV,VERY GOOD,1637.2,0.038,0.1,0,0.1,0.2596079970876417,0.8,0,1,1.0,0.405
KING EDWARD AV,CAMBIE ST,YUKON ST,FAIR,465.6,0.394,0.5,0,0.5,91.61991929458515,0.5,0,1,1.0,0.454
DUMFRIES ST,33RD AV,32ND AV,POOR,1643.7,0.037,0.8,0,0.8,1.101417785435899,0.8,0,1,1.0,0.528
GASTON ST,CROWLEY DRIVE,VANNESS AV,GOOD,764.0,0.217,0.3,0,0.3,32.72849286692065,0.8,0,1,1.0,0.467
GLADSTONE ST,43RD AV,42ND AV,VERY GOOD,1029.4,0.128,0.1,0,0.1,358.08919259356617,0.8,0,1,1.0,0.418
KASLO ST,TURNER ST,PENDER ST,POOR,363.4,0.483,0.8,0,0.8,0.0633892144096535,0.8,0,1,1.0,0.596
CORDOVA ST,CORDOVA DIVERSION,CAMPBELL AV,GOOD,728.8,0.233,0.3,0,0.3,108.44512870182137,0.5,0,1,1.0,0.395
LORD ST,SW MARINE DRIVE,65TH AV,VERY GOOD,219.0,0.645,0.1,0,0.1,352.692486978074,0.8,0,1,1.0,0.497
GLADSTONE ST,39TH AV,38TH AV,VERY GOOD,848.1,0.183,0.1,0,0.1,0.448038602372435,0.8,0,1,1.0,0.427
HUDSON ST,45TH AV,43RD AV,NO DATA,671.6,0.261,0.5,1,0.4,1.383536167743216,0.8,0,1,1.0,0.492
GEORGE ST,PARKER ST,VENABLES ST,VERY GOOD,554.7,0.33,0.1,0,0.1,0.7681845517434454,0.8,0,1,1.0,0.449
EUCLID AV,MCKINNON ST,CECIL ST,FAIR,899.8,0.165,0.5,0,0.5,121.59621406011479,0.5,0,1,1.0,0.42
CROWN ST,19TH AV,18TH AV,GOOD,1523.7,0.047,0.3,0,0.3,0.3954601940120597,0.8,0,1,1.0,0.442
FRASER ST,51ST AV,50TH AV,POOR,1127.4,0.105,0.8,0,0.8,0.9719751613040444,0.8,0,1,1.0,0.539
GEORGIA ST,KAMLOOPS ST,PENTICTON ST,VERY POOR,800.8,0.202,0.95,0,0.95,90.19702594863179,0.5,0,1,1.0,0.505
HIGHBURY ST,22ND AV,21ST AV,NO DATA,1867.3,0.024,0.5,1,0.4,0.47699017736965743,0.8,0,1,1.0,0.456
LARCH ST,18TH AV,16TH AV,GOOD,2211.3,0.012,0.3,0,0.3,1.5797001269885413,0.8,0,1,1.0,0.436
HUDSON ST,53RD AV,52ND AV,FAIR,1585.3,0.042,0.5,0,0.5,1.338152570321995,0.8,0,1,1.0,0.476
HEATHER ST,23RD AV,22ND AV,POOR,795.6,0.204,0.8,0,0.8,1.4520159571119393,0.8,0,1,1.0,0.553
FIR ST,14TH AV,13TH AV,VERY GOOD,810.7,0.198,0.1,0,0.1,1.4829552388755474,0.8,0,1,1.0,0.429
HEATHER ST,MCGUIGAN AV,33RD AV,VERY POOR,440.9,0.414,0.95,0,0.95,1.2740714269079945,0.8,0,1,1.0,0.612
CYPRESS ST,54TH AV,52ND AV,VERY POOR,952.2,0.149,0.95,0,0.95,1.5624588269998299,0.8,0,1,1.0,0.572
KAMLOOPS ST,23RD AV,22ND AV,GOOD,650.4,0.272,0.3,0,0.3,0.24890595777799263,0.8,0,1,1.0,0.476
KEEFER ST,COLUMBIA ST / QUEBEC ST,MAIN ST,FAIR,57.8,0.891,0.5,0,0.5,82.8160049007588,0.5,0,1,1.0,0.529
FOUNTAIN WAY CRT,LAMEYS MILL ROAD,NORTHEAST END,NO DATA,176.3,0.703,0.5,1,0.4,23.043846400783252,0.8,0,1,1.0,0.558
HAZELTON ST,CHARLES ST,PARKER ST,POOR,528.6,0.347,0.8,0,0.8,0.53344341147573,0.8,0,1,1.0,0.575
DUMFRIES ST,43RD AV,41ST AV,POOR,1798.3,0.027,0.8,0,0.8,1.184471726182494,0.8,0,1,1.0,0.527
JAMES ST,29TH AV,28TH AV,VERY POOR,524.5,0.35,0.95,0,0.95,1.772986385101774,0.8,0,1,1.0,0.602
MACDONALD ST,35TH AV,34TH AV,GOOD,1641.3,0.038,0.3,0,0.3,1.0310566994562578,0.8,0,1,1.0,0.44
LA SALLE ST,HURST AV,BERING AV,GOOD,979.7,0.141,0.3,0,0.3,0.3577884394218813,0.8,0,1,1.0,0.456
HAROLD ST,SCHOOL AV,KINGSWAY,GOOD,1203.8,0.09,0.3,0,0.3,31.499175239084252,0.8,0,1,1.0,0.448
JACKSON AV,KEEFER ST,PENDER ST,POOR,522.6,0.352,0.8,0,0.8,1.6995259197821042,0.8,0,1,1.0,0.576
DAVIE ST,SEYMOUR ST,RICHARDS ST,POOR,437.1,0.417,0.8,0,0.8,134.8140042258526,0.5,0,1,1.0,0.511
LARCH ST,41ST AV,39TH AV,VERY POOR,1206.1,0.09,0.95,0,0.95,1.4701380935911743,0.8,0,1,1.0,0.563
COTTON DR,SOUTH END,VENABLES ST,VERY GOOD,1178.3,0.095,0.1,0,0.1,0.9006078168029603,0.8,0,1,1.0,0.414
LILLOOET ST,15TH AV,14TH AV,GOOD,163.7,0.721,0.3,0,0.3,0.26190471389429604,0.8,0,1,1.0,0.543
LABURNUM ST,50TH AV,49TH AV,GOOD,1075.2,0.116,0.3,0,0.3,1.001037651471222,0.8,0,1,1.0,0.452
GEORGIA ST,RENFREW ST,NOOTKA ST,GOOD,349.5,0.497,0.3,0,0.3,90.13640026639388,0.5,0,1,1.0,0.434
EUCLID AV,TODD ST,EARLES ST,FAIR,537.6,0.341,0.5,0,0.5,121.63438188569296,0.5,0,1,1.0,0.446
FRANKLIN ST,GLEN DRIVE,VERNON DRIVE,POOR,886.7,0.17,0.8,0,0.8,90.9296284792631,0.5,0,1,1.0,0.473
DOMAN ST,53RD AV,52ND AV,VERY POOR,976.6,0.142,0.95,0,0.95,1.675913586356387,0.8,0,1,1.0,0.571
HEATLEY AV,UNION ST,GEORGIA ST,POOR,200.9,0.669,0.8,0,0.8,1.6139559792630962,0.8,0,1,1.0,0.624
MARINASIDE CRES,SOUTHWEST END,DAVIE ST,VERY GOOD,216.7,0.648,0.1,0,0.1,44.71597623990277,0.8,0,1,1.0,0.497
GRANVILLE ST 2,4TH AV,3RD AV / ANDERSON ST,FAIR,129.1,0.772,0.5,0,0.5,341.70763540979686,0.8,1,1,1.0,0.886
MAPLE ST,8TH AV,7TH AV,GOOD,955.0,0.148,0.3,0,0.3,1.5346449952817807,0.8,0,1,1.0,0.457
DEVONSHIRE CRES,GRANVILLE ST,CARTIER ST,POOR,590.7,0.307,0.8,0,0.8,91.68255004533529,0.5,0,1,1.0,0.494
MACDONALD ST,34TH AV,33RD AV,GOOD,1732.6,0.031,0.3,0,0.3,2.9614160111726164,0.8,0,1,1.0,0.439
MAIN ST,60TH AV,59TH AV,POOR,571.7,0.319,0.8,0,0.8,1.683741717589328,0.8,0,1,1.0,0.571
HURST AV,FRONTENAC ST / HURST PLACE,RADISSON ST,FAIR,958.2,0.147,0.5,0,0.5,89.94514035011417,0.5,0,1,1.0,0.417
MANITOBA ST,61ST AV,60TH AV,VERY GOOD,219.1,0.645,0.1,0,0.1,1.364367605432335,0.8,0,1,1.0,0.497
HEATHER ST,16TH AV,15TH AV,GOOD,283.4,0.567,0.3,0,0.3,0.693603191072441,0.8,0,1,1.0,0.52
FRONTENAC ST,HURST AV / HURST PLACE,BERING AV,FAIR,957.7,0.147,0.5,0,0.5,344.4248991135752,0.8,0,1,1.0,0.492
HORLEY ST,EARLES ST,MOSS ST,FAIR,363.8,0.483,0.5,0,0.5,121.67430792413427,0.5,0,1,1.0,0.468
GARDEN DR,MCGILL ST,TRINITY ST,NO DATA,1291.4,0.076,0.5,1,0.4,0.8707019865198049,0.8,0,1,1.0,0.464
DAVIE ST,BIDWELL ST,CARDERO ST,FAIR,700.6,0.246,0.5,0,0.5,134.81466634095204,0.5,0,1,1.0,0.432
KASLO ST,GRANT ST,KITCHENER ST,GOOD,1076.0,0.116,0.3,0,0.3,0.6148947485071403,0.8,0,1,1.0,0.452
KILLARNEY ST,44TH AV,43RD AV,VERY GOOD,793.7,0.204,0.1,0,0.1,0.25617156574776345,0.8,0,1,1.0,0.43
DOMAN ST,48TH AV,COLERIDGE AV,VERY GOOD,1430.9,0.057,0.1,0,0.1,1.7787351749639129,0.8,0,1,1.0,0.408
KASLO ST,23RD AV,22ND AV,GOOD,963.6,0.146,0.3,0,0.3,359.5437630441023,0.8,0,1,1.0,0.456
CULLODEN ST,43RD AV,41ST AV,FAIR,2086.1,0.015,0.5,0,0.5,1.4430217517842152,0.8,0,1,1.0,0.472
DUNBAR ST,21ST AV,20TH AV,GOOD,1826.2,0.026,0.3,0,0.3,0.5152108872250096,0.8,0,1,1.0,0.438
KOOTENAY ST,DUNDAS ST,OXFORD ST,GOOD,815.7,0.196,0.3,0,0.3,0.16201662936794037,0.8,0,1,1.0,0.464
MARGUERITE ST,52ND AV,51ST AV,NO DATA,1348.5,0.067,0.5,1,0.4,1.5490590486153906,0.8,0,1,1.0,0.462
LARCH ST,15TH AV,14TH AV,GOOD,2076.6,0.016,0.3,0,0.3,1.5039069902109077,0.8,0,1,1.0,0.437
KOOTENAY ST,SOUTH END,NAPIER ST,GOOD,75.3,0.86,0.3,0,0.3,0.38087300968686577,0.8,0,1,1.0,0.564
MAIN ST,22ND AV,21ST AV,VERY POOR,1113.7,0.108,0.95,0,0.95,1.2806688540071605,0.8,0,1,1.0,0.565
HERMON DR,CASSIAR ST,5TH AV,GOOD,244.2,0.614,0.3,0,0.3,16.32662989937569,0.8,0,1,1.0,0.527
CYPRESS ST,11TH AV,10TH AV,VERY GOOD,1058.7,0.12,0.1,0,0.1,1.5110369190986148,0.8,0,1,1.0,0.417
KINGSWAY TO E 15TH AV,KINGSWAY,15TH AV,VERY POOR,1505.1,0.049,0.95,0,0.95,149.5142379821504,0.2,0,1,1.0,0.407
CORDOVA ST,THURLOW ST,BURRARD ST,NO DATA,133.2,0.766,0.5,1,0.4,110.73105861243613,0.5,0,1,1.0,0.493
HAIG ST,67TH AV,64TH AV,VERY GOOD,926.6,0.157,0.1,0,0.1,1.7302293161068292,0.8,0,1,1.0,0.423
DUNBAR ST,24TH AV,23RD AV,GOOD,2113.1,0.015,0.3,0,0.3,0.542387489126213,0.8,0,1,1.0,0.437
EUCLID AV,MELBOURNE ST,ABERDEEN ST,GOOD,1041.4,0.125,0.3,0,0.3,95.70724608413082,0.5,0,1,1.0,0.378
HEATHER ST,70TH AV,69TH AV,VERY GOOD,623.2,0.288,0.1,0,0.1,1.3978478004606245,0.8,0,1,1.0,0.443
DAVIE ST,BURRARD ST,HORNBY ST,GOOD,294.4,0.555,0.3,0,0.3,134.77447173928056,0.5,0,1,1.0,0.443
GARDEN DR,12TH AV,11TH AV,GOOD,229.9,0.631,0.3,0,0.3,0.7069165656122323,0.8,0,1,1.0,0.53
LAURIER AV,OSLER ST,23RD AV / OAK ST,VERY POOR,1062.9,0.119,0.95,0,0.95,85.14997024834781,0.5,0,1,1.0,0.492
LANARK ST,51ST AV,49TH AV,VERY POOR,1613.1,0.04,0.95,0,0.95,1.4588097915854519,0.8,0,1,1.0,0.555
DIEPPE PL,DIEPPE DRIVE,DIEPPE DRIVE,VERY POOR,513.1,0.358,0.95,0,0.95,316.610082837465,0.8,0,1,1.0,0.603
FREMLIN ST,48TH AV,47TH AV,GOOD,1190.3,0.092,0.3,0,0.3,0.024465215969314613,0.8,0,1,1.0,0.448
MACDONALD ST,12TH AV,11TH AV / KITSILANO DIVERSION,VERY GOOD,2016.4,0.018,0.1,0,0.1,2.512988103925295,0.8,0,1,1.0,0.402
MACKENZIE ST,24TH AV,23RD AV,GOOD,2638.2,0.005,0.3,0,0.3,0.5344030813183736,0.8,0,1,1.0,0.435
LAUREL ST,BROADWAY,8TH AV,VERY POOR,258.5,0.596,0.95,0,0.95,1.4718717757401691,0.8,0,1,1.0,0.639
HEATHER ST,63RD AV,62ND AV,POOR,670.5,0.262,0.8,0,0.8,1.4006219480855293,0.8,0,1,1.0,0.562
LANARK ST,32ND AV,31ST AV,VERY GOOD,1563.7,0.044,0.1,0,0.1,1.2215525171224613,0.8,0,1,1.0,0.406
EDDINGTON DR,HAGGART ST,BRAKENRIDGE ST,VERY GOOD,1752.8,0.03,0.1,0,0.1,64.50428948532345,0.5,0,1,1.0,0.329
KING EDWARD AV,ANGUS DRIVE,MARGUERITE ST,GOOD,1115.1,0.108,0.3,0,0.3,91.48489424617946,0.5,0,1,1.0,0.376
MACDONALD ST,31ST AV,30TH AV,NO DATA,2015.0,0.018,0.5,1,0.4,359.56477281884565,0.8,0,1,1.0,0.455
LABURNUM ST,60TH AV,57TH AV,VERY POOR,706.6,0.243,0.95,0,0.95,1.4216606309751114,0.8,0,1,1.0,0.586
LARCH ST,BROADWAY,8TH AV,POOR,1755.3,0.03,0.8,0,0.8,1.4778394654476301,0.8,0,1,1.0,0.527
GLEN DR,6TH AV / GREAT NORTHERN WAY,5TH AV,POOR,1136.1,0.103,0.8,0,0.8,0.23668251239956817,0.8,0,1,1.0,0.538
CORDOVA ST,BURRARD ST,HOWE ST,NO DATA,205.1,0.664,0.5,1,0.4,123.60072118527341,0.5,0,1,1.0,0.477
KIRKLAND ST,47TH AV,46TH AV,VERY GOOD,1632.1,0.038,0.1,0,0.1,0.2420529679816923,0.8,0,1,1.0,0.405
HIGHBURY ST,39TH AV,38TH AV,POOR,1114.2,0.108,0.8,0,0.8,0.4482814476033923,0.8,0,1,1.0,0.539
HIGHBURY ST,34TH AV,33RD AV,VERY POOR,1611.5,0.04,0.95,0,0.95,0.5373721801120723,0.8,0,1,1.0,0.555
INDUSTRIAL AV,MAIN ST,STATION ST,NO DATA,107.0,0.807,0.5,1,0.4,109.62562114561547,0.5,0,1,1.0,0.499
HAMILTON ST,DUNSMUIR ST,PENDER ST,VERY POOR,125.4,0.778,0.95,0,0.95,44.49800549105419,0.8,0,1,1.0,0.667
IVANHOE ST,KERR ST,MCKINNON ST,GOOD,819.2,0.194,0.3,0,0.3,121.02559484018667,0.5,0,1,1.0,0.389
KERR ST,54TH AV,53RD AV,FAIR,848.4,0.183,0.5,0,0.5,2.036806414483067,0.8,0,1,1.0,0.497
COURTENAY ST,13TH AV,12TH AV,VERY POOR,1013.0,0.132,0.95,0,0.95,1.4896817748375497,0.8,0,1,1.0,0.569
KENT AV S,BORDEN ST,ARGYLE ST,VERY POOR,58.3,0.89,0.95,0,0.95,107.93371648730033,0.5,0,1,1.0,0.608
LAKEWOOD DR,FERNDALE ST,HASTINGS ST,GOOD,1427.0,0.058,0.3,0,0.3,359.4467668153969,0.8,0,1,1.0,0.443
FREMLIN ST,45TH AV,44TH AV,VERY GOOD,890.8,0.168,0.1,0,0.1,1.3761262936831145,0.8,0,1,1.0,0.425
HUMM ST,BRIGADOON AV,UPLAND DRIVE,GOOD,1089.0,0.113,0.3,0,0.3,2.0401386496898226,0.8,0,1,1.0,0.452
LAUREL ST,17TH AV,16TH AV,VERY POOR,331.4,0.515,0.95,0,0.95,1.545857414074817,0.8,0,1,1.0,0.627
LARCH ST,2ND AV,1ST AV,VERY GOOD,1395.1,0.061,0.1,0,0.1,1.5274779071456237,0.8,0,1,1.0,0.408
MAIN ST,14TH AV,13TH AV,VERY POOR,1168.8,0.097,0.95,0,0.95,1.6805068775495897,0.8,0,1,1.0,0.564
KERR ST,56TH AV,55TH AV,VERY GOOD,648.9,0.273,0.1,0,0.1,1.7739281331914754,0.8,0,1,1.0,0.44
MARGUERITE ST,LAURIER AV,MATTHEWS AV,POOR,1234.0,0.085,0.8,0,0.8,22.555587359943274,0.8,0,1,1.0,0.536
GLEN DR,13TH AV,12TH AV,GOOD,1329.6,0.07,0.3,0,0.3,0.8221942990949742,0.8,0,1,1.0,0.445
MACDONALD ST,2ND AV,POINT GREY ROAD,VERY GOOD,1774.9,0.029,0.1,0,0.1,1.4108430723500192,0.8,0,1,1.0,0.404
DUNBAR ST,23RD AV,22ND AV,GOOD,2017.3,0.018,0.3,0,0.3,0.5132634215169674,0.8,0,1,1.0,0.437
FRASER ST,7TH AV,6TH AV,VERY GOOD,1064.2,0.119,0.1,0,0.1,0.6544497439369934,0.8,0,1,1.0,0.417
GUELPH ST,KINGSWAY,12TH AV,VERY GOOD,1224.9,0.086,0.1,0,0.1,0.6858216517029518,0.8,0,1,1.0,0.412
MARPOLE AV,ANGUS DRIVE WB,PINE CRESCENT,POOR,1192.0,0.092,0.8,0,0.8,33.398296413817434,0.8,0,1,1.0,0.537
MAIN ST,KENT AV NORTH,69TH AV,VERY POOR,250.1,0.606,0.95,0,0.95,2.3714875373381687,0.8,0,1,1.0,0.641
DUNDAS ST,PENTICTON ST,SLOCAN ST,VERY POOR,638.6,0.279,0.95,0,0.95,90.13352006314693,0.5,0,1,1.0,0.516
FERNDALE ST,GARDEN DRIVE,NANAIMO ST,POOR,1072.4,0.117,0.8,0,0.8,90.51012352528653,0.5,0,1,1.0,0.465
FRASER ST,29TH AV,28TH AV,VERY GOOD,1266.0,0.079,0.1,0,0.1,1.3290735130403846,0.8,0,1,1.0,0.411
GLADSTONE ST,44TH AV,43RD AV,VERY GOOD,1085.5,0.114,0.1,0,0.1,1.0119600307330074,0.8,0,1,1.0,0.416
MAPLE ST,28TH AV,NANTON AV,GOOD,1300.2,0.074,0.3,0,0.3,1.5268303396450165,0.8,0,1,1.0,0.446
GRANVILLE ST,PENDER ST,HASTINGS ST,NO DATA,516.5,0.356,0.5,1,0.4,44.786957502491134,0.8,0,1,1.0,0.506
LAUREL ST,52ND AV,49TH AV,FAIR,1016.0,0.131,0.5,0,0.5,1.3355356160429892,0.8,0,1,1.0,0.49
KERR ST,IVANHOE ST,KINGSWAY,GOOD,819.3,0.194,0.3,0,0.3,29.835454177237636,0.8,0,1,1.0,0.464
KINROSS ST,UNNAMED ST,KENT AV SOUTH,VERY GOOD,93.4,0.83,0.1,0,0.1,0.8910990980334077,0.8,0,1,1.0,0.524
GORE AV,HASTINGS ST,CORDOVA ST,GOOD,424.6,0.428,0.3,0,0.3,354.8483273504313,0.8,0,1,1.0,0.499
CROWN ST,28TH AV,27TH AV,POOR,2351.7,0.009,0.8,0,0.8,359.7557254912823,0.8,0,1,1.0,0.524
JOYCE ST,WELLINGTON AV,MONMOUTH AV,GOOD,365.3,0.482,0.3,0,0.3,32.30413420856081,0.8,0,1,1.0,0.507
MAPLE ST,57TH AV,54TH AV,VERY POOR,655.3,0.27,0.95,0,0.95,1.4120043742338453,0.8,0,1,1.0,0.59
HEATHER ST,26TH AV,KING EDWARD AV,FAIR,577.6,0.315,0.5,0,0.5,1.6145201401611757,0.8,0,1,1.0,0.517
GLEN DR,WILLIAM ST,PARKER ST,POOR,450.7,0.406,0.8,0,0.8,0.9489171246723913,0.8,0,1,1.0,0.584
GRANT ST,ODLUM DRIVE,MCLEAN DRIVE,POOR,951.7,0.149,0.8,0,0.8,90.43000974389929,0.5,0,1,1.0,0.47
DIEPPE DR,MALTA AV,DIEPPE PLACE,VERY POOR,551.9,0.332,0.95,0,0.95,315.11590065222833,0.8,0,1,1.0,0.599
JAMES ST,28TH AV,NORTH END,GOOD,620.1,0.289,0.3,0,0.3,1.6645569975792114,0.8,0,1,1.0,0.478
MACDONALD ST,32ND AV,31ST AV,GOOD,1921.5,0.021,0.3,0,0.3,359.15435544798873,0.8,0,1,1.0,0.438
KASLO ST,FRANKLIN ST,PANDORA ST,FAIR,342.5,0.504,0.5,0,0.5,0.1134457217237923,0.8,0,1,1.0,0.546
KERR ST,48TH AV,WAVERLEY AV,POOR,1368.8,0.065,0.8,0,0.8,359.54949129814923,0.8,0,1,1.0,0.533
DAWSON ST,54TH AV,51ST AV,VERY POOR,703.6,0.245,0.95,0,0.95,1.955926081451537,0.8,0,1,1.0,0.586
KASLO ST,14TH AV,GRANDVIEW HWY,VERY GOOD,447.6,0.409,0.1,0,0.1,0.22394627830647096,0.8,0,1,1.0,0.461
KENT AV N,CROMWELL ST,DUDLEY ST,VERY GOOD,193.7,0.679,0.1,0,0.1,102.16871272890654,0.5,0,1,1.0,0.427
GLEN DR,7TH AV,6TH AV / GREAT NORTHERN WAY,POOR,1217.8,0.088,0.8,0,0.8,0.8238501622814169,0.8,0,1,1.0,0.536
ST CATHERINES ST,27TH AV,26TH AV,FAIR,1654.3,0.037,0.5,0,0.5,2.109459442493062,0.8,0,1,1.0,0.475
PRINCE EDWARD ST,48TH AV,47TH AV,VERY POOR,645.4,0.275,0.95,0,0.95,1.6208730011432522,0.8,0,1,1.0,0.591
RUPERT ST,KITCHENER ST,CHARLES ST,VERY POOR,221.9,0.642,0.95,0,0.95,0.4365549544968985,0.8,0,1,1.0,0.646
NANAIMO ST,26TH AV,VANNESS AV,POOR,750.8,0.223,0.8,0,0.8,0.13539503727241708,0.8,0,1,1.0,0.556
MCLEAN DR,GRAVELEY ST,GRANT ST,VERY POOR,988.8,0.138,0.95,0,0.95,1.0624713661613896,0.8,0,1,1.0,0.57
STATION ST,TERMINAL AV,NATIONAL AV,GOOD,370.9,0.476,0.3,0,0.3,2.3550375126744143,0.8,1,1,1.0,0.806
THURLOW ST,HARO ST,BARCLAY ST,POOR,214.3,0.651,0.8,0,0.8,224.7733405746878,0.2,0,1,1.0,0.471
TRAFALGAR ST,7TH AV,6TH AV,FAIR,1809.7,0.027,0.5,0,0.5,1.500659454375409,0.8,0,1,1.0,0.474
SEMLIN DR,ADANAC ST,GEORGIA ST,POOR,1606.1,0.04,0.8,0,0.8,2.2877962392748827,0.8,0,1,1.0,0.529
SLOCAN ST,37TH AV,34TH AV,FAIR,254.8,0.601,0.5,0,0.5,0.5635323597927595,0.8,0,1,1.0,0.56
ONTARIO ST,15TH AV,14TH AV,GOOD,1082.6,0.115,0.3,0,0.3,1.7111884642994255,0.8,0,1,1.0,0.452
NANAIMO ST,GRAVELEY ST,GRANT ST,VERY POOR,983.3,0.14,0.95,0,0.95,0.1713900118526226,0.8,0,1,1.0,0.57
SKEENA ST,ADANAC ST,GEORGIA ST,FAIR,440.7,0.414,0.5,0,0.5,0.19767097273154377,0.8,0,1,1.0,0.532
STANLEY PARK BUS LOOP,MALKIN BOWL LANE,BUS LOOP BACK,FAIR,12.2,0.976,0.5,0,0.5,57.931427748791975,0.5,0,1,1.0,0.542
REID ST,WELLINGTON AV,29TH AV,POOR,453.0,0.404,0.8,0,0.8,30.449176293974347,0.8,0,1,1.0,0.584
TEMPLETON DR,CHARLES ST,WILLIAM ST,FAIR,1301.5,0.074,0.5,0,0.5,1.991395007280289,0.8,0,1,1.0,0.481
ONTARIO ST,22ND AV,21ST AV,FAIR,907.7,0.163,0.5,0,0.5,1.799032298791758,0.8,0,1,1.0,0.494
OXFORD ST,KASLO ST,RENFREW ST,POOR,311.9,0.536,0.8,0,0.8,90.08780337162591,0.5,0,1,1.0,0.529
MCKINNON ST,KINGSWAY,EUCLID AV,VERY POOR,900.5,0.165,0.95,0,0.95,32.97922660797224,0.8,0,1,1.0,0.574
SEMLIN DR,GRAVELEY ST,GRANT ST,VERY GOOD,1157.3,0.099,0.1,0,0.1,2.766915631033953,0.8,0,1,1.0,0.414
RUPERT ST,26TH AV,25TH AV,POOR,447.8,0.408,0.8,0,0.8,0.35316938540921683,0.8,0,1,1.0,0.584
SHERBROOKE ST,41ST AV,39TH AV,FAIR,1849.4,0.025,0.5,0,0.5,1.1587934133390263,0.8,0,1,1.0,0.474
RAILWAY ST,DUNLEVY AV,JACKSON AV,NO DATA,794.5,0.204,0.5,1,0.4,93.24618965285356,0.5,0,1,1.0,0.408
OSLER ST,72ND AV,71ST AV,GOOD,592.4,0.306,0.3,0,0.3,1.252379875273391,0.8,0,1,1.0,0.481
TAYLOR ST,KEEFER PLACE,PENDER ST,GOOD,34.7,0.933,0.3,0,0.3,15.600165890397705,0.8,0,1,1.0,0.575
PENDER ST,SKEENA ST,KOOTENAY ST,VERY POOR,743.6,0.226,0.95,0,0.95,90.09179320814422,0.5,0,1,1.0,0.508
QUEBEC ST,CENTRAL ST,TERMINAL AV,FAIR,149.4,0.742,0.5,0,0.5,6.38680058807887,0.8,0,1,1.0,0.582
SLOCAN ST,17TH AV,16TH AV,VERY GOOD,706.7,0.243,0.1,0,0.1,0.023767070308338134,0.8,0,1,1.0,0.436
MCLEAN DR,NAPIER ST,PARKER ST,FAIR,956.9,0.148,0.5,0,0.5,0.9123425521581225,0.8,0,1,1.0,0.492
TERRY FOX WAY,PACIFIC BOULEVARD,EXPO BOULEVARD,NO DATA,276.8,0.575,0.5,1,0.4,327.4970484056283,0.8,0,1,1.0,0.539
TRAFALGAR ST,16TH AV,15TH AV,VERY GOOD,2255.5,0.011,0.1,0,0.1,2.2161626009921065,0.8,0,1,1.0,0.401
PRIOR ST,MAIN ST,GORE AV,VERY POOR,383.3,0.465,0.95,0,0.95,90.40266350592731,0.5,0,1,1.0,0.544
OSLER ST,MATTHEWS AV,THE CRESCENT,POOR,862.6,0.178,0.8,0,0.8,310.1958572339683,0.5,0,1,1.0,0.475
NAPIER ST,RUPERT ST,EAST END,VERY GOOD,287.6,0.563,0.1,0,0.1,90.41083607699056,0.5,0,1,1.0,0.409
PIPELINE RD,STANLEY PARK DRIVE,MALKIN BOWL LANE,VERY GOOD,97.7,0.822,0.1,0,0.1,5.922823280360831,0.8,0,1,1.0,0.523
PIPELINE RD,MALKIN BOWL LANE,STANLEY PARK BUS LOOP,VERY GOOD,156.9,0.731,0.1,0,0.1,1.7778007855987426,0.8,0,1,1.0,0.509
ROSS ST,60TH AV,59TH AV,VERY POOR,857.8,0.18,0.95,0,0.95,0.7544925811155281,0.8,0,1,1.0,0.576
TRAFALGAR ST,14TH AV,13TH AV,VERY GOOD,2138.1,0.014,0.1,0,0.1,1.448606144585483,0.8,0,1,1.0,0.401
QUEBEC ST,55TH AV,54TH AV,VERY GOOD,446.3,0.41,0.1,0,0.1,1.2951335054250421,0.8,0,1,1.0,0.461
RICHARDS ST,DRAKE ST,PACIFIC ST,POOR,534.8,0.343,0.8,0,0.8,224.79592624051617,0.2,0,1,1.0,0.424
PATON ST,32ND AV / HAGGART ST,EDDINGTON DRIVE,FAIR,1689.5,0.034,0.5,0,0.5,323.45611739461356,0.8,0,1,1.0,0.475
ST GEORGE ST,36TH AV,35TH AV,POOR,779.7,0.21,0.8,0,0.8,1.2753373331113949,0.8,0,1,1.0,0.554
POWELL ST,GORE AV,DUNLEVY AV,VERY POOR,530.6,0.346,0.95,0,0.95,91.92839155005521,0.5,0,1,1.0,0.526
ST GEORGE ST,KENT AV SOUTH,69TH AV,FAIR,254.9,0.601,0.5,0,0.5,359.59961682363974,0.8,0,1,1.0,0.56
QUEEN ELIZABETH PARK RD 1,33RD AV,30TH AV,GOOD,154.4,0.734,0.3,0,0.3,353.8745062602725,0.8,0,1,1.0,0.545
RUPERT ST,4TH AV,3RD AV,GOOD,413.9,0.437,0.3,0,0.3,0.4896010163030269,0.8,0,1,1.0,0.5
ONTARIO ST,62ND AV,61ST AV,GOOD,402.0,0.448,0.3,0,0.3,2.612110571838059,0.8,0,1,1.0,0.502
ST GEORGE ST,44TH AV,43RD AV,VERY POOR,1028.5,0.128,0.95,0,0.95,1.243644554876937,0.8,0,1,1.0,0.569
MCHARDY ST,MONMOUTH AV,PRICE ST,GOOD,206.5,0.662,0.3,0,0.3,31.970935087328655,0.8,0,1,1.0,0.534
NANAIMO ST,FRASERVIEW DRIVE,SCARBORO AV,POOR,655.9,0.269,0.8,0,0.8,351.9665945930253,0.8,0,1,1.0,0.563
PRICE ST,JOYCE ST,RUBY ST,FAIR,276.8,0.575,0.5,0,0.5,122.11348747240538,0.5,0,1,1.0,0.481
THURLOW ST,BARCLAY ST,NELSON ST,POOR,118.9,0.788,0.8,0,0.8,224.77253058990746,0.2,0,1,1.0,0.492
MATTHEWS AV,HUDSON ST,SELKIRK ST,FAIR,1018.1,0.131,0.5,0,0.5,83.15501756389949,0.5,0,1,1.0,0.415
ROBSON ST,BROUGHTON ST,JERVIS ST,GOOD,376.3,0.471,0.3,0,0.3,134.80357766796124,0.5,0,1,1.0,0.431
ONTARIO ST,ATHLETES WAY,NORTH END,NO DATA,117.0,0.791,0.5,1,0.4,1.6778300353468012,0.8,0,1,1.0,0.571
RUPERT ST,21ST AV,20TH AV / ANZIO DRIVE,FAIR,813.6,0.196,0.5,0,0.5,0.26388463770734916,0.8,0,1,1.0,0.499
ST GEORGE ST,10TH AV,BROADWAY,VERY GOOD,1039.6,0.125,0.1,0,0.1,0.6860948611336539,0.8,0,1,1.0,0.418
MCNICOLL AV,CYPRESS ST,CHESTNUT ST,GOOD,99.9,0.819,0.3,0,0.3,91.49395222451022,0.5,0,1,1.0,0.483
NANAIMO ST,39TH AV,38TH AV,GOOD,615.6,0.292,0.3,0,0.3,0.4789871508008332,0.8,0,1,1.0,0.479
POWELL ST,MCLEAN DRIVE,WOODLAND DRIVE,GOOD,1308.7,0.073,0.3,0,0.3,75.49813684718475,0.5,0,1,1.0,0.371
PRINCE EDWARD ST,20TH AV,19TH AV,POOR,1478.4,0.052,0.8,0,0.8,1.4454231979975134,0.8,0,1,1.0,0.531
ROSS ST,57TH AV,56TH AV,GOOD,1141.4,0.102,0.3,0,0.3,1.430565701649698,0.8,0,1,1.0,0.45
OSLER ST,53RD AV,52ND AV,GOOD,1382.8,0.063,0.3,0,0.3,1.3907012450149523,0.8,0,1,1.0,0.444
SALISH DR,TYTAHUN CRESCENT,TAMATH CRESCENT,POOR,1338.5,0.069,0.8,0,0.8,309.4821593626106,0.5,0,1,1.0,0.458
SEMLIN DR,4TH AV,3RD AV,POOR,841.0,0.186,0.8,0,0.8,0.726253940796596,0.8,0,1,1.0,0.551
NOOTKA ST,15TH AV,14TH AV,FAIR,132.5,0.767,0.5,0,0.5,0.3929070516006732,0.8,0,1,1.0,0.585
QUEBEC ST,54TH AV,53RD AV,FAIR,420.5,0.431,0.5,0,0.5,1.3660448061800707,0.8,0,1,1.0,0.535
ST CATHERINES ST,21ST AV,20TH AV,POOR,1667.6,0.036,0.8,0,0.8,1.4647176088016067,0.8,0,1,1.0,0.528
SEMLIN DR,6TH AV,5TH AV,VERY GOOD,719.3,0.237,0.1,0,0.1,0.804723645715967,0.8,0,1,1.0,0.435
RENFREW ST,TRINITY ST,WALL ST,FAIR,391.9,0.457,0.5,0,0.5,0.2024974185580959,0.8,0,1,1.0,0.539
STANLEY PARK DR,HOLLOW TREE,TATLOW WALK,VERY GOOD,923.0,0.158,0.1,0,0.1,177.6080840571176,0.2,0,1,1.0,0.273
MONTCALM ST,16TH AV,15TH AV,VERY GOOD,602.4,0.3,0.1,0,0.1,1.6448090163427764,0.8,0,1,1.0,0.444
PINE CRES,MATTHEWS AV,HOSMER AV,POOR,1382.1,0.063,0.8,0,0.8,7.710493116532575,0.8,0,1,1.0,0.532
SOPHIA ST,WOODSTOCK AV,40TH AV,POOR,677.2,0.258,0.8,0,0.8,0.8573240722179776,0.8,0,1,1.0,0.562
PENDRELL ST,CHILCO ST,GILFORD ST,VERY GOOD,472.1,0.389,0.1,0,0.1,133.48049255014848,0.5,0,1,1.0,0.383
ST GEORGE ST,28TH AV,27TH AV,VERY GOOD,1092.8,0.112,0.1,0,0.1,1.028213267550143,0.8,0,1,1.0,0.416
SCOTIA ST,8TH AV,7TH AV,GOOD,622.3,0.288,0.3,0,0.3,1.6493667461031691,0.8,0,1,1.0,0.478
QUEBEC ST,SWITCHMEN ST,CENTRAL ST,VERY GOOD,77.3,0.857,0.1,0,0.1,19.191531065716617,0.8,0,1,1.0,0.528
PIPELINE RD,RAVINE TRAIL,STANLEY PARK DRIVE,VERY POOR,155.2,0.733,0.95,0,0.95,351.93775930986305,0.8,1,1,1.0,0.96
SOPHIA ST,18TH AV,17TH AV,FAIR,1527.2,0.047,0.5,0,0.5,1.367960846133542,0.8,0,1,1.0,0.477
PANDORA ST,KOOTENAY ST,BOUNDARY ROAD,VERY GOOD,946.5,0.151,0.1,0,0.1,90.08505633702555,0.5,0,1,1.0,0.347
NANAIMO ST,30TH AV,KINGSWAY,POOR,682.1,0.256,0.8,0,0.8,19.267220517018984,0.8,0,1,1.0,0.561
POWELL ST,CLARK DRIVE,MCLEAN DRIVE,FAIR,1138.7,0.103,0.5,0,0.5,85.27868650953872,0.5,0,1,1.0,0.41
ONTARIO ST,26TH AV,KING EDWARD AV,POOR,664.8,0.265,0.8,0,0.8,1.75856195340657,0.8,0,1,1.0,0.563
RENFREW ST,3RD AV,2ND AV,FAIR,1020.2,0.13,0.5,0,0.5,0.677467735748337,0.8,0,1,1.0,0.489
MONT ROYAL SQUARE,START LOOP (R),END LOOP,GOOD,764.9,0.217,0.3,0,0.3,348.9490299810323,0.8,0,1,1.0,0.467
QUEBEC ST,13TH AV,12TH AV,VERY POOR,1065.3,0.119,0.95,0,0.95,1.6780515824883082,0.8,0,1,1.0,0.567
SLOCAN ST,ADANAC ST,GEORGIA ST,FAIR,634.6,0.281,0.5,0,0.5,0.28402478280128207,0.8,0,1,1.0,0.512
RENFREW ST,2ND AV,1ST AV,FAIR,1012.0,0.132,0.5,0,0.5,0.5994239496944829,0.8,0,1,1.0,0.49
PRINCE EDWARD ST,47TH AV,46TH AV,POOR,672.7,0.26,0.8,0,0.8,1.679966229156662,0.8,0,1,1.0,0.562
NORMANDY DR,DIEPPE DRIVE,BOUNDARY ROAD,VERY GOOD,866.9,0.177,0.1,0,0.1,90.09543334407829,0.5,0,1,1.0,0.351
ROSEMONT DR,57TH AV,KILLARNEY ST,GOOD,399.0,0.45,0.3,0,0.3,125.15037792047428,0.5,0,1,1.0,0.427
TURNER ST,RUPERT ST,EAST END,POOR,488.0,0.377,0.8,0,0.8,89.95619120594654,0.5,0,1,1.0,0.505
TRAFALGAR ST,45TH AV,43RD AV,NO DATA,756.7,0.22,0.5,1,0.4,1.5745791077806075,0.8,0,1,1.0,0.485
MCKINNON ST,41ST AV,SCHOOL AV,VERY GOOD,963.7,0.146,0.1,0,0.1,0.5840779828198492,0.8,0,1,1.0,0.421
SOPHIA ST,44TH AV,43RD AV,VERY POOR,716.6,0.239,0.95,0,0.95,359.9829238263029,0.8,0,1,1.0,0.585
TEMPLETON DR,3RD AV,2ND AV,FAIR,752.6,0.222,0.5,0,0.5,0.799986087824152,0.8,0,1,1.0,0.503
SCARBORO AV,VICTORIA DRIVE,QUALICUM DRIVE,VERY GOOD,706.8,0.243,0.1,0,0.1,90.57710455748577,0.5,0,1,1.0,0.361
OXFORD ST,KOOTENAY ST,BOUNDARY ROAD,POOR,816.0,0.196,0.8,0,0.8,90.03452242885726,0.5,0,1,1.0,0.477
SOPHIA ST,46TH AV,45TH AV,POOR,586.9,0.309,0.8,0,0.8,359.98343524745025,0.8,0,1,1.0,0.569
MCMULLEN AV,BRAKENRIDGE ST,TOWNLEY ST,POOR,1825.2,0.026,0.8,0,0.8,59.37933364245487,0.5,0,1,1.0,0.452
TEMPLETON DR,GRAVELEY ST,GRANT ST,FAIR,1030.9,0.127,0.5,0,0.5,0.26760572716051456,0.8,0,1,1.0,0.489
POWELL ST,MAIN ST,GORE AV,POOR,452.3,0.405,0.8,0,0.8,91.66767898427145,0.5,0,1,1.0,0.509
ST GEORGE ST,63RD AV,62ND AV,VERY POOR,842.9,0.185,0.95,0,0.95,1.311478615507383,0.8,0,1,1.0,0.577
ROSS ST,SE MARINE DRIVE,63RD AV,GOOD,368.0,0.479,0.3,0,0.3,1.879459250930779,0.8,0,1,1.0,0.507
NANTON AV,YEW ST,ARBUTUS ST,GOOD,1438.3,0.056,0.3,0,0.3,91.49606571298887,0.5,0,1,1.0,0.368
TURNER ST,RENFREW ST,NOOTKA ST,FAIR,259.0,0.596,0.5,0,0.5,90.12201012061803,0.5,0,1,1.0,0.485
MCKINNON ST,45TH AV,43RD AV,POOR,1117.2,0.107,0.8,0,0.8,359.81961428597424,0.8,0,1,1.0,0.539
RAILWAY ST,JACKSON AV,ALEXANDER ST,NO DATA,893.7,0.167,0.5,1,0.4,124.23071053097169,0.5,0,1,1.0,0.402
OSLER ST,PARK DRIVE,59TH AV,GOOD,1217.3,0.088,0.3,0,0.3,1.2042767670617422,0.8,0,1,1.0,0.448
TOLMIE ST,4TH AV,3RD AV,VERY POOR,984.8,0.139,0.95,0,0.95,1.5021477023230432,0.8,0,1,1.0,0.57
NAPIER ST,COMMERCIAL DRIVE,SALSBURY DRIVE,POOR,1315.4,0.072,0.8,0,0.8,90.61946086565149,0.5,0,1,1.0,0.459
MONTCALM ST,SW MARINE DRIVE,73RD AV,GOOD,348.8,0.498,0.3,0,0.3,28.779701887352473,0.8,0,1,1.0,0.51
ST GEORGE ST,SOUTH END,TERMINAL AV,GOOD,509.7,0.361,0.3,0,0.3,14.520725402647884,0.8,1,1,1.0,0.789
QUEBEC ST,30TH AV,29TH AV,GOOD,464.8,0.395,0.3,0,0.3,1.7567085566635114,0.8,0,1,1.0,0.494
SMITHE ST_1,CAMBIE BRIDGE TO PACIFIC EB RAMP,COOPERAGE WAY,VERY GOOD,338.1,0.509,0.1,0,0.1,134.93640305982586,0.5,0,1,1.0,0.401
TOLMIE ST,15TH AV,14TH AV,POOR,1571.2,0.043,0.8,0,0.8,1.593786017860225,0.8,0,1,1.0,0.529
SLOCAN ST,TRIUMPH ST,DUNDAS ST,GOOD,588.3,0.308,0.3,0,0.3,0.11175521336650718,0.8,0,1,1.0,0.481
MCLEAN DR,HASTINGS ST,FRANKLIN ST,FAIR,1172.5,0.096,0.5,0,0.5,1.226273321970325,0.8,0,1,1.0,0.484
TRINITY ST,PENTICTON ST,SLOCAN ST,VERY GOOD,730.4,0.232,0.1,0,0.1,89.92650514587882,0.5,0,1,1.0,0.359
SCOTIA ST,7TH AV,6TH AV,VERY GOOD,530.4,0.346,0.1,0,0.1,1.6486406749612001,0.8,0,1,1.0,0.451
SKEENA ST,5TH AV,4TH AV,VERY GOOD,394.0,0.455,0.1,0,0.1,0.25504723965963194,0.8,0,1,1.0,0.468
PINE ST,15TH AV,14TH AV,GOOD,1009.9,0.133,0.3,0,0.3,1.5374391154871887,0.8,0,1,1.0,0.455
SWITCHMEN ST,QUEBEC ST,MAIN ST,VERY GOOD,77.4,0.857,0.1,0,0.1,105.73132711593962,0.5,0,1,1.0,0.453
MCLEAN DR,1ST AV,GRAVELEY ST,VERY GOOD,1037.1,0.126,0.1,0,0.1,0.6275533568316973,0.8,0,1,1.0,0.418
SLOCAN ST,23RD AV,22ND AV,VERY POOR,953.4,0.149,0.95,0,0.95,0.1143169360484535,0.8,0,1,1.0,0.572
RENFREW ST,MCGILL ST,TRINITY ST,VERY GOOD,334.6,0.512,0.1,0,0.1,0.12987067852895962,0.8,0,1,1.0,0.476
PRINCE ALBERT ST,14TH AV,13TH AV,POOR,1623.7,0.039,0.8,0,0.8,0.8503603357934821,0.8,0,1,1.0,0.529
SPRUCE ST,14TH AV,13TH AV,POOR,479.1,0.384,0.8,0,0.8,1.499936003736309,0.8,0,1,1.0,0.581
PRINCE EDWARD ST,23RD AV,22ND AV,GOOD,1297.3,0.075,0.3,0,0.3,1.4334021183453842,0.8,0,1,1.0,0.446
ST CATHERINES ST,24TH AV,23RD AV,POOR,1758.6,0.03,0.8,0,0.8,1.4938071494897827,0.8,0,1,1.0,0.527
PENTICTON ST,28TH AV,27TH AV,VERY POOR,875.1,0.174,0.95,0,0.95,0.08121030805534701,0.8,0,1,1.0,0.575
SKEENA ST,OXFORD ST,CAMBRIDGE ST,FAIR,593.3,0.305,0.5,0,0.5,0.09621780199171326,0.8,0,1,1.0,0.516
NW MARINE DR,NW MARINE DR BUS LOOP,TOLMIE ST,VERY GOOD,492.9,0.373,0.1,0,0.1,115.06885034433378,0.5,0,1,1.0,0.38
ROBSON ST,HORNBY ST,HOWE ST,NO DATA,56.4,0.893,0.5,1,0.4,134.75101801852145,0.5,0,1,1.0,0.512
TURNER ST,WEST END,TEMPLETON DRIVE,POOR,1314.9,0.072,0.8,0,0.8,90.54727451168816,0.5,0,1,1.0,0.459
QUEBEC ST,47TH AV,46TH AV,VERY POOR,294.0,0.555,0.95,0,0.95,359.99186400738023,0.8,0,1,1.0,0.633
MONTGOMERY ST,48TH AV,47TH AV,FAIR,1133.7,0.104,0.5,0,0.5,357.4864372481108,0.8,0,1,1.0,0.485
POINT GREY RD,COLLINGWOOD ST,WATERLOO ST,VERY GOOD,860.4,0.179,0.1,0,0.1,99.0221392692115,0.5,0,1,1.0,0.351
SEMLIN DR,1ST AV,GRAVELEY ST,GOOD,1069.9,0.118,0.3,0,0.3,2.2971608101990455,0.8,0,1,1.0,0.452
NOOTKA ST,BOYD DIVERSION,22ND AV,VERY GOOD,854.6,0.181,0.1,0,0.1,6.212517266467557,0.8,0,1,1.0,0.427
SELKIRK ST,CONNAUGHT DRIVE,29TH AV,GOOD,384.1,0.464,0.3,0,0.3,17.582270037567355,0.8,0,1,1.0,0.504
PACIFIC BLVD,ABBOTT ST,CARRALL ST,FAIR,194.6,0.678,0.5,0,0.5,91.7119142235207,0.5,0,1,1.0,0.497
PRINCESS AV,ATLANTIC ST,PRIOR ST,VERY GOOD,200.0,0.67,0.1,0,0.1,1.4198888199898079,0.8,0,1,1.0,0.5
PENTICTON ST,2ND AV,1ST AV,VERY GOOD,799.5,0.202,0.1,0,0.1,0.6345403185622445,0.8,0,1,1.0,0.43
NANAIMO ST,GALT ST,BROCK ST,GOOD,734.5,0.23,0.3,0,0.3,21.5081057235883,0.8,0,1,1.0,0.469
NANAIMO ST,4TH AV,3RD AV,POOR,568.7,0.321,0.8,0,0.8,0.1420629283298922,0.8,0,1,1.0,0.571
SELKIRK ST,51ST AV,50TH AV,POOR,1410.9,0.06,0.8,0,0.8,1.4464609318415569,0.8,0,1,1.0,0.532
PARK DR,FRENCH ST,CARTIER ST,FAIR,1373.3,0.064,0.5,0,0.5,113.74793562310128,0.5,0,1,1.0,0.404
PUGET DR,33RD AV / LARCH ST,31ST AV / NARVAEZ DRIVE,NO DATA,1896.3,0.023,0.5,1,0.4,354.4818231735234,0.8,0,1,1.0,0.456
NANAIMO ST,WAVERLEY AV,47TH AV,VERY GOOD,1265.1,0.08,0.1,0,0.1,1.056450172363384,0.8,0,1,1.0,0.411
ROSS ST,52ND AV,51ST AV,VERY POOR,1608.3,0.04,0.95,0,0.95,1.428763099397429,0.8,0,1,1.0,0.555
TOLMIE ST,1ST AV,LANGARA AV,VERY POOR,839.5,0.187,0.95,0,0.95,1.5315764523604685,0.8,0,1,1.0,0.577
PENDER ST,SLOCAN ST,KASLO ST,FAIR,363.6,0.483,0.5,0,0.5,90.11534183126821,0.5,0,1,1.0,0.468
NOOTKA ST,BROADWAY,8TH AV,GOOD,389.4,0.459,0.3,0,0.3,0.31588024987610197,0.8,0,1,1.0,0.504
ROSS ST,59TH AV,58TH AV,VERY GOOD,954.7,0.148,0.1,0,0.1,0.8890110713923605,0.8,0,1,1.0,0.422
ONTARIO ST NB TO E 18TH AV,ONTARIO ST,18TH AV,FAIR,1225.7,0.086,0.5,0,0.5,1.965626038474511,0.8,0,1,1.0,0.483
RENFREW ST,GRANT ST,KITCHENER ST,FAIR,978.6,0.141,0.5,0,0.5,0.6369452426079647,0.8,0,1,1.0,0.491
PENDER ST,CARRALL ST,COLUMBIA ST,FAIR,75.9,0.859,0.5,0,0.5,92.80318733642508,0.5,0,1,1.0,0.524
PENTICTON ST,16TH AV,GRANDVIEW HWY,FAIR,468.8,0.392,0.5,0,0.5,0.16566603422592152,0.8,0,1,1.0,0.529
PENTICTON ST,20TH AV,19TH AV,VERY GOOD,681.6,0.256,0.1,0,0.1,0.6763546697597462,0.8,0,1,1.0,0.438
THURLOW ST,COMOX ST,PENDRELL ST,POOR,75.9,0.859,0.8,0,0.8,224.77300895159956,0.2,0,1,1.0,0.502
TRIMBLE ST,12TH AV,11TH AV,VERY POOR,1068.9,0.118,0.95,0,0.95,1.529917770470945,0.8,0,1,1.0,0.567
SKEENA ST,23RD AV,22ND AV,GOOD,595.5,0.304,0.3,0,0.3,0.216426690191156,0.8,0,1,1.0,0.48
SOPHIA ST,19TH AV,18TH AV,FAIR,1450.8,0.055,0.5,0,0.5,1.4808804458342024,0.8,0,1,1.0,0.478
SHERBROOKE ST,43RD AV,41ST AV,GOOD,1910.9,0.022,0.3,0,0.3,1.433144697335365,0.8,0,1,1.0,0.438
MCKINNON ST,SCHOOL AV,IVANHOE ST,VERY GOOD,939.4,0.153,0.1,0,0.1,32.07133694644028,0.8,0,1,1.0,0.422
OSLER ST,51ST AV,50TH AV,GOOD,1419.8,0.058,0.3,0,0.3,1.390265641158976,0.8,0,1,1.0,0.443
STANLEY PARK DR,TEAHOUSE LANE,N LAGOON DRIVE,VERY GOOD,295.3,0.554,0.1,0,0.1,128.84630020213217,0.5,0,1,1.0,0.408
PARKER ST,VERNON DRIVE,CLARK DRIVE,VERY POOR,654.7,0.27,0.95,0,0.95,91.27670238022944,0.5,0,1,1.0,0.515
MCLEAN DR,WILLIAM ST,NAPIER ST,FAIR,958.0,0.147,0.5,0,0.5,0.49143055883115494,0.8,0,1,1.0,0.492
SIMPSON AV,BLANCA ST,TOLMIE ST,GOOD,580.3,0.313,0.3,0,0.3,91.53226980851684,0.5,0,1,1.0,0.407
SHERBROOKE ST,53RD AV,51ST AV,POOR,1503.0,0.049,0.8,0,0.8,1.5209325407395227,0.8,0,1,1.0,0.53
PRINCE EDWARD ST,28TH AV,26TH AV,GOOD,951.0,0.149,0.3,0,0.3,1.0988074188699102,0.8,0,1,1.0,0.457
MONTGOMERY ST,49TH AV,48TH AV,FAIR,1232.0,0.085,0.5,0,0.5,357.90539356829265,0.8,0,1,1.0,0.483
POWELL ST,VICTORIA DRIVE,SEMLIN DRIVE / WALL ST,POOR,1607.2,0.04,0.8,0,0.8,90.49561347696056,0.5,0,1,1.0,0.454
TISDALL ST,51ST AV,50TH AV,FAIR,744.1,0.226,0.5,0,0.5,1.2980616196580854,0.8,0,1,1.0,0.504
MCBAIN AV,BRAKENRIDGE ST,VALLEY DRIVE,POOR,1847.3,0.025,0.8,0,0.8,59.38109230453756,0.5,0,1,1.0,0.452
THURLOW ST,BURNABY ST,HARWOOD ST,VERY GOOD,294.6,0.555,0.1,0,0.1,224.78070731410918,0.2,0,1,1.0,0.333
SKEENA ST,11TH AV,CORNETT ROAD,FAIR,23.0,0.955,0.5,0,0.5,0.4148615780167688,0.8,0,1,1.0,0.614
ONTARIO ST,20TH AV,19TH AV,GOOD,1078.9,0.116,0.3,0,0.3,1.8055198772931362,0.8,0,1,1.0,0.452
RUPERT ST,20TH AV / ANZIO DRIVE,19TH AV / SEAFORTH DRIVE,GOOD,730.3,0.232,0.3,0,0.3,0.0961707749960965,0.8,0,1,1.0,0.47
QUESNEL DR,22ND AV / VALDEZ ROAD,21ST AV,VERY GOOD,2208.9,0.012,0.1,0,0.1,323.4819691462397,0.8,0,1,1.0,0.401
PACIFIC ST,BEACH AV / JERVIS ST,BUTE ST,VERY GOOD,521.2,0.353,0.1,0,0.1,134.7989382796477,0.5,0,1,1.0,0.377
PRINCE EDWARD ST,32ND AV,30TH AV,GOOD,718.7,0.238,0.3,0,0.3,358.0169914326981,0.8,0,1,1.0,0.47
SALSBURY DR,GEORGIA ST,FRANCES ST,VERY POOR,1439.7,0.056,0.95,0,0.95,0.9489488773392054,0.8,0,1,1.0,0.558
NOOTKA ST,1ST AV,GRAVELEY ST,GOOD,794.5,0.204,0.3,0,0.3,0.6564928703726878,0.8,0,1,1.0,0.465
ROSS ST,37TH AV,35TH AV,POOR,1696.4,0.034,0.8,0,0.8,1.0553156031612616,0.8,0,1,1.0,0.528
ST GEORGE ST,51ST AV,50TH AV,VERY GOOD,887.6,0.169,0.1,0,0.1,1.0979509825364175,0.8,0,1,1.0,0.425
PENTICTON ST,PARKER ST,VENABLES ST,VERY POOR,898.3,0.166,0.95,0,0.95,0.1647527108504505,0.8,0,1,1.0,0.574
MOSCROP ST,NORTHWEST END,CARIBOO ST,VERY GOOD,45.4,0.913,0.1,0,0.1,121.94546738528908,0.5,0,1,1.0,0.462
ST CATHERINES ST,35TH AV,33RD AV,FAIR,1370.3,0.065,0.5,0,0.5,1.1985944276702298,0.8,0,1,1.0,0.48
ONTARIO ST,3RD AV,2ND AV,FAIR,193.2,0.68,0.5,0,0.5,1.6301915455681524,0.8,0,1,1.0,0.572
NOOTKA ST,4TH AV,3RD AV,GOOD,842.0,0.186,0.3,0,0.3,0.6768430950843936,0.8,0,1,1.0,0.463
RUPERT ST,43RD AV,42ND AV,VERY POOR,823.9,0.192,0.95,0,0.95,0.7922524199590839,0.8,0,1,1.0,0.578
ONTARIO ST,KENT AV SOUTH,KENT AV NORTH,VERY POOR,153.2,0.736,0.95,0,0.95,2.0334488592471303,0.8,0,1,1.0,0.66
ROXBURGH CRES,MARGUERITE ST,CONNAUGHT DRIVE,VERY POOR,451.6,0.405,0.95,0,0.95,49.11974711259512,0.5,0,1,1.0,0.535
SALISH DR,STAULO CRESCENT,MUSQUEAM DRIVE,VERY POOR,519.8,0.354,0.95,0,0.95,6.825249488384145,0.8,0,1,1.0,0.603
NICOLA ST,BARCLAY ST,HARO ST,FAIR,370.4,0.477,0.5,0,0.5,44.76457514007268,0.8,0,1,1.0,0.542
RENFREW ST,GRANDVIEW HWY,12TH AV / HEBB AV,POOR,247.7,0.609,0.8,0,0.8,0.000298934802799522,0.8,1,1,1.0,0.915
RUPERT ST,PRICE ST,28TH AV,GOOD,332.7,0.514,0.3,0,0.3,17.09840658753933,0.8,0,1,1.0,0.512
RENFREW ST,5TH AV,4TH AV,POOR,845.5,0.184,0.8,0,0.8,0.5361795942818617,0.8,0,1,1.0,0.551
SOUTHSIDE DR,DUFF ST,PORTSIDE DRIVE,GOOD,179.0,0.699,0.3,0,0.3,116.60687456807551,0.5,0,1,1.0,0.465
PINE CRES,35TH AV,34TH AV,NO DATA,738.1,0.229,0.5,1,0.4,1.5058879731557226,0.8,0,1,1.0,0.487
SEMLIN DR,FRANKLIN ST,PANDORA ST,GOOD,1563.0,0.044,0.3,0,0.3,0.24333579291248952,0.8,0,1,1.0,0.441
SALSBURY DR,HASTINGS ST,FRANKLIN ST,GOOD,1543.5,0.046,0.3,0,0.3,0.5509180114594301,0.8,0,1,1.0,0.441
RUPERT ST,WILLIAM ST,NAPIER ST,VERY GOOD,298.3,0.551,0.1,0,0.1,0.5177478706418128,0.8,0,1,1.0,0.482
PARKER ST,GEORGE ST,VERNON DRIVE,VERY POOR,555.2,0.329,0.95,0,0.95,91.3122542057589,0.5,0,1,1.0,0.524
NEWPORT AV,VICTORIA DRIVE,GLADSTONE ST,FAIR,881.3,0.172,0.5,0,0.5,90.66887742144644,0.5,0,1,1.0,0.421
NANAIMO ST,27TH AV,26TH AV,FAIR,885.8,0.17,0.5,0,0.5,0.1350816584445056,0.8,0,1,1.0,0.495
TOLMIE ST,13TH AV,12TH AV,VERY POOR,1420.8,0.058,0.95,0,0.95,1.4821316580127473,0.8,0,1,1.0,0.558
PENTICTON ST,GRANT ST,KITCHENER ST,GOOD,1109.6,0.109,0.3,0,0.3,0.6076183261843084,0.8,0,1,1.0,0.451
PRINCE EDWARD ST,KING EDWARD AV,23RD AV,VERY POOR,1200.4,0.091,0.95,0,0.95,1.3847288013865864,0.8,0,1,1.0,0.563
SASAMAT ST,6TH AV,5TH AV,VERY POOR,834.2,0.189,0.95,0,0.95,1.544281249651192,0.8,0,1,1.0,0.578
RADISSON ST,MEARES AV,NORTH END,GOOD,1065.2,0.119,0.3,0,0.3,0.8072014415536728,0.8,0,1,1.0,0.452
POWELL ST,COMMERCIAL DRIVE,SALSBURY DRIVE,FAIR,1561.7,0.044,0.5,0,0.5,74.8037634422671,0.5,0,1,1.0,0.401
VICTORIA DR,HASTINGS ST,FRANKLIN ST,VERY POOR,1708.2,0.033,0.95,0,0.95,0.8161668047682156,0.8,0,1,1.0,0.554
WINDERMERE ST,2ND AV,1ST AV,POOR,484.2,0.38,0.8,0,0.8,0.5063763276548343,0.8,0,1,1.0,0.58
WILTSHIRE ST,49TH AV,47TH AV,NO DATA,1246.1,0.083,0.5,1,0.4,1.474149204208004,0.8,0,1,1.0,0.465
WEST BLVD,38TH AV,37TH AV / ARBUTUS ST,VERY POOR,1331.5,0.07,0.95,0,0.95,1.4886451308887558,0.8,0,1,1.0,0.56
VERNON DR,GRANT ST,CHARLES ST,VERY GOOD,695.1,0.249,0.1,0,0.1,0.6358083477124978,0.8,0,1,1.0,0.437
WILLIAM ST,MCLEAN DRIVE,WOODLAND DRIVE,POOR,968.2,0.144,0.8,0,0.8,92.21993936557533,0.5,0,1,1.0,0.47
WINDERMERE ST,NAPIER ST,PARKER ST,VERY POOR,512.1,0.359,0.95,0,0.95,0.5575674815141269,0.8,0,1,1.0,0.603
WALES ST,45TH AV,44TH AV,VERY POOR,810.5,0.198,0.95,0,0.95,359.4224353073738,0.8,0,1,1.0,0.579
VINE ST,7TH AV,6TH AV,VERY GOOD,1366.1,0.065,0.1,0,0.1,1.4992787642059966,0.8,0,1,1.0,0.409
WOODLAND DR,5TH AV,4TH AV,VERY GOOD,1232.3,0.085,0.1,0,0.1,0.7453828481583287,0.8,0,1,1.0,0.412
WALES ST,54TH AV,53RD AV,VERY GOOD,776.2,0.212,0.1,0,0.1,7.709402217104525,0.8,0,1,1.0,0.431
UNION ST,RAYMUR AV,GLEN DRIVE,GOOD,420.1,0.432,0.3,0,0.3,91.55863993203513,0.5,0,1,1.0,0.425
VICTORIA DR,UPLAND DRIVE,NASSAU DRIVE,GOOD,1169.8,0.096,0.3,0,0.3,1.0944677320134701,0.8,0,1,1.0,0.449
VIVIAN DR,LYNBROOK DRIVE,57TH AV,FAIR,392.3,0.456,0.5,0,0.5,1.5869664419902847,0.8,0,1,1.0,0.539
VENABLES ST,VERNON DRIVE,CLARK DRIVE,GOOD,671.0,0.261,0.3,0,0.3,91.23536943303742,0.5,0,1,1.0,0.399
WILLOW ST,46TH AV,42ND AV,GOOD,793.3,0.205,0.3,0,0.3,355.10447712347036,0.8,0,1,1.0,0.465
VINE ST,47TH AV,45TH AV,NO DATA,708.1,0.243,0.5,1,0.4,1.4783958321791033,0.8,0,1,1.0,0.489
WESSEX ST,SCHOOL AV,KINGSWAY,VERY GOOD,1273.9,0.078,0.1,0,0.1,32.329262572914104,0.8,0,1,1.0,0.411
WAVERLEY AV,GLADSTONE ST,NANAIMO ST,GOOD,1312.5,0.072,0.3,0,0.3,91.03866218332189,0.5,0,1,1.0,0.37
WILLOW ST,27TH AV,26TH AV,VERY GOOD,644.9,0.275,0.1,0,0.1,1.4663254060600934,0.8,0,1,1.0,0.441
VANNESS AV,JOYCE ST,GASTON ST,POOR,687.1,0.253,0.8,0,0.8,126.1966811203423,0.5,0,1,1.0,0.486
YUKON ST,10TH AV,BROADWAY,VERY GOOD,363.4,0.483,0.1,0,0.1,1.475831003682572,0.8,0,1,1.0,0.472
WELWYN ST,20TH AV,18TH AV,GOOD,471.8,0.389,0.3,0,0.3,1.3282934871290308,0.8,0,1,1.0,0.493
VICTORIA DR,54TH AV / ARGYLE DRIVE,53RD AV,FAIR,1408.5,0.06,0.5,0,0.5,1.06736700270028,0.8,0,1,1.0,0.479
WOODLAND DR,GEORGIA ST,FRANCES ST,FAIR,1133.1,0.104,0.5,0,0.5,1.5411469857701263,0.8,0,1,1.0,0.485
VENABLES ST,SALSBURY DRIVE,VICTORIA DRIVE,GOOD,1462.6,0.054,0.3,0,0.3,90.23773778026953,0.5,0,1,1.0,0.368
VICTORIA DR,52ND AV,51ST AV,FAIR,1575.4,0.043,0.5,0,0.5,1.0973458015948836,0.8,0,1,1.0,0.476
YEW ST,49TH AV,48TH AV,NO DATA,629.3,0.284,0.5,1,0.4,1.8809758327240615,0.8,0,1,1.0,0.495
WEST BLVD,39TH AV,38TH AV,VERY POOR,1338.1,0.069,0.95,0,0.95,1.491143503565354,0.8,0,1,1.0,0.56
WINDERMERE ST,TURNER ST,PENDER ST,FAIR,259.9,0.595,0.5,0,0.5,0.10249551087349573,0.8,0,1,1.0,0.559
WEST BLVD,43RD AV,42ND AV,VERY POOR,1229.9,0.085,0.95,0,0.95,1.5011498450992917,0.8,0,1,1.0,0.562
VINE ST,15TH AV,14TH AV,VERY POOR,1820.5,0.026,0.95,0,0.95,1.502288860675833,0.8,0,1,1.0,0.553
VENABLES ST,ODLUM DRIVE,MCLEAN DRIVE,FAIR,868.8,0.176,0.5,0,0.5,91.42080900094686,0.5,0,1,1.0,0.421
VERNON DR,KEEFER ST,FRANCES ST,POOR,730.2,0.232,0.8,0,0.8,1.6137425155899905,0.8,0,1,1.0,0.558
VINE ST,19TH AV,18TH AV,GOOD,2065.8,0.016,0.3,0,0.3,1.5151033548081045,0.8,0,1,1.0,0.437
WINDSOR ST,10TH AV,BROADWAY,FAIR,1472.8,0.053,0.5,0,0.5,0.8291444659697618,0.8,0,1,1.0,0.478
YUKON ST,BROADWAY,8TH AV,GOOD,362.9,0.484,0.3,0,0.3,1.7324918940407201,0.8,0,1,1.0,0.507
VICTORIA DR,22ND AV,HULL ST,FAIR,355.8,0.491,0.5,0,0.5,354.3451800539381,0.8,0,1,1.0,0.544
WINDSOR ST,11TH AV,10TH AV,GOOD,1505.0,0.049,0.3,0,0.3,0.8413658253106746,0.8,0,1,1.0,0.442
WINDSOR ST,35TH AV,33RD AV,POOR,1532.4,0.047,0.8,0,0.8,1.1683552790673275,0.8,0,1,1.0,0.53
WELLINGTON AV,JOYCE ST,PAYNE ST,VERY GOOD,464.0,0.395,0.1,0,0.1,122.1715054674766,0.5,0,1,1.0,0.384
WHYTE AV,CHESTNUT ST,STOP SIGN,GOOD,169.8,0.712,0.3,0,0.3,76.19269746644756,0.5,0,1,1.0,0.467
WEST BLVD,49TH AV / ARBUTUS ST,48TH AV,VERY POOR,855.1,0.181,0.95,0,0.95,342.00707014691534,0.8,0,1,1.0,0.577
YUKON ST,20TH AV,19TH AV,GOOD,908.5,0.163,0.3,0,0.3,1.7331695868437578,0.8,0,1,1.0,0.459
VENABLES ST,KASLO ST,RENFREW ST,VERY POOR,554.5,0.33,0.95,0,0.95,90.10235093643445,0.5,0,1,1.0,0.524
YEW ST,5TH AV,4TH AV,VERY GOOD,1142.3,0.102,0.1,0,0.1,1.5370848749022912,0.8,0,1,1.0,0.415
VANNESS AV,CHATHAM ST,RUPERT ST,GOOD,725.8,0.234,0.3,0,0.3,121.97951750043671,0.5,0,1,1.0,0.395
YORK AV,VINE ST,YEW ST,FAIR,911.5,0.162,0.5,0,0.5,91.5258147268147,0.5,0,1,1.0,0.419
VENABLES ST,COTTON DRIVE,COMMERCIAL DRIVE,VERY POOR,1183.6,0.094,0.95,0,0.95,91.32215976195886,0.5,0,1,1.0,0.488
WEST BLVD,61ST AV / ANGUS DRIVE,60TH AV,VERY GOOD,772.8,0.213,0.1,0,0.1,339.30584691804233,0.8,0,1,1.0,0.431
WATERLOO ST,15TH AV,14TH AV,GOOD,1507.7,0.049,0.3,0,0.3,1.4827688274054367,0.8,0,1,1.0,0.442
WHYTE AV,CYPRESS ST,CHESTNUT ST,GOOD,181.6,0.695,0.3,0,0.3,91.5024719614587,0.5,0,1,1.0,0.464
VALLEY DR_1,ARBUTUS ST,30TH AV,VERY GOOD,1246.5,0.083,0.1,0,0.1,125.44667954579148,0.5,0,1,1.0,0.337
YUKON ST,13TH AV,12TH AV,VERY POOR,492.7,0.373,0.95,0,0.95,1.48208482007351,0.8,0,1,1.0,0.606
WELLINGTON AV,RUPERT ST,MCHARDY ST,GOOD,424.8,0.428,0.3,0,0.3,122.0407422087531,0.5,0,1,1.0,0.424
VICTORIA DR,40TH AV,39TH AV,VERY POOR,1113.5,0.108,0.95,0,0.95,1.0920155939737128,0.8,0,1,1.0,0.565
YEW ST,53RD AV,51ST AV,VERY POOR,423.6,0.429,0.95,0,0.95,1.4598866862503428,0.8,0,1,1.0,0.614
WATER ST,CARRALL ST,ABBOTT ST,NO DATA,418.4,0.433,0.5,1,0.4,285.71031297121624,0.5,0,1,1.0,0.442
YEW ST,32ND AV,VALLEY DRIVE,VERY POOR,1379.8,0.063,0.95,0,0.95,1.5172845488851863,0.8,0,1,1.0,0.559
WOODLAND DR,7TH AV,6TH AV,POOR,1081.5,0.115,0.8,0,0.8,0.7630284082163712,0.8,1,1,1.0,0.84
WINDSOR ST,38TH AV,37TH AV,GOOD,1554.0,0.045,0.3,0,0.3,2.608831528235555,0.8,0,1,1.0,0.441
WILTSHIRE ST,47TH AV,45TH AV,NO DATA,1076.1,0.116,0.5,1,0.4,1.4813848950170154,0.8,0,1,1.0,0.47
WAVERLEY AV,NANAIMO ST,CLARENDON ST,VERY GOOD,1249.3,0.082,0.1,0,0.1,96.65283400720057,0.5,0,1,1.0,0.337
WEST BLVD,53RD AV,51ST AV,VERY GOOD,798.0,0.203,0.1,0,0.1,338.91504167868425,0.8,0,1,1.0,0.43
WILLOW ST,10TH AV,BROADWAY,VERY POOR,275.0,0.577,0.95,0,0.95,1.4049666476577727,0.8,0,1,1.0,0.636
YUKON ST,48TH AV,46TH AV,GOOD,373.8,0.474,0.3,0,0.3,0.3806766940107309,0.8,0,1,1.0,0.506
VICTORIA DR,SCARBORO AV,61ST AV,GOOD,707.3,0.243,0.3,0,0.3,0.7347152058135293,0.8,0,1,1.0,0.471
VERNON DR,CHARLES ST,WILLIAM ST,GOOD,667.3,0.263,0.3,0,0.3,0.9202358759741287,0.8,0,1,1.0,0.474
WINDERMERE ST,VENABLES ST,ADANAC ST,POOR,506.7,0.363,0.8,0,0.8,1.9845239237404826,0.8,0,1,1.0,0.577
VANNESS AV,GASTON ST,MELBOURNE ST,FAIR,763.5,0.217,0.5,0,0.5,124.88363404924087,0.5,0,1,1.0,0.428
WATERLOO ST,2ND AV,POINT GREY ROAD,FAIR,981.9,0.14,0.5,0,0.5,1.4584477056800438,0.8,0,1,1.0,0.491
VICTORIA DR,10TH AV,BROADWAY,POOR,494.8,0.372,0.8,0,0.8,0.7624936557456863,0.8,0,1,1.0,0.579
WELLINGTON AV,REID ST,RUPERT ST,VERY POOR,522.4,0.352,0.95,0,0.95,122.23804836251492,0.5,0,1,1.0,0.527
WATERLOO ST,14TH AV,13TH AV,FAIR,1433.2,0.057,0.5,0,0.5,1.399015343728479,0.8,0,1,1.0,0.478
VENABLES ST,RENFREW ST,NOOTKA ST,POOR,555.3,0.329,0.8,0,0.8,89.92169585672423,0.5,0,1,1.0,0.497
VICTORIA DR,VENABLES ST,ADANAC ST,VERY GOOD,1603.9,0.04,0.1,0,0.1,0.16214727166334342,0.8,0,1,1.0,0.405
WELWYN ST,22ND AV,21ST AV,GOOD,603.8,0.299,0.3,0,0.3,1.3116504152277457,0.8,0,1,1.0,0.48
VALLEY DR,EDDINGTON DRIVE,MCMULLEN AV,FAIR,1647.9,0.037,0.5,0,0.5,334.8648539996492,0.8,0,1,1.0,0.475
VICTORIA DR,34TH AV,MANNERING AV,VERY POOR,1080.0,0.115,0.95,0,0.95,1.2924961853669856,0.8,0,1,1.0,0.567
VIMY CRES,DIEPPE DRIVE,DIEPPE DRIVE / MATAPAN CRESCENT,VERY POOR,425.9,0.427,0.95,0,0.95,315.3247305171835,0.8,0,1,1.0,0.614
WINDERMERE ST,28TH AV,27TH AV,GOOD,540.8,0.339,0.3,0,0.3,0.21211044944658397,0.8,0,1,1.0,0.486
64TH AV,BUSCOMBE ST,ST. GEORGE ST,POOR,732.7,0.231,0.8,0,0.8,90.82577182425132,0.5,0,1,1.0,0.483
35TH AV,SOPHIA ST,PRINCE EDWARD ST,POOR,468.5,0.392,0.8,0,0.8,91.8011344771316,0.5,0,1,1.0,0.507
ALBERTA ST,4TH AV,2ND AV,FAIR,220.2,0.644,0.5,0,0.5,359.8328069196684,0.8,0,1,1.0,0.567
45TH AV,TRAFALGAR ST,ELM ST,VERY GOOD,756.7,0.22,0.1,0,0.1,91.52122583855225,0.5,0,1,1.0,0.357
61ST AV,LABURNUM ST,ANGUS DRIVE / WEST BOULEVARD,VERY GOOD,615.8,0.292,0.1,0,0.1,91.16056232735104,0.5,0,1,1.0,0.368
34TH AV,MACDONALD ST,TRAFALGAR ST,VERY GOOD,1732.5,0.031,0.1,0,0.1,90.46550116427653,0.5,0,1,1.0,0.329
51ST AV,IR BOUNDARY,DUNBAR ST,GOOD,165.7,0.718,0.3,0,0.3,90.72086095811432,0.5,0,1,1.0,0.468
32ND AV,OAK ST,LAUREL ST,POOR,252.7,0.603,0.8,0,0.8,89.93436582763576,0.5,0,1,1.0,0.539
45TH AV,SELKIRK ST,MONTGOMERY ST,FAIR,904.4,0.164,0.5,0,0.5,93.05856895507407,0.5,0,1,1.0,0.42
BALACLAVA ST,34TH AV,33RD AV,GOOD,1528.7,0.047,0.3,0,0.3,0.5652172651974183,0.8,0,1,1.0,0.442
20TH AV,WELWYN ST,COMMERCIAL ST,POOR,466.6,0.393,0.8,0,0.8,91.49969330385545,0.5,0,1,1.0,0.507
ADANAC ST,SALSBURY DRIVE,VICTORIA DRIVE,POOR,1418.0,0.059,0.8,0,0.8,90.22867025119456,0.5,0,1,1.0,0.457
47TH AV,DUNBAR ST,COLLINGWOOD ST,VERY POOR,211.0,0.656,0.95,0,0.95,90.72075751165971,0.5,0,1,1.0,0.573
56TH AV,LANCASTER PLACE,KERR ST,POOR,607.2,0.297,0.8,0,0.8,91.78804902289028,0.5,0,1,1.0,0.493
35TH AV,SOMERVILLE ST,WINDSOR ST,GOOD,1453.4,0.055,0.3,0,0.3,91.1512875412879,0.5,0,1,1.0,0.368
37TH AV,DUNBAR ST,COLLINGWOOD ST,FAIR,1189.3,0.093,0.5,0,0.5,90.44458138528506,0.5,0,1,1.0,0.409
38TH AV,SLOCAN ST,CHAMBERS ST,GOOD,252.2,0.604,0.3,0,0.3,90.49571441328101,0.5,0,1,1.0,0.451
14TH AV,ALMA ST,DUNBAR ST,NO DATA,1266.9,0.079,0.5,1,0.4,91.43196846940936,0.5,0,1,1.0,0.389
CARNARVON ST,27TH AV,26TH AV,VERY GOOD,2292.9,0.01,0.1,0,0.1,0.49555797824268666,0.8,0,1,1.0,0.401
36TH AV,HIGHBURY ST,DUNBAR ST,VERY POOR,1342.0,0.068,0.95,0,0.95,90.48904721570887,0.5,0,1,1.0,0.485
5TH AV,KASLO ST,RENFREW ST,GOOD,759.3,0.219,0.3,0,0.3,90.25601837698139,0.5,0,1,1.0,0.393
33RD AV,PRINCE ALBERT ST,ST. CATHERINES ST,POOR,1294.3,0.075,0.8,0,0.8,90.53851814892249,0.5,0,1,1.0,0.459
10TH AV,WEST END,CLARK DRIVE,POOR,1136.5,0.103,0.8,0,0.8,90.80644187563979,0.5,0,1,1.0,0.463
BURNABY ST,BIDWELL ST,CARDERO ST,VERY GOOD,735.1,0.23,0.1,0,0.1,134.79984330292888,0.5,0,1,1.0,0.359
12TH AV,WILLOW ST,HEATHER ST,GOOD,70.6,0.868,0.3,0,0.3,91.50934742604295,0.5,0,1,1.0,0.49
17TH AV,COPLEY ST,PENTICTON ST,GOOD,438.2,0.416,0.3,0,0.3,87.85730037235294,0.5,0,1,1.0,0.422
COMMERCIAL ST,22ND AV,STAINSBURY AV,FAIR,473.8,0.388,0.5,0,0.5,1.266010903193262,0.8,0,1,1.0,0.528
BLANCA ST,5TH AV,4TH AV,FAIR,918.9,0.159,0.5,0,0.5,1.5076968094739982,0.8,0,1,1.0,0.494
49TH AV,QUEBEC ST,MAIN ST,POOR,176.3,0.703,0.8,0,0.8,91.8302632335708,0.5,0,1,1.0,0.554
COMMERCIAL DR,2ND AV,1ST AV,POOR,1294.9,0.075,0.8,0,0.8,0.7096258763261858,0.8,0,1,1.0,0.534
CHAMBERS ST,37TH AV,34TH AV,GOOD,165.3,0.719,0.3,0,0.3,0.5824352255817189,0.8,0,1,1.0,0.543
13TH AV,SPRUCE ST,OAK ST,VERY GOOD,304.8,0.544,0.1,0,0.1,91.49168707943642,0.5,0,1,1.0,0.406
50TH AV,ASH ST,CAMBIE ST,FAIR,474.7,0.387,0.5,0,0.5,93.37856726035238,0.5,0,1,1.0,0.453
52ND AV,FREMLIN ST,LAUREL ST,VERY GOOD,1016.2,0.131,0.1,0,0.1,91.35361409534579,0.5,0,1,1.0,0.344
35TH AV,CYPRESS ST,PINE CRESCENT,VERY POOR,737.8,0.229,0.95,0,0.95,91.47711433396455,0.5,0,1,1.0,0.509
CARTIER ST,NANTON AV,26TH AV,FAIR,692.7,0.25,0.5,0,0.5,1.415071307751873,0.8,0,1,1.0,0.508
28TH AV,BALACLAVA ST,CARNARVON ST,VERY GOOD,2152.4,0.014,0.1,0,0.1,90.47846734359439,0.5,0,1,1.0,0.326
39TH AV,BAILLIE ST,HEATHER ST,FAIR,652.8,0.271,0.5,0,0.5,93.10372007446341,0.5,0,1,1.0,0.436
ALMA ST,41ST AV,39TH AV,NO DATA,903.0,0.164,0.5,1,0.4,0.839350869715247,0.8,0,1,1.0,0.477
39TH AV,CHESTER ST,PRINCE ALBERT ST,VERY GOOD,1289.6,0.076,0.1,0,0.1,91.00088966768396,0.5,0,1,1.0,0.336
51ST AV,LIME ST,BEECHWOOD ST,NO DATA,575.3,0.316,0.5,1,0.4,91.18683613032556,0.5,0,1,1.0,0.425
3RD AV,MCLEAN DRIVE,WOODLAND DRIVE,GOOD,1218.4,0.087,0.3,0,0.3,90.83756667617342,0.5,0,1,1.0,0.373
49TH AV,MONTGOMERY ST,OAK ST,FAIR,1329.5,0.07,0.5,0,0.5,93.20120049199897,0.5,0,1,1.0,0.405
64TH AV,ADERA ST,GRANVILLE ST,GOOD,846.2,0.184,0.3,0,0.3,91.56297595245621,0.5,0,1,1.0,0.387
55TH AV,CULLODEN ST,KNIGHT ST,GOOD,1194.8,0.092,0.3,0,0.3,90.74193715556896,0.5,0,1,1.0,0.373
11TH AV,COLUMBIA ST,MANITOBA ST,GOOD,655.7,0.269,0.3,0,0.3,91.17184838053589,0.5,0,1,1.0,0.4
CELTIC AV,BLENHEIM ST,BALACLAVA ST,POOR,54.9,0.896,0.8,0,0.8,115.09310776108816,0.5,0,1,1.0,0.583
ADERA ST,SW MARINE DRIVE,68TH AV,POOR,458.2,0.4,0.8,0,0.8,1.5050220826607301,0.8,0,1,1.0,0.583
CARNARVON ST,44TH AV,43RD AV,NO DATA,674.7,0.259,0.5,1,0.4,0.5624804708407964,0.8,0,1,1.0,0.491
15TH AV,INVERNESS ST,CLARK DRIVE,FAIR,1043.0,0.124,0.5,0,0.5,93.61213305999587,0.5,0,1,1.0,0.414
30TH AV,WALLACE ST,HIGHBURY ST,NO DATA,2009.8,0.018,0.5,1,0.4,90.56925998991153,0.5,0,1,1.0,0.38
49TH AV,HEATHER ST,TISDALL ST,GOOD,795.4,0.204,0.3,0,0.3,93.33232336563333,0.5,0,1,1.0,0.39
BARCLAY ST,DENMAN ST,BIDWELL ST,FAIR,423.8,0.428,0.5,0,0.5,134.80034676024695,0.5,0,1,1.0,0.459
54TH AV,SELKIRK ST,MONTGOMERY ST,POOR,1478.3,0.052,0.8,0,0.8,91.33896605588131,0.5,0,1,1.0,0.456
47TH AV,MAIN ST,SOPHIA ST,FAIR,409.4,0.441,0.5,0,0.5,92.48461558274789,0.5,0,1,1.0,0.461
52ND AV,TYNE ST,TODERICK ST,GOOD,1016.9,0.131,0.3,0,0.3,101.5364990004204,0.5,0,1,1.0,0.379
BALSAM ST,22ND AV,21ST AV,FAIR,2186.2,0.013,0.5,0,0.5,1.5093566578710806,0.8,0,1,1.0,0.472
40TH AV,ONTARIO ST,QUEBEC ST,VERY POOR,484.3,0.38,0.95,0,0.95,91.87715106863732,0.5,0,1,1.0,0.531
51ST AV,DUMFRIES ST,FLEMING ST,VERY POOR,1613.0,0.04,0.95,0,0.95,90.80330715711261,0.5,0,1,1.0,0.48
33RD AV,BALACLAVA ST,CARNARVON ST,POOR,1631.9,0.038,0.8,0,0.8,90.468863005846,0.5,0,1,1.0,0.454
45TH AV,INVERNESS ST,CULLODEN ST,GOOD,1952.2,0.02,0.3,0,0.3,91.22519841100785,0.5,0,1,1.0,0.363
CAMPBELL AV,KEEFER ST,PENDER ST,VERY GOOD,456.1,0.402,0.1,0,0.1,1.8194801660536655,0.8,0,1,1.0,0.46
BENTLEY ST,SOUTHWEST END,75TH AV,VERY GOOD,7.3,0.985,0.1,0,0.1,30.045085086292147,0.8,0,1,1.0,0.548
12TH AV,BURRARD ST,PINE ST,VERY GOOD,902.0,0.165,0.1,0,0.1,91.51530840250831,0.5,0,1,1.0,0.349
COMMERCIAL ST,KINGSWAY,22ND AV,POOR,607.7,0.297,0.8,0,0.8,0.045363592199066716,0.8,0,1,1.0,0.567
13TH AV,ONTARIO ST,QUEBEC ST,GOOD,1037.5,0.126,0.3,0,0.3,91.63279136123867,0.5,0,1,1.0,0.378
COLLINGWOOD PL,SOUTHEAST END,COLLINGWOOD ST,GOOD,404.5,0.445,0.3,0,0.3,47.928637122934845,0.5,0,1,1.0,0.427
CAROLINA ST,23RD AV,22ND AV,GOOD,1546.1,0.045,0.3,0,0.3,1.4206148937485636,0.8,0,1,1.0,0.441
49TH AV,FRASER ST,CHESTER ST,FAIR,1123.0,0.106,0.5,0,0.5,91.09293775212865,0.5,0,1,1.0,0.411
BURRARD ST,SMITHE ST,ROBSON ST,FAIR,147.3,0.745,0.5,0,0.5,44.77579635012199,0.8,0,1,1.0,0.582
28TH AV,KAMLOOPS ST,PENTICTON ST,VERY POOR,875.1,0.174,0.95,0,0.95,89.93167498680532,0.5,0,1,1.0,0.5
BLENHEIM ST,16TH AV,15TH AV,VERY GOOD,1680.0,0.035,0.1,0,0.1,1.5359751497427965,0.8,0,1,1.0,0.404
2ND AV,STEPHENS ST,TRAFALGAR ST,FAIR,1586.5,0.042,0.5,0,0.5,91.44587510812124,0.5,0,1,1.0,0.401
63RD AV,WINDSOR ST,ROSS ST,VERY POOR,559.6,0.327,0.95,0,0.95,91.65431872951052,0.5,0,1,1.0,0.523
59TH AV,CAMBIE ST,YUKON ST,GOOD,362.5,0.484,0.3,0,0.3,90.97775013086067,0.5,0,1,1.0,0.433
5TH AV,ST. GEORGE ST,CAROLINA ST,VERY GOOD,769.2,0.215,0.1,0,0.1,90.74844322897479,0.5,0,1,1.0,0.357
71ST AV,OAK ST,SHAUGHNESSY ST,VERY GOOD,631.4,0.283,0.1,0,0.1,91.20852159663167,0.5,0,1,1.0,0.367
BLENHEIM ST,QUESNEL DRIVE,PUGET DRIVE,FAIR,1818.6,0.026,0.5,0,0.5,7.436572370083866,0.8,0,1,1.0,0.474
11TH AV,ALMA ST,DUNBAR ST,NO DATA,1003.6,0.134,0.5,1,0.4,91.50362036065246,0.5,0,1,1.0,0.397
5TH AV,COMMERCIAL DRIVE,BAUER ST,GOOD,983.2,0.14,0.3,0,0.3,90.74092921936847,0.5,0,1,1.0,0.381
19TH AV,ASH ST,CAMBIE ST,POOR,683.2,0.255,0.8,0,0.8,97.59698912682813,0.5,0,1,1.0,0.486
26TH AV,CASSIAR ST,SKEENA ST,GOOD,304.8,0.544,0.3,0,0.3,89.88172282818903,0.5,0,1,1.0,0.441
ALMA ST,7TH AV,6TH AV,VERY POOR,652.0,0.271,0.95,0,0.95,1.4206391523894126,0.8,0,1,1.0,0.59
ARGYLE DR,59TH AV / ARGYLE ST,57TH AV,FAIR,858.4,0.18,0.5,0,0.5,18.717479698974273,0.8,0,1,1.0,0.497
51ST AV,MAIN ST,SOPHIA ST,FAIR,381.5,0.466,0.5,0,0.5,91.8813788628425,0.5,0,1,1.0,0.465
ARBUTUS ST,14TH AV,13TH AV,GOOD,1515.4,0.048,0.3,0,0.3,1.5335759718362283,0.8,0,1,1.0,0.442
5TH AV,GRANVILLE ST,HEMLOCK ST,VERY GOOD,286.7,0.564,0.1,0,0.1,91.4672842226239,0.5,0,1,1.0,0.409
BUTE ST,GEORGIA ST,MELVILLE ST,POOR,197.0,0.674,0.8,0,0.8,44.76483876807879,0.8,0,1,1.0,0.624
BALFOUR AV,HUDSON ST,SELKIRK ST,VERY POOR,1123.7,0.106,0.95,0,0.95,90.0025050212725,0.5,0,1,1.0,0.49
42ND AV,CAMBIE ST,ALBERTA ST,GOOD,812.6,0.197,0.3,0,0.3,93.49380859714586,0.5,0,1,1.0,0.389
44TH AV,LATTA ST,TYNE ST,GOOD,1439.2,0.056,0.3,0,0.3,90.27274327080795,0.5,0,1,1.0,0.368
8TH AV,COURTENAY ST,CROWN CRESCENT,VERY POOR,622.7,0.288,0.95,0,0.95,91.41628188328775,0.5,0,1,1.0,0.518
ASH ST,KENT AV SOUTH,71ST AV,POOR,172.4,0.708,0.8,0,0.8,359.09573475051286,0.8,0,1,1.0,0.63
59TH AV,LAUREL ST,HEATHER ST,FAIR,826.3,0.192,0.5,0,0.5,91.31958705820335,0.5,0,1,1.0,0.424
BURRARD ST,6TH AV,5TH AV,VERY GOOD,567.6,0.321,0.1,0,0.1,1.4985711973203024,0.8,0,1,1.0,0.448
BALACLAVA ST,38TH AV,37TH AV,VERY GOOD,1118.5,0.107,0.1,0,0.1,0.4745245122944084,0.8,0,1,1.0,0.415
21ST AV,VALLEY DRIVE,BALSAM ST,FAIR,2244.7,0.011,0.5,0,0.5,91.52668222117893,0.5,0,1,1.0,0.397
43RD AV,KNIGHT ST,LANARK ST,POOR,1976.7,0.019,0.8,0,0.8,90.84960544976366,0.5,0,1,1.0,0.451
40TH AV,SOMERSET CRESCENT,GRANVILLE ST,POOR,362.8,0.484,0.8,0,0.8,100.50681087259761,0.5,0,1,1.0,0.521
6TH AV,VICTORIA DRIVE,SEMLIN DRIVE,FAIR,719.6,0.237,0.5,0,0.5,90.6274648045129,0.5,0,1,1.0,0.431
8TH AV,PENTICTON ST,SLOCAN ST,FAIR,274.7,0.577,0.5,0,0.5,90.07155956363431,0.5,0,1,1.0,0.482
COLUMBIA ST,KEEFER ST,PENDER ST,POOR,32.6,0.937,0.8,0,0.8,357.44811477753694,0.8,0,1,1.0,0.664
2ND AV,BALSAM ST,VINE ST,FAIR,1170.1,0.096,0.5,0,0.5,91.5142491011382,0.5,0,1,1.0,0.409
22ND AV,KAMLOOPS ST,PENTICTON ST,VERY POOR,650.2,0.272,0.95,0,0.95,89.60646908910303,0.5,0,1,1.0,0.515
63RD AV,ROSS ST,INVERNESS ST,VERY POOR,505.7,0.364,0.95,0,0.95,90.413937586916,0.5,0,1,1.0,0.529
24TH AV,SLOCAN ST,KASLO ST,POOR,1058.9,0.12,0.8,0,0.8,90.54695299978891,0.5,0,1,1.0,0.466
BALFOUR AV,CARTIER ST,HUDSON ST,VERY POOR,1195.9,0.091,0.95,0,0.95,97.26935010610322,0.5,0,1,1.0,0.488
52ND AV,WEST END,FRASER ST,FAIR,876.5,0.173,0.5,0,0.5,90.74030293077277,0.5,0,1,1.0,0.421
12TH AV,CAMOSUN ST,CROWN ST,POOR,940.5,0.152,0.8,0,0.8,91.4188295713858,0.5,0,1,1.0,0.471
14TH AV,PRINCE ALBERT ST,ST. CATHERINES ST,GOOD,1598.5,0.041,0.3,0,0.3,92.819104406458,0.5,0,1,1.0,0.366
43RD AV,PRINCE EDWARD ST,ST. GEORGE ST,GOOD,895.8,0.167,0.3,0,0.3,91.43396761489373,0.5,0,1,1.0,0.385
54TH AV,LABURNUM ST,CYPRESS ST,FAIR,852.4,0.182,0.5,0,0.5,91.25358422469128,0.5,0,1,1.0,0.422
35TH AV,MACKENZIE ST,MACDONALD ST,VERY GOOD,1562.0,0.044,0.1,0,0.1,90.47481925701607,0.5,0,1,1.0,0.331
2ND AV,SCOTIA ST,GREAT NORTHERN WAY,FAIR,353.8,0.493,0.5,0,0.5,124.1508968887992,0.5,0,1,1.0,0.469
36TH AV,SOPHIA ST,PRINCE EDWARD ST,NO DATA,477.9,0.384,0.5,1,0.4,91.78774150772796,0.5,0,1,1.0,0.435
60TH AV,FRASER ST,PRINCE ALBERT ST,GOOD,938.9,0.153,0.3,0,0.3,91.02844380770159,0.5,0,1,1.0,0.383
14TH AV,SPRUCE ST,OAK ST,VERY POOR,329.7,0.517,0.95,0,0.95,91.49428122463911,0.5,0,1,1.0,0.552
48TH AV,WILLOW ST,TISDALL ST,FAIR,877.3,0.173,0.5,0,0.5,93.10590031693016,0.5,0,1,1.0,0.421
CHESTER ST,SE MARINE DRIVE,63RD AV,VERY GOOD,485.0,0.379,0.1,0,0.1,0.9236864381272198,0.8,0,1,1.0,0.456
CASSIAR CONNECTOR NB,FRANKLIN ST,PANDORA ST,POOR,530.4,0.346,0.8,0,0.8,359.63438257490674,0.8,0,1,1.0,0.575
16TH AV,ASH ST,CAMBIE ST,POOR,433.7,0.42,0.8,0,0.8,91.87452447011628,0.5,0,1,1.0,0.511
BURNABY ST,BROUGHTON ST,JERVIS ST,VERY GOOD,409.8,0.441,0.1,0,0.1,134.57108970297173,0.5,0,1,1.0,0.391
43RD AV,FREMLIN ST,LAUREL ST,POOR,791.6,0.205,0.8,0,0.8,93.08884534132886,0.5,0,1,1.0,0.479
47TH AV,DUMFRIES ST,FLEMING ST,FAIR,1997.3,0.018,0.5,0,0.5,91.0197945468326,0.5,0,1,1.0,0.398
COLUMBIA ST,42ND AV,WOODSTOCK AV,VERY POOR,659.0,0.268,0.95,0,0.95,1.8253681892523446,0.8,0,1,1.0,0.59
31ST AV,BEATRICE ST,VICTORIA DRIVE,VERY GOOD,1205.9,0.09,0.1,0,0.1,92.67831586976541,0.5,0,1,1.0,0.338
45TH AV,CARTIER ST,CARTIER ST,NO DATA,855.1,0.181,0.5,1,0.4,93.0446514595186,0.5,0,1,1.0,0.404
7TH AV,SLOCAN ST,KASLO ST,VERY POOR,490.6,0.375,0.95,0,0.95,90.32499966675397,0.5,0,1,1.0,0.531
36TH AV,DUMFRIES ST,ARGYLE ST,POOR,1500.6,0.05,0.8,0,0.8,91.39808602495503,0.5,0,1,1.0,0.455
55TH AV,ROSEMONT DRIVE,ELMHURST DRIVE,GOOD,605.2,0.298,0.3,0,0.3,90.0616250443486,0.5,0,1,1.0,0.404
31ST AV,CAMOSUN ST,CROWN ST,FAIR,2069.7,0.016,0.5,0,0.5,90.50288988249031,0.5,0,1,1.0,0.397
COLLINGWOOD ST,24TH AV,23RD AV,FAIR,2193.1,0.012,0.5,0,0.5,0.5071053654047546,0.8,0,1,1.0,0.472
12TH AV,ALDER ST,SPRUCE ST,POOR,395.2,0.454,0.8,0,0.8,91.49189340781186,0.5,0,1,1.0,0.516
5TH AV,VICTORIA DRIVE,SEMLIN DRIVE,FAIR,776.3,0.212,0.5,0,0.5,90.74323917880974,0.5,0,1,1.0,0.427
6TH AV,WEST END,BLANCA ST,VERY POOR,972.7,0.143,0.95,0,0.95,86.81518909276224,0.5,0,1,1.0,0.496
40TH AV,WEST END,YEW ST,NO DATA,1371.2,0.064,0.5,1,0.4,91.4112926395598,0.5,0,1,1.0,0.387
8TH AV,BLANCA ST,TOLMIE ST,POOR,1166.5,0.097,0.8,0,0.8,91.75956363497892,0.5,0,1,1.0,0.462
ALDER ST,14TH AV,13TH AV,VERY POOR,498.4,0.369,0.95,0,0.95,1.4922446717826006,0.8,0,1,1.0,0.605
26TH AV,BALACLAVA ST,CARNARVON ST,POOR,2361.5,0.009,0.8,0,0.8,90.4650745105962,0.5,0,1,1.0,0.449
ARGYLE ST,32ND AV,30TH AV,VERY GOOD,1370.3,0.065,0.1,0,0.1,1.6531457865886523,0.8,0,1,1.0,0.409
15TH AV,YUKON ST,ALBERTA ST,VERY POOR,698.7,0.247,0.95,0,0.95,91.54729977262923,0.5,0,1,1.0,0.512
BALACLAVA ST,16TH AV,15TH AV,FAIR,1880.6,0.023,0.5,0,0.5,4.258538940976962,0.8,0,1,1.0,0.473
CONNAUGHT DR,33RD AV,32ND AV,FAIR,457.6,0.4,0.5,0,0.5,6.978533983953355,0.8,0,1,1.0,0.53
45TH AV,MANITOBA ST,ONTARIO ST,VERY GOOD,432.4,0.421,0.1,0,0.1,92.9228809469243,0.5,0,1,1.0,0.388
8TH AV,BIRCH ST,ALDER ST,FAIR,12.6,0.975,0.5,0,0.5,91.49829139629526,0.5,0,1,1.0,0.542
49TH AV,COMMERCIAL ST,BEATRICE ST,VERY POOR,1819.1,0.026,0.95,0,0.95,90.88940737606754,0.5,0,1,1.0,0.478
10TH AV,MAPLE ST,CYPRESS ST,VERY POOR,1058.5,0.12,0.95,0,0.95,91.52373062767629,0.5,0,1,1.0,0.492
BLANCA ST,13TH AV,12TH AV,FAIR,1584.1,0.042,0.5,0,0.5,1.5227158172910435,0.8,0,1,1.0,0.476
BALACLAVA ST,SW MARINE DRIVE,SOUTHLANDS PLACE,GOOD,326.7,0.52,0.3,0,0.3,0.6476710922721054,0.8,0,1,1.0,0.513
BOUNDARY RD SB TO 29TH AV WB LANE,29TH AV,BOUNDARY ROAD,GOOD,355.3,0.491,0.3,0,0.3,26.40553915046678,0.8,0,1,1.0,0.509
38TH AV,BALACLAVA ST,CARNARVON ST,NO DATA,1118.2,0.107,0.5,1,0.4,90.47303666475364,0.5,0,1,1.0,0.393
39TH AV,BALACLAVA ST,CARNARVON ST,NO DATA,1017.1,0.131,0.5,1,0.4,90.47000132298115,0.5,0,1,1.0,0.397
10TH AV,TRAFALGAR ST,LARCH ST,NO DATA,1845.6,0.025,0.5,1,0.4,93.40053972334033,0.5,0,1,1.0,0.381
CASSIAR ST,HERMON DRIVE,6TH AV,VERY POOR,269.4,0.583,0.95,0,0.95,0.07754019815035917,0.8,0,1,1.0,0.637
32ND AV,COMMERCIAL ST,BEATRICE ST,POOR,1235.5,0.084,0.8,0,0.8,91.399139550997,0.5,0,1,1.0,0.461
34TH AV,BLENHEIM ST,BALACLAVA ST,GOOD,1500.2,0.05,0.3,0,0.3,90.46768620937883,0.5,0,1,1.0,0.367
45TH AV,ASH ST,CAMBIE ST,NO DATA,666.9,0.263,0.5,1,0.4,93.10510804626756,0.5,0,1,1.0,0.417
CAMOSUN ST,35TH AV,34TH AV,POOR,1852.1,0.025,0.8,0,0.8,359.89816227722514,0.8,0,1,1.0,0.526
10TH AV,BALSAM ST,VINE ST,NO DATA,1552.4,0.045,0.5,1,0.4,91.48659778875924,0.5,0,1,1.0,0.384
50TH AV,HUDSON ST,SELKIRK ST,VERY GOOD,1390.0,0.062,0.1,0,0.1,91.33837209331989,0.5,0,1,1.0,0.334
BLENHEIM ST,10TH AV,BROADWAY,GOOD,1297.4,0.075,0.3,0,0.3,1.4974345937566227,0.8,0,1,1.0,0.446
6TH AV,WATERLOO ST,BLENHEIM ST,FAIR,1045.8,0.123,0.5,0,0.5,91.53582697118759,0.5,0,1,1.0,0.413
32ND AV,ANGUS DRIVE,BEVERLY CRESCENT,VERY POOR,605.8,0.298,0.95,0,0.95,95.38785848379024,0.5,0,1,1.0,0.519
4TH AV,MACDONALD ST,STEPHENS ST,POOR,1804.5,0.027,0.8,0,0.8,91.43636969803077,0.5,0,1,1.0,0.452
2ND AV,TOLMIE ST,BELLEVUE DRIVE,VERY POOR,890.9,0.168,0.95,0,0.95,91.55271162548274,0.5,0,1,1.0,0.5
17TH AV,ONTARIO ST,QUEBEC ST,GOOD,1269.5,0.079,0.3,0,0.3,91.59751728218578,0.5,0,1,1.0,0.371
BLENHEIM ST,7TH AV,6TH AV,FAIR,1183.9,0.094,0.5,0,0.5,1.5281454189035912,0.8,0,1,1.0,0.484
61ST AV,ADERA ST,GRANVILLE ST,VERY POOR,1053.1,0.122,0.95,0,0.95,91.49163452726384,0.5,0,1,1.0,0.493
ASH ST,61ST AV,60TH AV,VERY POOR,479.1,0.384,0.95,0,0.95,1.4238882697273993,0.8,0,1,1.0,0.607
4TH AV,TRUTCH ST,BALACLAVA ST,GOOD,1279.5,0.077,0.3,0,0.3,91.46522390220338,0.5,0,1,1.0,0.371
15TH AV,MAPLE ST,CYPRESS ST,NO DATA,1353.5,0.067,0.5,1,0.4,91.54425241097749,0.5,0,1,1.0,0.387
12TH AV,DISCOVERY ST,COURTENAY ST,FAIR,1012.7,0.132,0.5,0,0.5,91.48787188441793,0.5,0,1,1.0,0.415
53RD AV,OSLER ST,OAK ST,VERY GOOD,1223.6,0.087,0.1,0,0.1,91.38528771165602,0.5,0,1,1.0,0.337
CHARLES ST,VERNON DRIVE,CLARK DRIVE,POOR,695.2,0.249,0.8,0,0.8,91.32061062170129,0.5,0,1,1.0,0.485
BRAKENRIDGE ST,MCMULLEN AV,MCBAIN AV,VERY POOR,1889.4,0.023,0.95,0,0.95,310.46692053180846,0.5,0,1,1.0,0.478
22ND AV,GLENGYLE ST,SIDNEY ST,VERY POOR,456.4,0.401,0.95,0,0.95,90.93009760731235,0.5,0,1,1.0,0.535
35TH AV,ELGIN ST,ROSS ST,VERY POOR,1615.2,0.04,0.95,0,0.95,91.21030462962835,0.5,0,1,1.0,0.48
12TH AV,CLARK DRIVE,WOODLAND DRIVE,GOOD,800.3,0.202,0.3,0,0.3,90.76224014409678,0.5,0,1,1.0,0.39
13TH AV,LAKEWOOD DRIVE,TEMPLETON DRIVE,POOR,143.8,0.75,0.8,0,0.8,90.69219020396235,0.5,0,1,1.0,0.561
29TH AV,RUPERT ST,TANNER ST,VERY POOR,162.3,0.723,0.95,0,0.95,90.29002004561335,0.5,0,1,1.0,0.583
19TH AV,CAMOSUN ST,CROWN ST,NO DATA,1624.4,0.039,0.5,1,0.4,90.45784998013517,0.5,0,1,1.0,0.383
7TH AV,PINE ST,FIR ST,FAIR,551.7,0.332,0.5,0,0.5,91.52701795308963,0.5,0,1,1.0,0.445
52ND AV,EAST BOULEVARD,LABURNUM ST,FAIR,870.7,0.175,0.5,0,0.5,91.2310770013317,0.5,0,1,1.0,0.421
30TH AV,JAMES ST,QUEBEC ST,GOOD,408.1,0.442,0.3,0,0.3,91.91096583329681,0.5,0,1,1.0,0.426
21ST AV,ONTARIO ST,QUEBEC ST,FAIR,993.1,0.137,0.5,0,0.5,91.62096821833995,0.5,0,1,1.0,0.416
ARBUTUS ST,7TH AV,6TH AV,GOOD,1051.5,0.122,0.3,0,0.3,1.5028653420952196,0.8,0,1,1.0,0.453
BOUNDARY RD,TRINITY ST,YALE ST,FAIR,816.7,0.195,0.5,0,0.5,0.638324401239629,0.8,0,1,1.0,0.499
CAROLINA ST,7TH AV,6TH AV,VERY GOOD,941.7,0.152,0.1,0,0.1,0.6424614412525216,0.8,0,1,1.0,0.422
8TH AV,ALMA ST,DUNBAR ST,VERY GOOD,770.7,0.214,0.1,0,0.1,91.4237017399642,0.5,0,1,1.0,0.357
26TH AV,WALLACE ST,HIGHBURY ST,NO DATA,2362.2,0.009,0.5,1,0.4,90.60081779530049,0.5,0,1,1.0,0.379
29TH AV,ONTARIO ST,JAMES ST,POOR,468.4,0.392,0.8,0,0.8,91.51472991698915,0.5,0,1,1.0,0.507
CARNARVON ST,12TH AV,11TH AV,FAIR,1764.4,0.029,0.5,0,0.5,1.489182895402223,0.8,0,1,1.0,0.474
2ND AV,LAKEWOOD DRIVE,TEMPLETON DRIVE,VERY GOOD,843.6,0.185,0.1,0,0.1,90.73271499628277,0.5,0,1,1.0,0.352
53RD AV,GRANVILLE ST,CARTIER ST,POOR,1647.8,0.037,0.8,0,0.8,91.35355795596854,0.5,0,1,1.0,0.453
49TH AV,CHESTER ST,PRINCE ALBERT ST,POOR,1224.0,0.086,0.8,0,0.8,91.04673643903084,0.5,0,1,1.0,0.461
11TH AV,YUKON ST,ALBERTA ST,FAIR,429.3,0.424,0.5,0,0.5,91.52883534764817,0.5,0,1,1.0,0.459
28TH AV,RUPERT ST,SKEENA ST,GOOD,112.5,0.799,0.3,0,0.3,90.32202452316551,0.5,0,1,1.0,0.48
BLENHEIM ST,BROADWAY,8TH AV,GOOD,1252.7,0.082,0.3,0,0.3,1.4598251983460386,0.8,0,1,1.0,0.447
2ND AV,LARCH ST,BALSAM ST,POOR,1303.5,0.074,0.8,0,0.8,91.4748648394442,0.5,0,1,1.0,0.459
19TH AV,YUKON ST,COLUMBIA ST,NO DATA,958.1,0.147,0.5,1,0.4,91.73510787407997,0.5,0,1,1.0,0.399
49TH AV,WEST END,DUNBAR ST,GOOD,385.4,0.463,0.3,0,0.3,90.74757941317858,0.5,0,1,1.0,0.429
CLARENDON ST,49TH AV,48TH AV,POOR,1346.4,0.068,0.8,0,0.8,5.517658542689674,0.8,0,1,1.0,0.533
19TH AV,COPLEY ST,KAMLOOPS ST,POOR,394.6,0.454,0.8,0,0.8,103.19505975612202,0.5,0,1,1.0,0.516
26TH AV,DUNBAR ST,DUNKIRK ST,NO DATA,2355.4,0.009,0.5,1,0.4,90.53949216740762,0.5,0,1,1.0,0.379
ASH ST,68TH AV,66TH AV,VERY GOOD,338.3,0.508,0.1,0,0.1,1.8310253054033296,0.8,0,1,1.0,0.476
2ND AV,WEST END,WALLACE ST,GOOD,86.8,0.841,0.3,0,0.3,90.68264598689984,0.5,0,1,1.0,0.486
56TH AV,MAIN ST,PRINCE EDWARD ST,FAIR,575.6,0.316,0.5,0,0.5,91.90610388466746,0.5,0,1,1.0,0.443
18TH AV,KNIGHT ST,DUMFRIES ST,VERY POOR,721.5,0.236,0.95,0,0.95,91.47666321843371,0.5,0,1,1.0,0.51
10TH AV,QUEBEC ST,MAIN ST,FAIR,863.0,0.178,0.5,0,0.5,91.60638579426688,0.5,0,1,1.0,0.422
12TH AV,LAUREL ST,LAUREL ST,GOOD,145.7,0.747,0.3,0,0.3,91.49171671526909,0.5,0,1,1.0,0.472
BALACLAVA ST,44TH AV,43RD AV,VERY GOOD,540.2,0.339,0.1,0,0.1,0.647335632814702,0.8,0,1,1.0,0.45
20TH AV,PRINCE ALBERT ST,ST. CATHERINES ST,VERY POOR,1667.8,0.036,0.95,0,0.95,91.47424926405677,0.5,0,1,1.0,0.48
61ST AV,THORNHILL DRIVE,VICTORIA DRIVE,GOOD,740.2,0.228,0.3,0,0.3,90.92303605621544,0.5,0,1,1.0,0.394
3RD AV,TOLMIE ST,BELLEVUE DRIVE,NO DATA,801.4,0.201,0.5,1,0.4,91.50621691361619,0.5,0,1,1.0,0.408
BIRCH ST,14TH AV,13TH AV,FAIR,508.6,0.362,0.5,0,0.5,1.5172944402692679,0.8,0,1,1.0,0.524
52ND AV,OAK ST,FREMLIN ST,GOOD,1127.1,0.105,0.3,0,0.3,91.35372238549883,0.5,0,1,1.0,0.375
COMMERCIAL DR,6TH AV,5TH AV,GOOD,991.2,0.138,0.3,0,0.3,0.7518552199002215,0.8,0,1,1.0,0.455
CAMBIE ST,NELSON ST,SMITHE ST,VERY POOR,136.4,0.761,0.95,0,0.95,44.705133677534036,0.8,0,1,1.0,0.664
12TH AV,SLOCAN ST,KASLO ST,VERY GOOD,449.8,0.407,0.1,0,0.1,90.56602245212741,0.5,1,1,1.0,0.686
14TH AV,TRUTCH ST,BALACLAVA ST,VERY POOR,1708.3,0.033,0.95,0,0.95,91.49216547723745,0.5,0,1,1.0,0.479
63RD AV,ASH ST,CAMBIE ST,FAIR,199.6,0.671,0.5,0,0.5,92.37686346543228,0.5,0,1,1.0,0.496
24TH AV,HEATHER ST,ASH ST,VERY POOR,663.7,0.265,0.95,0,0.95,91.60262777352762,0.5,0,1,1.0,0.514
37TH AV,DUMFRIES ST,FLEMING ST,GOOD,1606.0,0.04,0.3,0,0.3,90.98559138920314,0.5,0,1,1.0,0.366
28TH AV,HEATHER ST,ASH ST,VERY POOR,345.3,0.501,0.95,0,0.95,91.60814517745774,0.5,0,1,1.0,0.55
59TH AV,ST. GEORGE ST,FRASER ST,GOOD,1105.5,0.11,0.3,0,0.3,91.03926047221648,0.5,0,1,1.0,0.376
14TH AV,CAROLINA ST,FRASER ST,FAIR,1536.4,0.046,0.5,0,0.5,90.76555018974307,0.5,0,1,1.0,0.402
19TH AV,OAK ST,LAUREL ST,GOOD,620.6,0.289,0.3,0,0.3,91.67694814898181,0.5,0,1,1.0,0.403
21ST AV,QUEBEC ST,MAIN ST,GOOD,1072.2,0.117,0.3,0,0.3,91.59185731332337,0.5,0,1,1.0,0.377
ANGUS DR,52ND AV,51ST AV,VERY GOOD,1155.5,0.099,0.1,0,0.1,1.5917222715101502,0.8,0,1,1.0,0.414
CARDERO ST,HARWOOD ST,BURNABY ST,POOR,698.0,0.248,0.8,0,0.8,44.91309907519951,0.8,0,1,1.0,0.56
BLENHEIM ST,24TH AV,23RD AV,FAIR,2295.1,0.01,0.5,0,0.5,0.5120365186040772,0.8,0,1,1.0,0.471
COLLINGWOOD ST,KING EDWARD AV,24TH AV,VERY GOOD,2286.8,0.01,0.1,0,0.1,0.5086367825427942,0.8,0,1,1.0,0.401
66TH AV,ANGUS DRIVE,EAST END,FAIR,443.4,0.412,0.5,0,0.5,91.50901923344708,0.5,0,1,1.0,0.457
55TH AV,PRINCE EDWARD ST,ST. GEORGE ST,GOOD,866.0,0.177,0.3,0,0.3,91.53685755913381,0.5,0,1,1.0,0.386
58TH AV,WINDSOR ST,ROSS ST,GOOD,1051.5,0.122,0.3,0,0.3,91.13459609530531,0.5,0,1,1.0,0.378
33RD AV,TRAFALGAR ST,ELM ST,FAIR,1913.9,0.022,0.5,0,0.5,91.7710841206212,0.5,0,1,1.0,0.398
CAMBIE ST,ROBSON ST,GEORGIA ST,VERY GOOD,45.1,0.914,0.1,0,0.1,44.81387156833455,0.8,0,1,1.0,0.537
ARBUTUS ST,35TH AV,34TH AV,VERY POOR,1291.3,0.076,0.95,0,0.95,36.22149901324411,0.8,0,1,1.0,0.561
46TH AV,KINGS LYNN ST,KIRKLAND ST,FAIR,1784.4,0.028,0.5,0,0.5,90.42670186201684,0.5,0,1,1.0,0.399
54TH AV,VICTORIA DRIVE,DUFF ST,FAIR,1377.6,0.064,0.5,0,0.5,90.8712332987725,0.5,0,1,1.0,0.404
34TH AV,VINE ST,YEW ST,VERY GOOD,1516.4,0.048,0.1,0,0.1,91.47768187279712,0.5,0,1,1.0,0.331
45TH AV,CHESTER ST,PRINCE ALBERT ST,GOOD,1295.8,0.075,0.3,0,0.3,91.06077590054895,0.5,0,1,1.0,0.371
57TH AV,WINDSOR ST,ROSS ST,POOR,1141.3,0.102,0.8,0,0.8,91.81469621960116,0.5,0,1,1.0,0.463
ALBERTA ST,49TH AV,48TH AV,VERY POOR,222.4,0.641,0.95,0,0.95,359.20952004693146,0.8,0,1,1.0,0.646
43RD AV,ANGUS DRIVE,WILTSHIRE ST,NO DATA,921.6,0.158,0.5,1,0.4,91.46836306029383,0.5,0,1,1.0,0.401
CENTRAL ST_1,WESTERN ST,STATION ST,VERY GOOD,226.6,0.636,0.1,0,0.1,109.93485918939632,0.5,0,1,1.0,0.42
BUTE ST,BEACH AV,HARWOOD ST,VERY GOOD,416.4,0.435,0.1,0,0.1,44.67552747284458,0.8,0,1,1.0,0.465
50TH AV,GLADSTONE ST,NANAIMO ST,POOR,1372.5,0.064,0.8,0,0.8,91.01343037841605,0.5,0,1,1.0,0.457
75TH AV,HUDSON ST,EAST END,POOR,181.4,0.696,0.8,0,0.8,98.42973123915147,0.5,1,1,1.0,0.853
33RD AV,SOMERVILLE ST,WINDSOR ST,POOR,1457.7,0.054,0.8,0,0.8,90.67172109185549,0.5,0,1,1.0,0.456
BLENHEIM ST,41ST AV,40TH AV,GOOD,764.5,0.217,0.3,0,0.3,0.32731647358889404,0.8,0,1,1.0,0.467
ALBERNI ST,CHILCO ST,GILFORD ST,VERY GOOD,50.5,0.904,0.1,0,0.1,134.7954740635828,0.5,0,1,1.0,0.461
6TH AV,KAMLOOPS ST,PENTICTON ST,FAIR,354.6,0.492,0.5,0,0.5,90.06333517580919,0.5,0,1,1.0,0.469
8TH AV,HIGHBURY ST,ALMA ST,FAIR,678.5,0.257,0.5,0,0.5,91.6972237626843,0.5,0,1,1.0,0.434
COMMERCIAL DR,CHARLES ST,WILLIAM ST,FAIR,1322.8,0.071,0.5,0,0.5,0.4218363228973203,0.8,0,1,1.0,0.481
22ND AV,NANAIMO ST,KAMLOOPS ST,POOR,546.1,0.335,0.8,0,0.8,89.35082375170339,0.5,0,1,1.0,0.498
CARRALL ST,PENDER ST,HASTINGS ST,FAIR,96.6,0.824,0.5,0,0.5,1.6576064860659585,0.8,0,1,1.0,0.594
2ND AV,TRAFALGAR ST,LARCH ST,VERY POOR,1445.1,0.056,0.95,0,0.95,92.04368493429496,0.5,0,1,1.0,0.483
28TH AV,ST. GEORGE ST,FRASER ST,POOR,1093.4,0.112,0.8,0,0.8,91.09068129754075,0.5,0,1,1.0,0.465
CHESTER ST,45TH AV,NORTH END,VERY GOOD,1295.2,0.075,0.1,0,0.1,1.2697110491740773,0.8,0,1,1.0,0.411
24TH AV,FRASER ST,PRINCE ALBERT ST,POOR,1575.4,0.043,0.8,0,0.8,91.23926105638958,0.5,0,1,1.0,0.454
32ND AV,KNIGHT ST,LANARK ST,VERY GOOD,1689.9,0.034,0.1,0,0.1,91.29170310270626,0.5,0,1,1.0,0.329
4TH AV,CYPRESS ST,BURRARD ST,POOR,508.6,0.362,0.8,0,0.8,91.12829011830263,0.5,0,1,1.0,0.502
17TH AV,HEATHER ST,ASH ST,GOOD,441.1,0.414,0.3,0,0.3,91.7406456977132,0.5,0,1,1.0,0.422
27TH AV,COLLINGWOOD ST,BLENHEIM ST,VERY POOR,2235.8,0.011,0.95,0,0.95,90.45876425246865,0.5,0,1,1.0,0.476
23RD AV,COLUMBIA ST,MANITOBA ST,POOR,644.3,0.276,0.8,0,0.8,91.74343237570832,0.5,0,1,1.0,0.489
20TH AV,HIGHBURY ST,DUNBAR ST,NO DATA,1768.8,0.029,0.5,1,0.4,90.49109294799621,0.5,0,1,1.0,0.382
BIRCH ST,64TH AV,62ND AV,VERY POOR,1164.2,0.097,0.95,0,0.95,1.4528443366251054,0.8,0,1,1.0,0.564
26TH AV,COLLINGWOOD ST,BLENHEIM ST,NO DATA,2341.3,0.009,0.5,1,0.4,90.4463954427406,0.5,0,1,1.0,0.379
59TH AV,PRINCE EDWARD ST,ST. GEORGE ST,GOOD,868.2,0.176,0.3,0,0.3,91.55167424824344,0.5,0,1,1.0,0.386
14TH AV,HEMLOCK ST,BIRCH ST,VERY GOOD,609.1,0.296,0.1,0,0.1,91.5339433911937,0.5,0,1,1.0,0.369
43RD AV,TODERICK ST,ARLINGTON ST,FAIR,1487.2,0.051,0.5,0,0.5,90.48467330900087,0.5,0,1,1.0,0.403
48TH AV,VICTORIA DRIVE,GLADSTONE ST,POOR,1512.6,0.049,0.8,0,0.8,91.03182366609292,0.5,0,1,1.0,0.455
34TH AV,CONNAUGHT DRIVE,GRANVILLE ST,VERY POOR,232.6,0.628,0.95,0,0.95,91.39464785296047,0.5,0,1,1.0,0.569
26TH AV,GRANVILLE ST,CARTIER ST,VERY POOR,795.0,0.204,0.95,0,0.95,91.47924736475704,0.5,0,1,1.0,0.505
3RD AV,TRUTCH ST,BALACLAVA ST,GOOD,1270.0,0.079,0.3,0,0.3,91.53046585058053,0.5,0,1,1.0,0.371
46TH AV,HOLLAND ST,ST. CLAIR PLACE,VERY GOOD,800.9,0.202,0.1,0,0.1,90.57369073590075,0.5,0,1,1.0,0.355
58TH AV,GRANVILLE ST,CARTIER ST,POOR,1408.1,0.06,0.8,0,0.8,91.19934394039308,0.5,0,1,1.0,0.457
18TH AV,SOPHIA ST,PRINCE EDWARD ST,FAIR,1527.7,0.047,0.5,0,0.5,91.36049659510354,0.5,0,1,1.0,0.402
27TH AV,HIGHBURY ST,ALMA ST,NO DATA,2289.7,0.01,0.5,1,0.4,90.4694288404632,0.5,0,1,1.0,0.379
CHARLES ST,ROSSLAND ST,RENFREW ST,GOOD,919.8,0.159,0.3,0,0.3,90.11644622724964,0.5,0,1,1.0,0.383
39TH AV,SHERBROOKE ST,INVERNESS ST,GOOD,1849.5,0.025,0.3,0,0.3,91.30424055518222,0.5,0,1,1.0,0.363
40TH AV,MARGUERITE ST,SOMERSET CRESCENT,GOOD,449.9,0.407,0.3,0,0.3,91.50870886074694,0.5,0,1,1.0,0.421
8TH AV,YEW ST,ARBUTUS ST,VERY GOOD,1149.8,0.1,0.1,0,0.1,91.52527283285144,0.5,0,1,1.0,0.339
64TH AV,OSLER ST,OAK ST,GOOD,1072.8,0.117,0.3,0,0.3,91.41517177748631,0.5,0,1,1.0,0.377
55TH AV,SELKIRK ST,ONTARIO ST,GOOD,1397.1,0.061,0.3,0,0.3,91.3559852784997,0.5,0,1,1.0,0.369
61ST AV,MANITOBA ST,ONTARIO ST,FAIR,315.8,0.532,0.5,0,0.5,90.88938127608134,0.5,0,1,1.0,0.475
6TH AV,ARBUTUS ST,MAPLE ST,VERY GOOD,898.0,0.166,0.1,0,0.1,91.52759923530812,0.5,0,1,1.0,0.349
49TH AV,EAST BOULEVARD,MAPLE ST,VERY GOOD,895.5,0.167,0.1,0,0.1,91.19354531731022,0.5,0,1,1.0,0.349
34TH AV,SLOCAN ST,CHAMBERS ST,VERY POOR,217.1,0.648,0.95,0,0.95,90.53661675429686,0.5,0,1,1.0,0.572
ARLINGTON ST,48TH AV,47TH AV,GOOD,1438.9,0.056,0.3,0,0.3,0.7528503744172781,0.8,0,1,1.0,0.443
59TH AV,CARTIER ST,MONTCALM ST,VERY GOOD,1474.9,0.052,0.1,0,0.1,92.43229991681307,0.5,0,1,1.0,0.332
12TH AV,YUKON ST,ALBERTA ST,VERY POOR,492.6,0.373,0.95,0,0.95,91.50256901221934,0.5,0,1,1.0,0.531
8TH AV,SEMLIN DRIVE,LAKEWOOD DRIVE,FAIR,505.0,0.364,0.5,0,0.5,90.69508109912874,0.5,0,1,1.0,0.45
19TH AV,PUGET DRIVE,BALACLAVA ST,VERY POOR,2050.9,0.017,0.95,0,0.95,90.51942591841288,0.5,0,1,1.0,0.477
ARGYLE ST,SE MARINE DRIVE,64TH AV,FAIR,289.5,0.56,0.5,0,0.5,0.6107624881099127,0.8,0,1,1.0,0.554
COLLINGWOOD ST,20TH AV,19TH AV,FAIR,1827.5,0.026,0.5,0,0.5,0.4932678965963646,0.8,0,1,1.0,0.474
49TH AV,PRINCE ALBERT ST,ST. CATHERINES ST,POOR,1327.0,0.07,0.8,0,0.8,90.99248929533087,0.5,0,1,1.0,0.458
BALACLAVA ST,32ND AV,31ST AV,GOOD,1735.9,0.031,0.3,0,0.3,0.5649984688004679,0.8,0,1,1.0,0.439
COMMERCIAL ST,40TH AV,39TH AV,FAIR,1350.3,0.067,0.5,0,0.5,1.1204283791339549,0.8,0,1,1.0,0.48
35TH AV,INVERNESS ST,CULLODEN ST,FAIR,1857.9,0.024,0.5,0,0.5,90.77514088991796,0.5,0,1,1.0,0.398
45TH AV,MONTGOMERY ST,OAK ST,FAIR,944.6,0.151,0.5,0,0.5,93.06652017765651,0.5,0,1,1.0,0.418
ALDER ST,7TH AV,6TH AV,FAIR,116.6,0.792,0.5,0,0.5,1.4990453100316472,0.8,0,1,1.0,0.589
43RD AV,CULLODEN ST,KNIGHT ST,VERY POOR,2069.5,0.016,0.95,0,0.95,97.07181465978596,0.5,0,1,1.0,0.477
CHARLES ST,LAKEWOOD DRIVE,TEMPLETON DRIVE,FAIR,1301.3,0.074,0.5,0,0.5,89.67613923877036,0.5,0,1,1.0,0.406
44TH AV,CAMBIE ST,ALBERTA ST,VERY GOOD,610.9,0.295,0.1,0,0.1,93.3940076530356,0.5,0,1,1.0,0.369
55TH AV,CARRINGTON ST,BLENHEIM ST,FAIR,72.4,0.865,0.5,0,0.5,91.77826419250624,0.5,0,1,1.0,0.525
56TH AV,WALES ST,VIVIAN DRIVE,VERY POOR,587.2,0.309,0.95,0,0.95,90.34630184505068,0.5,0,1,1.0,0.521
25TH AV,KOOTENAY ST,BOUNDARY ROAD,GOOD,452.5,0.405,0.3,0,0.3,90.33411203686944,0.5,0,1,1.0,0.421
ASH ST,BROADWAY,8TH AV,VERY GOOD,27.7,0.946,0.1,0,0.1,1.48934565248328,0.8,0,1,1.0,0.542
5TH AV,MAPLE ST,CYPRESS ST,GOOD,702.6,0.245,0.3,0,0.3,91.52527610895112,0.5,0,1,1.0,0.397
ADANAC ST,SKEENA ST,KOOTENAY ST,POOR,436.1,0.418,0.8,0,0.8,90.17266793334363,0.5,0,1,1.0,0.511
34TH AV,TRAFALGAR ST,LARCH ST,NO DATA,1825.0,0.026,0.5,1,0.4,91.32515042565672,0.5,0,1,1.0,0.381
36TH AV,EAST BOULEVARD,MAPLE ST,GOOD,1077.6,0.116,0.3,0,0.3,91.41957462708888,0.5,0,1,1.0,0.377
CASSIAR CONNECTOR SB,PANDORA ST,BRIDGEWAY ST 1,VERY POOR,493.8,0.372,0.95,0,0.95,341.5493540743289,0.8,0,1,1.0,0.605
73RD AV,HUDSON ST,SELKIRK ST,VERY GOOD,415.5,0.436,0.1,0,0.1,91.36650737182543,0.5,0,1,1.0,0.39
16TH AV,CARNARVON ST,MACKENZIE ST,FAIR,2059.5,0.016,0.5,0,0.5,91.493215812774,0.5,0,1,1.0,0.397
45TH AV,MAPLE ST,CYPRESS ST,VERY GOOD,1218.0,0.088,0.1,0,0.1,91.47550227813775,0.5,0,1,1.0,0.337
53RD AV,SOPHIA ST,PRINCE EDWARD ST,VERY GOOD,618.9,0.29,0.1,0,0.1,91.96289318508138,0.5,0,1,1.0,0.368
26TH AV,INVERNESS ST,KNIGHT ST,VERY POOR,1271.8,0.079,0.95,0,0.95,91.11715452729953,0.5,0,1,1.0,0.486
20TH AV,MAIN ST,SOPHIA ST,GOOD,1263.1,0.08,0.3,0,0.3,91.43289516251434,0.5,0,1,1.0,0.372
46TH AV,ARLINGTON ST,KINGS LYNN ST,GOOD,1751.7,0.03,0.3,0,0.3,90.41731869507794,0.5,0,1,1.0,0.364
CHARLES ST,VICTORIA DRIVE,LAKEWOOD DRIVE,GOOD,1347.5,0.068,0.3,0,0.3,90.0734584648352,0.5,0,1,1.0,0.37
BORDEN ST,60TH AV,59TH AV,POOR,741.6,0.227,0.8,0,0.8,359.03479089215426,0.8,0,1,1.0,0.557
13TH AV,ALDER ST,SPRUCE ST,VERY GOOD,479.4,0.383,0.1,0,0.1,91.49156040599468,0.5,0,1,1.0,0.382
35TH AV,WINDSOR ST,ELGIN ST,POOR,1534.3,0.046,0.8,0,0.8,91.20471180483025,0.5,0,1,1.0,0.455
2ND AV,VINE ST,YEW ST,POOR,1047.4,0.123,0.8,0,0.8,91.51626939524061,0.5,0,1,1.0,0.466
54TH AV,WALES ST,VIVIAN DRIVE,POOR,722.7,0.236,0.8,0,0.8,90.1009258146313,0.5,0,1,1.0,0.483
CLARENDON ST_1,ST. LAWRENCE ST,BROCK ST,FAIR,604.3,0.299,0.5,0,0.5,28.68511317746527,0.8,0,1,1.0,0.515
1ST AV,STEPHENS ST,TRAFALGAR ST,GOOD,1539.3,0.046,0.3,0,0.3,91.40917497257067,0.5,0,1,1.0,0.366
52ND AV,LANCASTER ST,KERR ST,GOOD,952.1,0.149,0.3,0,0.3,90.27343521845893,0.5,0,1,1.0,0.382
CASSIAR ST,6TH AV,5TH AV,VERY POOR,414.7,0.436,0.95,0,0.95,0.0785932041342221,0.8,0,1,1.0,0.615
38TH AV,QUEBEC ST,MAIN ST,FAIR,330.5,0.516,0.5,0,0.5,91.93268304160785,0.5,0,1,1.0,0.473
39TH AV,BALSAM ST,VINE ST,NO DATA,1433.5,0.057,0.5,1,0.4,91.45401632573225,0.5,0,1,1.0,0.386
29TH AV,MANOR ST,REID ST,GOOD,453.6,0.404,0.3,0,0.3,90.32929426878974,0.5,0,1,1.0,0.42
BALSAM ST,16TH AV,15TH AV,VERY POOR,2014.8,0.018,0.95,0,0.95,1.538188197303782,0.8,0,1,1.0,0.552
43RD AV,TRAFALGAR ST,ELM ST,GOOD,962.2,0.146,0.3,0,0.3,91.59313462843897,0.5,0,1,1.0,0.382
22ND AV,MAIN ST,SOPHIA ST,FAIR,1114.1,0.108,0.5,0,0.5,91.39136967560643,0.5,0,1,1.0,0.411
16TH AV,COPLEY ST,PENTICTON ST,GOOD,446.8,0.409,0.3,0,0.3,90.13665240220229,0.5,0,1,1.0,0.421
BURRARD ST,13TH AV,12TH AV,VERY GOOD,1059.8,0.12,0.1,0,0.1,1.5461810629998922,0.8,0,1,1.0,0.417
CAMPBELL AV,PRIOR ST / VENABLES ST,UNION ST,FAIR,219.8,0.644,0.5,0,0.5,1.7232350742549443,0.8,0,1,1.0,0.567
47TH AV,FLEMING ST,ARGYLE ST,VERY GOOD,1917.7,0.022,0.1,0,0.1,90.95975658689724,0.5,0,1,1.0,0.327
ASH ST,23RD AV,22ND AV,VERY GOOD,722.6,0.236,0.1,0,0.1,1.406704730435706,0.8,0,1,1.0,0.435
29TH AV,BALACLAVA ST,CARNARVON ST,FAIR,2048.0,0.017,0.5,0,0.5,90.452868112859,0.5,0,1,1.0,0.397
50TH AV,CYPRESS ST,ANGUS DRIVE,VERY GOOD,1164.6,0.097,0.1,0,0.1,91.21946968124735,0.5,0,1,1.0,0.339
23RD AV,MACDONALD ST,TRAFALGAR ST,POOR,2431.4,0.008,0.8,0,0.8,90.53332296963356,0.5,0,1,1.0,0.449
63RD AV,64TH AV,COLUMBIA ST,VERY POOR,18.3,0.964,0.95,0,0.95,74.49360158788159,0.5,0,1,1.0,0.62
17TH AV,BONSAI ST,TRAFALGAR ST,FAIR,2357.5,0.009,0.5,0,0.5,91.48832227476197,0.5,0,1,1.0,0.396
49TH AV,TYNE ST,ARLINGTON ST,FAIR,1222.3,0.087,0.5,0,0.5,117.68680502356523,0.5,0,1,1.0,0.408
14TH AV,TOLMIE ST,SASAMAT ST,POOR,1441.8,0.056,0.8,0,0.8,91.50630292350468,0.5,0,1,1.0,0.456
6TH AV,DUNBAR ST,COLLINGWOOD ST,FAIR,782.3,0.209,0.5,0,0.5,91.54766695883313,0.5,0,1,1.0,0.426
3RD AV,LOCARNO CRESCENT,DISCOVERY ST,GOOD,333.3,0.513,0.3,0,0.3,91.54438117076722,0.5,0,1,1.0,0.437
5TH AV,GLEN DRIVE,KEITH DRIVE,FAIR,1133.3,0.104,0.5,0,0.5,95.23410438484365,0.5,1,1,1.0,0.71
33RD AV,WILLOW ST,HEATHER ST,FAIR,424.2,0.428,0.5,0,0.5,93.37919755886662,0.5,0,1,1.0,0.459
50TH AV,ST. GEORGE ST,FREDERICK ST,VERY POOR,888.0,0.169,0.95,0,0.95,91.47591638738936,0.5,0,1,1.0,0.5
71ST AV,HUDSON ST,SELKIRK ST,FAIR,707.1,0.243,0.5,0,0.5,91.42752280603378,0.5,0,1,1.0,0.431
55TH AV,SHERBROOKE ST,INVERNESS ST,VERY GOOD,1235.8,0.084,0.1,0,0.1,90.71126653187497,0.5,0,1,1.0,0.337
36TH AV,DUNBAR ST,COLLINGWOOD ST,VERY GOOD,1294.0,0.075,0.1,0,0.1,90.48031110529831,0.5,0,1,1.0,0.336
12TH AV,CAMBIE ST,YUKON ST,FAIR,398.3,0.451,0.5,0,0.5,91.5161547081924,0.5,0,1,1.0,0.463
BALACLAVA ST,42ND AV,41ST AV,VERY GOOD,722.5,0.236,0.1,0,0.1,0.5222501343904469,0.8,0,1,1.0,0.435
BEACH AV,BEACH AV EB,BEACH AV EB,GOOD,502.8,0.366,0.3,0,0.3,146.56860014181,0.2,0,1,1.0,0.34
21ST AV,FRASER ST,PRINCE ALBERT ST,VERY POOR,1790.6,0.028,0.95,0,0.95,91.47457483484953,0.5,0,1,1.0,0.478
43RD AV,QUEBEC ST,MAIN ST,VERY GOOD,628.8,0.284,0.1,0,0.1,91.96148841363816,0.5,0,1,1.0,0.367
ARBUTUS ST,36TH AV,35TH AV,VERY POOR,1333.9,0.069,0.95,0,0.95,1.4734138914242294,0.8,0,1,1.0,0.56
4TH AV,BLANCA ST,TOLMIE ST,VERY POOR,919.0,0.159,0.95,0,0.95,91.48783731069562,0.5,0,1,1.0,0.498
17TH AV,CAMOSUN ST,CROWN ST,VERY POOR,1416.3,0.059,0.95,0,0.95,91.49030025554885,0.5,0,1,1.0,0.483
ARGYLE ST,51ST AV,49TH AV,FAIR,1631.6,0.038,0.5,0,0.5,1.556138177068192,0.8,0,1,1.0,0.476
ALDER ST,BROADWAY,8TH AV,FAIR,45.5,0.913,0.5,0,0.5,1.4987189620053982,0.8,0,1,1.0,0.607
43RD AV,ROSS ST,SHERBROOKE ST,FAIR,1816.0,0.026,0.5,0,0.5,91.34357042520526,0.5,0,1,1.0,0.399
47TH AV,FRASER ST,CHESTER ST,FAIR,1146.1,0.101,0.5,0,0.5,91.21697827208527,0.5,0,1,1.0,0.41
29TH AV,CAMBIE ST,YUKON ST,VERY GOOD,43.3,0.917,0.1,0,0.1,91.8775405441391,0.5,0,1,1.0,0.462
32ND AV,MACDONALD ST,TRAFALGAR ST,GOOD,1921.7,0.021,0.3,0,0.3,90.4597081797586,0.5,0,1,1.0,0.363
8TH AV,BALACLAVA ST,BAYSWATER ST,VERY GOOD,1511.6,0.049,0.1,0,0.1,91.43394697505772,0.5,0,1,1.0,0.332
26TH AV,HIGHBURY ST,DUNBAR ST,NO DATA,2372.7,0.009,0.5,1,0.4,90.39526457265453,0.5,0,1,1.0,0.378
BARCLAY ST,THURLOW ST,BURRARD ST,FAIR,142.7,0.752,0.5,0,0.5,134.79852445238134,0.5,0,1,1.0,0.508
ALBERTA ST,39TH AV,38TH AV,FAIR,565.8,0.323,0.5,0,0.5,1.7095995077687576,0.8,0,1,1.0,0.518
11TH AV,WINDSOR ST,GLEN DRIVE,FAIR,1368.3,0.065,0.5,0,0.5,90.74750551505429,0.5,0,1,1.0,0.405
CECIL ST,KINGSWAY,EUCLID AV,VERY POOR,905.6,0.163,0.95,0,0.95,33.23255365951843,0.8,0,1,1.0,0.574
ANGUS DR,43RD AV,41ST AV,VERY GOOD,875.7,0.174,0.1,0,0.1,1.4989541302253997,0.8,0,1,1.0,0.425
39TH AV,ELM ST,LARCH ST,NO DATA,1386.7,0.062,0.5,1,0.4,91.42573529334481,0.5,0,1,1.0,0.387
CARNARVON ST,32ND AV,31ST AV,GOOD,1781.8,0.028,0.3,0,0.3,0.5089102985302247,0.8,0,1,1.0,0.439
21ST AV,DUMFRIES ST,FLEMING ST,GOOD,763.1,0.217,0.3,0,0.3,91.41860575367099,0.5,0,1,1.0,0.392
BEATTY ST,NELSON ST,SMITHE ST,VERY GOOD,92.5,0.831,0.1,0,0.1,44.66639813583225,0.8,0,1,1.0,0.525
22ND AV,MACDONALD ST,TRAFALGAR ST,FAIR,2479.7,0.007,0.5,0,0.5,90.52279902475061,0.5,0,1,1.0,0.396
7TH AV,SEMLIN DRIVE,LAKEWOOD DRIVE,FAIR,546.9,0.335,0.5,0,0.5,90.6749274688026,0.5,0,1,1.0,0.445
7TH AV,WINDSOR ST,GLEN DRIVE,GOOD,1273.2,0.078,0.3,0,0.3,90.73950524432223,0.5,0,1,1.0,0.371
16TH AV,WINDERMERE ST,RUPERT ST,POOR,400.6,0.449,0.8,0,0.8,90.46647953322736,0.5,0,1,1.0,0.515
43RD AV,CARTIER ST,ATHLONE ST,POOR,647.2,0.274,0.8,0,0.8,92.83517923889315,0.5,0,1,1.0,0.489
15TH AV,SOPHIA ST,PRINCE EDWARD ST,FAIR,1393.7,0.062,0.5,0,0.5,91.26225193137896,0.5,0,1,1.0,0.404
35TH AV,CROWN ST,WALLACE ST,POOR,1602.8,0.041,0.8,0,0.8,90.47481973302166,0.5,0,1,1.0,0.454
28TH AV,JAMES ST,QUEBEC ST,POOR,627.0,0.285,0.8,0,0.8,91.59796605838028,0.5,0,1,1.0,0.491
CAMOSUN ST,10TH AV,CROWN CRESCENT,VERY POOR,664.5,0.265,0.95,0,0.95,1.4725076773355568,0.8,0,1,1.0,0.589
ARGYLE ST,57TH AV,56TH AV,VERY GOOD,1057.2,0.121,0.1,0,0.1,0.5234754189149271,0.8,0,1,1.0,0.417
49TH AV,COLUMBIA ST,MANITOBA ST,VERY POOR,43.1,0.917,0.95,0,0.95,93.28504134532113,0.5,0,1,1.0,0.613
67TH AV,MONTCALM ST,HUDSON ST,VERY GOOD,981.9,0.14,0.1,0,0.1,91.32722645274578,0.5,0,1,1.0,0.345
50TH AV,QUEBEC ST,MAIN ST,POOR,192.7,0.68,0.8,0,0.8,91.69441263701322,0.5,0,1,1.0,0.55
6TH AV,PRINCE ALBERT ST,ST. CATHERINES ST,VERY GOOD,1128.9,0.105,0.1,0,0.1,90.76000924562288,0.5,0,1,1.0,0.34
18TH AV,WEST END,NANAIMO ST,VERY GOOD,201.4,0.668,0.1,0,0.1,90.25386992907278,0.5,0,1,1.0,0.425
62ND AV,CARTIER ST,MONTCALM ST,VERY POOR,1284.8,0.077,0.95,0,0.95,91.42419863498822,0.5,0,1,1.0,0.486
45TH AV,CARNARVON ST,CEDARHURST ST,VERY GOOD,612.4,0.294,0.1,0,0.1,90.69552703284808,0.5,0,1,1.0,0.369
20TH AV,CROWN ST,WALLACE ST,VERY POOR,1725.0,0.032,0.95,0,0.95,90.43838829025901,0.5,0,1,1.0,0.479
24TH AV,KASLO ST,RENFREW ST,GOOD,1086.1,0.114,0.3,0,0.3,90.51525226506328,0.5,0,1,1.0,0.377
ABERDEEN ST,KINGSWAY,FOSTER AV,VERY POOR,1121.7,0.106,0.95,0,0.95,0.15417280218292717,0.8,0,1,1.0,0.565
59TH AV,MANITOBA ST,ONTARIO ST,POOR,121.7,0.784,0.8,0,0.8,91.24542869297454,0.5,0,1,1.0,0.566
COLUMBIA ST,6TH AV,5TH AV,VERY GOOD,381.0,0.467,0.1,0,0.1,0.29146461461419904,0.8,0,1,1.0,0.47
12TH AV,ST. GEORGE ST,CAROLINA ST,VERY GOOD,1291.2,0.076,0.1,0,0.1,90.78023126723036,0.5,0,1,1.0,0.336
45TH AV,DUMFRIES ST,FLEMING ST,FAIR,1883.5,0.023,0.5,0,0.5,91.11641956863906,0.5,0,1,1.0,0.398
15TH AV,COURTENAY ST,CAMOSUN ST,NO DATA,1264.7,0.08,0.5,1,0.4,91.47152667658594,0.5,0,1,1.0,0.389
27TH AV,CARNARVON ST,QUESNEL DRIVE,NO DATA,2293.0,0.01,0.5,1,0.4,87.9701198937666,0.5,0,1,1.0,0.379
CARTIER ST,70TH AV,SECTION BREAK,VERY GOOD,693.6,0.25,0.1,0,0.1,358.4378994866214,0.8,0,1,1.0,0.437
16TH AV,BURRARD ST,PINE ST,VERY GOOD,1145.5,0.101,0.1,0,0.1,91.48568658684599,0.5,0,1,1.0,0.339
ARGYLE ST,39TH AV,37TH AV,POOR,1505.8,0.049,0.8,0,0.8,1.269205660170826,0.8,0,1,1.0,0.53
10TH AV,WILLOW ST,HEATHER ST,VERY GOOD,184.0,0.692,0.1,0,0.1,91.49478745259415,0.5,0,1,1.0,0.429
45TH AV,YEW ST,EAST BOULEVARD,FAIR,937.0,0.154,0.5,0,0.5,91.41924557437687,0.5,0,1,1.0,0.418
8TH AV,DUNBAR ST,COLLINGWOOD ST,VERY GOOD,883.8,0.171,0.1,0,0.1,91.47547733710769,0.5,0,1,1.0,0.35
55TH AV,DUFF ST,GLADSTONE ST,GOOD,1166.9,0.097,0.3,0,0.3,91.43442994622194,0.5,0,1,1.0,0.374
20TH AV,VINE ST,YEW ST,POOR,2023.1,0.017,0.8,0,0.8,91.52655175761885,0.5,0,1,1.0,0.45
69TH AV,MANITOBA ST,ONTARIO ST,GOOD,435.3,0.419,0.3,0,0.3,92.02901597265628,0.5,0,1,1.0,0.423
45TH AV,BATTISON ST,TODERICK ST,VERY POOR,1660.9,0.036,0.95,0,0.95,90.16501303926049,0.5,0,1,1.0,0.48
ANGUS DR,45TH AV,43RD AV,VERY GOOD,995.2,0.137,0.1,0,0.1,1.4947289067103497,0.8,0,1,1.0,0.42
71ST AV,MANITOBA ST,EAST END,VERY GOOD,225.0,0.638,0.1,0,0.1,91.84220559198656,0.5,0,1,1.0,0.42
BROADWAY,HIGHBURY ST,ALMA ST,GOOD,757.7,0.22,0.3,0,0.3,91.51929615439337,0.5,0,1,1.0,0.393
11TH AV,NANAIMO ST,KAMLOOPS ST,VERY POOR,146.0,0.747,0.95,0,0.95,89.89219885979202,0.5,0,1,1.0,0.587
6TH AV,ALDER CROSSING,SPRUCE ST,GOOD,199.1,0.672,0.3,0,0.3,91.50333833558568,0.5,0,1,1.0,0.461
2ND AV,MCLEAN DRIVE,WOODLAND DRIVE,VERY GOOD,1152.3,0.1,0.1,0,0.1,90.73417670527715,0.5,0,1,1.0,0.339
BIRCH ST,10TH AV,BROADWAY,FAIR,134.7,0.764,0.5,0,0.5,1.5089639556183556,0.8,0,1,1.0,0.585
8TH AV,STEPHENS ST,TRAFALGAR ST,VERY GOOD,1909.2,0.022,0.1,0,0.1,91.37895934302355,0.5,0,1,1.0,0.328
60TH AV,ONTARIO ST,MAIN ST,POOR,333.3,0.513,0.8,0,0.8,91.31295614089191,0.5,0,1,1.0,0.525
ABBOTT ST,PACIFIC BOULEVARD,EXPO BOULEVARD,GOOD,124.5,0.78,0.3,0,0.3,1.4705777741249904,0.8,0,1,1.0,0.552
19TH AV,TRAFALGAR ST,VALLEY DRIVE,FAIR,2403.1,0.008,0.5,0,0.5,91.5976318101562,0.5,0,1,1.0,0.396
BEATRICE ST,47TH AV,43RD AV,POOR,1416.7,0.059,0.8,0,0.8,1.0590011682895124,0.8,0,1,1.0,0.532
24TH AV,INVERNESS ST,CLARK DRIVE,GOOD,1292.2,0.075,0.3,0,0.3,91.38444001439586,0.5,0,1,1.0,0.371
30TH AV,CARNARVON ST,MACKENZIE ST,FAIR,1985.6,0.019,0.5,0,0.5,90.47086236144747,0.5,0,1,1.0,0.398
57TH AV,VIVIAN DRIVE,ROSEMONT DRIVE,GOOD,473.8,0.388,0.3,0,0.3,82.71027796620672,0.5,0,1,1.0,0.418
37TH AV,LABURNUM ST,CYPRESS ST,VERY POOR,868.4,0.176,0.95,0,0.95,91.47800227763696,0.5,0,1,1.0,0.501
43RD AV,MAIN ST,CREE ST,FAIR,716.6,0.239,0.5,0,0.5,91.63350469620036,0.5,0,1,1.0,0.431
73RD AV,MONTCALM ST,HUDSON ST,FAIR,415.4,0.436,0.5,0,0.5,101.45536927094213,0.5,0,1,1.0,0.461
CAMBIE ST,HASTINGS ST,CORDOVA ST,VERY GOOD,289.8,0.56,0.1,0,0.1,15.593847634243275,0.8,0,1,1.0,0.484
29TH AV,MACDONALD ST / QUESNEL DRIVE,PUGET DRIVE,GOOD,2207.0,0.012,0.3,0,0.3,90.45300914038734,0.5,0,1,1.0,0.361
45TH AV,HUDSON ST,SELKIRK ST,VERY GOOD,876.0,0.173,0.1,0,0.1,93.07232217685703,0.5,0,1,1.0,0.35
55TH AV,GLADSTONE ST,STIRLING ST,GOOD,1087.0,0.114,0.3,0,0.3,91.43480165198491,0.5,0,1,1.0,0.377
12TH AV,CARNARVON ST,MACKENZIE ST,VERY GOOD,1815.0,0.027,0.1,0,0.1,91.48371896657454,0.5,0,1,1.0,0.328
33RD AV,JAMES ST,QUEBEC ST,FAIR,178.9,0.699,0.5,0,0.5,91.74169555026748,0.5,0,1,1.0,0.5
39TH AV,SELKIRK ST,OSLER ST,VERY GOOD,335.2,0.511,0.1,0,0.1,93.10195001651033,0.5,0,1,1.0,0.401
50TH AV,ONTARIO ST,QUEBEC ST,POOR,76.0,0.859,0.8,0,0.8,91.87572784621739,0.5,0,1,1.0,0.577
47TH AV,MARGUERITE ST,ADERA ST,NO DATA,1145.6,0.101,0.5,1,0.4,91.44706628056582,0.5,0,1,1.0,0.392
CHALDECOTT ST,29TH AV,27TH AV,FAIR,2214.7,0.012,0.5,0,0.5,0.30366869282858033,0.8,0,1,1.0,0.472
10TH AV,COLLINGWOOD ST,WATERLOO ST,VERY GOOD,1116.9,0.107,0.1,0,0.1,91.50155433581375,0.5,0,1,1.0,0.34
ANGUS DR,KING EDWARD AV,MATTHEWS AV,VERY POOR,1178.3,0.095,0.95,0,0.95,11.794880843513738,0.8,0,1,1.0,0.564
29TH AV,GOTHARD ST,SLOCAN ST,VERY GOOD,777.1,0.211,0.1,0,0.1,90.09445113902495,0.5,0,1,1.0,0.356
ARGYLE ST,KENT AV NORTH,ISLAND AV,VERY GOOD,88.7,0.837,0.1,0,0.1,0.5197756116082246,0.8,0,1,1.0,0.525
11TH AV,SASAMAT ST,TRIMBLE ST,NO DATA,1069.2,0.118,0.5,1,0.4,91.48148085392984,0.5,0,1,1.0,0.395
45TH AV,FLEMING ST,ARGYLE ST,FAIR,1795.8,0.028,0.5,0,0.5,88.95512735428167,0.5,0,1,1.0,0.399
29TH AV,FLEMING ST,WELWYN ST,POOR,1290.1,0.076,0.8,0,0.8,90.60596579867115,0.5,0,1,1.0,0.459
51ST AV,SHERBROOKE ST,INVERNESS ST,VERY POOR,1650.5,0.037,0.95,0,0.95,91.67544483087102,0.5,0,1,1.0,0.48
16TH AV,DUNBAR ST,DUNBAR ST,FAIR,1488.2,0.051,0.5,0,0.5,91.44787986985091,0.5,0,1,1.0,0.403
49TH AV,ST. GEORGE ST,FREDERICK ST,GOOD,882.1,0.171,0.3,0,0.3,91.44359826149639,0.5,0,1,1.0,0.385
10TH AV,HEMLOCK ST,BIRCH ST,FAIR,216.2,0.649,0.5,0,0.5,91.50380178635857,0.5,0,1,1.0,0.493
12TH AV,FIR ST,GRANVILLE ST,GOOD,606.5,0.297,0.3,0,0.3,91.51857938793694,0.5,0,1,1.0,0.404
38TH AV,CHAMBERS ST,WALES ST,VERY GOOD,202.0,0.668,0.1,0,0.1,90.49708986882848,0.5,0,1,1.0,0.425
19TH AV,FRASER ST,PRINCE ALBERT ST,VERY POOR,1781.3,0.028,0.95,0,0.95,91.50036462793753,0.5,0,1,1.0,0.479
BIDWELL ST,BEACH AV,HARWOOD ST,VERY GOOD,734.6,0.23,0.1,0,0.1,44.811305700283526,0.8,0,1,1.0,0.434
36TH AV,TRAFALGAR ST,LARCH ST,VERY POOR,1654.1,0.037,0.95,0,0.95,91.8515762621222,0.5,0,1,1.0,0.48
32ND AV,BRUCE ST,COMMERCIAL ST,POOR,1335.0,0.069,0.8,0,0.8,91.30141517699082,0.5,0,1,1.0,0.458
62ND AV,DEAD END,JASPER CRESCENT,GOOD,583.0,0.312,0.3,0,0.3,86.05509304394894,0.5,0,1,1.0,0.407
34TH AV,COLLINGWOOD ST,BLENHEIM ST,NO DATA,1497.0,0.05,0.5,1,0.4,90.45321394933728,0.5,0,1,1.0,0.385
51ST AV,CARTIER ST,HUDSON ST,VERY GOOD,1478.3,0.052,0.1,0,0.1,91.34718048513349,0.5,0,1,1.0,0.332
32ND AV,LAUREL ST,WILLOW ST,FAIR,389.8,0.459,0.5,0,0.5,93.11330757070073,0.5,0,1,1.0,0.464
27TH AV,KNIGHT ST,DUMFRIES ST,FAIR,1205.6,0.09,0.5,0,0.5,90.92546686653662,0.5,0,1,1.0,0.408
31ST AV,INVERNESS ST,CULLODEN ST,GOOD,1792.7,0.028,0.3,0,0.3,87.40089829650879,0.5,0,1,1.0,0.364
CELTIC AV,CARNARVON ST,EAST END,VERY GOOD,53.4,0.899,0.1,0,0.1,90.89952848072733,0.5,0,1,1.0,0.46
DUNBAR ST,29TH AV,28TH AV,GOOD,2061.2,0.016,0.3,0,0.3,0.4582586776323865,0.8,0,1,1.0,0.437
CARNARVON ST,26TH AV,KING EDWARD AV,VERY GOOD,2396.4,0.008,0.1,0,0.1,0.49603813721893175,0.8,0,1,1.0,0.4
19TH AV,BALACLAVA ST,CARNARVON ST,POOR,2129.3,0.014,0.8,0,0.8,90.51907703746144,0.5,0,1,1.0,0.45
ELGIN ST,49TH AV,47TH AV,VERY POOR,1625.9,0.039,0.95,0,0.95,0.9335541150768449,0.8,0,1,1.0,0.555
KING EDWARD AV,QUEBEC ST,MAIN ST,FAIR,819.3,0.194,0.5,0,0.5,91.56589272442807,0.5,0,1,1.0,0.424
KAMLOOPS ST,25TH AV,24TH AV,GOOD,796.6,0.203,0.3,0,0.3,0.28034592629933286,0.8,0,1,1.0,0.465
KENT AV N,MAIN ST,PRINCE EDWARD ST,POOR,238.6,0.621,0.8,0,0.8,82.91123013066908,0.5,0,1,1.0,0.541
CROWN ST,33RD AV,32ND AV,FAIR,1886.9,0.023,0.5,0,0.5,0.5368067112690937,0.8,0,1,1.0,0.473
EARLES ST,KINGS AV,29TH AV,FAIR,869.4,0.176,0.5,0,0.5,31.263769391087123,0.8,0,1,1.0,0.496
KING EDWARD AV,ALEXANDRA ST,GRANVILLE ST,GOOD,942.6,0.152,0.3,0,0.3,91.50178136784149,0.5,0,1,1.0,0.382
HIGHBURY ST,KING EDWARD AV,24TH AV,NO DATA,2163.8,0.013,0.5,1,0.4,0.5485406234501511,0.8,0,1,1.0,0.454
HEMLOCK ST,7TH AV,6TH AV,GOOD,298.4,0.551,0.3,0,0.3,1.5136365586067768,0.8,0,1,1.0,0.518
KERR ST,55TH AV,54TH AV,VERY GOOD,754.0,0.221,0.1,0,0.1,1.8334662929976275,0.8,0,1,1.0,0.433
HIGHBURY ST,SW MARINE DRIVE,41ST AV,FAIR,740.1,0.228,0.5,0,0.5,1.2432272295645248,0.8,0,1,1.0,0.504
MARQUETTE CRES,CHAMPLAIN CRESCENT,CHAMPLAIN CRESCENT,VERY GOOD,119.4,0.787,0.1,0,0.1,352.6774551007347,0.8,0,1,1.0,0.518
HIGHBURY ST,1ST AV,POINT GREY ROAD,FAIR,425.6,0.427,0.5,0,0.5,1.6637313407142074,0.8,0,1,1.0,0.534
MARMION AV,JOYCE ST,HAROLD ST,GOOD,1169.2,0.096,0.3,0,0.3,90.49340276178714,0.5,0,1,1.0,0.374
MACKENZIE ST,20TH AV,19TH AV,GOOD,2342.7,0.009,0.3,0,0.3,0.5391530513306293,0.8,0,1,1.0,0.436
LARCH ST,7TH AV,6TH AV,GOOD,1685.9,0.034,0.3,0,0.3,1.5292892652767023,0.8,0,1,1.0,0.44
KITCHENER ST,SLOCAN ST,KASLO ST,POOR,1075.8,0.116,0.8,0,0.8,90.1245255193408,0.5,0,1,1.0,0.465
CYPRESS ST,12TH AV,11TH AV,VERY GOOD,1145.3,0.101,0.1,0,0.1,1.4963609207386526,0.8,0,1,1.0,0.414
HAMILTON ST,ROBSON ST,GEORGIA ST,VERY POOR,9.7,0.981,0.95,0,0.95,44.78531936953249,0.8,0,1,1.0,0.697
LILLOOET ST,18TH AV,17TH AV,GOOD,410.3,0.44,0.3,0,0.3,0.1456380721650703,0.8,0,1,1.0,0.501
GORE AV,PENDER ST,HASTINGS ST,FAIR,402.2,0.447,0.5,0,0.5,354.7208473888949,0.8,0,1,1.0,0.537
FRANKLIN ST,MCLEAN DRIVE,WOODLAND DRIVE,POOR,1235.1,0.085,0.8,0,0.8,91.05643348401935,0.5,0,1,1.0,0.461
CYPRESS ST,37TH AV,36TH AV,FAIR,848.4,0.183,0.5,0,0.5,1.4965134579298365,0.8,0,1,1.0,0.497
DUNBAR ST,22ND AV,21ST AV,GOOD,1921.0,0.021,0.3,0,0.3,0.5137403333951056,0.8,0,1,1.0,0.438
EAST BLVD,52ND AV,MAPLE ST,NO DATA,870.5,0.175,0.5,1,0.4,338.87464155043926,0.8,0,1,1.0,0.479
FAIRMONT ST,KINGSWAY,HORLEY ST,GOOD,302.4,0.546,0.3,0,0.3,32.824806663168715,0.8,0,1,1.0,0.517
GLADSTONE ST,32ND AV,30TH AV / 31ST AV,VERY POOR,981.6,0.14,0.95,0,0.95,3.8132890873003475,0.8,0,1,1.0,0.57
LAUREL ST,10TH AV,BROADWAY,GOOD,303.0,0.545,0.3,0,0.3,1.4845235332190327,0.8,0,1,1.0,0.517
LANARK ST,33RD AV,32ND AV,VERY POOR,1690.4,0.034,0.95,0,0.95,1.1764170919661296,0.8,0,1,1.0,0.554
HEATHER ST,10TH AV,BROADWAY,VERY GOOD,137.2,0.76,0.1,0,0.1,1.4098287977217296,0.8,0,1,1.0,0.514
MACKENZIE ST,19TH AV,18TH AV,VERY GOOD,2274.5,0.011,0.1,0,0.1,0.5386438387975545,0.8,0,1,1.0,0.401
KING EDWARD AV,PUGET DRIVE,MACDONALD ST / PUGET DRIVE,VERY GOOD,2416.7,0.008,0.1,0,0.1,127.75194429835682,0.5,0,1,1.0,0.325
DAVIE ST,NICOLA ST,BROUGHTON ST,GOOD,470.0,0.391,0.3,0,0.3,134.8010790931612,0.5,0,1,1.0,0.418
LATTA ST,44TH AV,43RD AV,VERY POOR,1388.2,0.062,0.95,0,0.95,0.03653659276557164,0.8,0,1,1.0,0.559
KASLO ST,CHARLES ST,WILLIAM ST,VERY GOOD,879.3,0.172,0.1,0,0.1,0.6721916799314727,0.8,0,1,1.0,0.425
KOOTENAY ST,HASTINGS ST,FRANKLIN ST,GOOD,854.7,0.181,0.3,0,0.3,359.98631571171654,0.8,0,1,1.0,0.462
HARO ST,NICOLA ST,BROUGHTON ST,VERY POOR,370.4,0.477,0.95,0,0.95,134.8009110995343,0.5,0,1,1.0,0.546
DISCOVERY ST,9TH AV,8TH AV,NO DATA,702.0,0.246,0.5,1,0.4,1.4186417666925308,0.8,0,1,1.0,0.489
MANITOBA ST,42ND AV,WOODSTOCK AV,FAIR,595.3,0.304,0.5,0,0.5,1.7118926488248576,0.8,0,1,1.0,0.516
GARDEN DR,GRAVELEY ST,GRANT ST,GOOD,995.3,0.137,0.3,0,0.3,0.8184394681899789,0.8,0,1,1.0,0.455
MANITOBA ST,26TH AV,KING EDWARD AV,GOOD,513.4,0.358,0.3,0,0.3,1.6497322299837265,0.8,0,1,1.0,0.489
ELGIN ST,29TH AV,28TH AV,POOR,1771.8,0.029,0.8,0,0.8,0.9896614737671712,0.8,0,1,1.0,0.527
CULLODEN ST,36TH AV,35TH AV,VERY GOOD,1939.3,0.021,0.1,0,0.1,1.1302703156776488,0.8,0,1,1.0,0.402
KING EDWARD AV,MACDONALD ST / PUGET DRIVE,TRAFALGAR ST,VERY GOOD,2262.9,0.011,0.1,0,0.1,92.49965680578191,0.5,0,1,1.0,0.326
HUDSON ST,40TH AV,39TH AV,GOOD,285.4,0.565,0.3,0,0.3,1.3933240933002367,0.8,0,1,1.0,0.52
KING EDWARD AV,MANITOBA ST,ONTARIO ST,GOOD,612.8,0.294,0.3,0,0.3,91.6022438940505,0.5,0,1,1.0,0.404
INVERNESS ST,51ST AV,49TH AV,FAIR,1650.0,0.037,0.5,0,0.5,1.4538469159550118,0.8,0,1,1.0,0.475
GRANDVIEW HWY N,CLARK DRIVE,MCLEAN DRIVE,POOR,1255.8,0.081,0.8,0,0.8,116.5218691853587,0.5,0,1,1.0,0.46
KASLO ST,3RD AV,2ND AV,VERY POOR,902.4,0.165,0.95,0,0.95,0.562295114765675,0.8,0,1,1.0,0.574
FRANCES ST,VERNON DRIVE,CLARK DRIVE,NO DATA,755.0,0.221,0.5,1,0.4,91.08219889160483,0.5,0,1,1.0,0.41
FRENCH ST,71ST AV,70TH AV,POOR,491.9,0.374,0.8,0,0.8,1.480930679836149,0.8,0,1,1.0,0.579
KASLO ST,SOUTH END,27TH AV,VERY GOOD,840.8,0.186,0.1,0,0.1,0.6291868026259522,0.8,0,1,1.0,0.427
KENT AV N,KENT AV SOUTH,PORTSIDE DRIVE,VERY GOOD,37.5,0.928,0.1,0,0.1,105.55761604678366,0.5,0,1,1.0,0.464
LAKEWOOD DR,TRIUMPH ST,DUNDAS ST,VERY GOOD,1448.8,0.055,0.1,0,0.1,0.709858591459863,0.8,0,1,1.0,0.408
GLADSTONE ST,28TH AV,27TH AV,POOR,853.6,0.181,0.8,0,0.8,357.99002097603403,0.8,0,1,1.0,0.55
MARGUERITE ST,51ST AV,49TH AV,NO DATA,1370.3,0.065,0.5,1,0.4,1.553019715812468,0.8,0,1,1.0,0.462
FOSTER AV,TYNE ST,MELBOURNE ST,VERY GOOD,1131.3,0.104,0.1,0,0.1,89.99755446424933,0.5,0,1,1.0,0.34
CORDOVA ST,COLUMBIA ST,MAIN ST,VERY POOR,294.7,0.555,0.95,0,0.95,91.68806385228572,0.5,0,1,1.0,0.558
MALKIN AV,CHESS ST,RAYMUR AV,GOOD,174.0,0.706,0.3,0,0.3,114.94900249180051,0.5,0,1,1.0,0.466
HOMER ST,HELMCKEN ST,NELSON ST,FAIR,286.3,0.564,0.5,0,0.5,44.83142100206368,0.8,0,1,1.0,0.555
MAPLE ST,1ST AV,YORK AV,POOR,681.7,0.256,0.8,0,0.8,1.497100317258969,0.8,0,1,1.0,0.561
GRANT ST,TEMPLETON DRIVE,GARDEN DRIVE,GOOD,1080.9,0.115,0.3,0,0.3,90.85044548164655,0.5,0,1,1.0,0.377
DUMFRIES ST,22ND AV,21ST AV,FAIR,849.2,0.183,0.5,0,0.5,1.4214101559436472,0.8,0,1,1.0,0.497
KENT AV N,VICTORIA DRIVE,SOUTHEAST END,GOOD,69.1,0.871,0.3,0,0.3,113.48127846325929,0.5,0,1,1.0,0.491
CYPRESS ST,6TH AV,5TH AV,VERY GOOD,702.5,0.245,0.1,0,0.1,1.5577404924468397,0.8,0,1,1.0,0.436
HOMER ST,DAVIE ST,HELMCKEN ST,FAIR,289.1,0.561,0.5,0,0.5,44.75529421568979,0.8,0,1,1.0,0.554
LAUREL ST,44TH AV,43RD AV,GOOD,832.5,0.189,0.3,0,0.3,347.40128807475696,0.8,0,1,1.0,0.463
EARLES ST,DUKE ST,WARD ST,FAIR,201.5,0.668,0.5,0,0.5,32.826067444643684,0.8,0,1,1.0,0.571
GEORGIA ST,KASLO ST,RENFREW ST,FAIR,381.4,0.466,0.5,0,0.5,90.08777383325639,0.5,0,1,1.0,0.465
LILLOOET ST,ADANAC ST,GEORGIA ST,VERY GOOD,374.1,0.473,0.1,0,0.1,0.13362624780643273,0.8,0,1,1.0,0.471
LAURIER AV,CARTIER ST,HUDSON ST,POOR,1070.8,0.117,0.8,0,0.8,91.44916414386006,0.5,0,1,1.0,0.465
FLEMING ST,29TH AV,26TH AV,FAIR,1021.9,0.13,0.5,0,0.5,1.1741452771540253,0.8,0,1,1.0,0.489
ETON ST,FELLOWES ST,KOOTENAY ST,VERY GOOD,578.6,0.314,0.1,0,0.1,90.12440786015407,0.5,0,1,1.0,0.372
GLENDALE ST,24TH AV,22ND AV,GOOD,570.2,0.32,0.3,0,0.3,0.4204156254897953,0.8,0,1,1.0,0.483
DUMFRIES ST,58TH AV,57TH AV,VERY POOR,932.0,0.155,0.95,0,0.95,0.7055363685406633,0.8,0,1,1.0,0.573
DUNDAS ST,SLOCAN ST,KASLO ST,GOOD,477.0,0.385,0.3,0,0.3,90.14908946266513,0.5,0,1,1.0,0.418
LANARK ST,43RD AV,41ST AV,GOOD,1893.8,0.023,0.3,0,0.3,1.3796454415902417,0.8,0,1,1.0,0.438
CORDOVA ST,GRANVILLE ST,SEYMOUR ST,NO DATA,502.1,0.366,0.5,1,0.4,134.81053524856225,0.5,0,1,1.0,0.432
CROWN ST,SW MARINE DRIVE,41ST AV,FAIR,1180.5,0.094,0.5,0,0.5,1.1633789967780217,0.8,0,1,1.0,0.484
HEMLOCK ST,11TH AV,10TH AV,VERY GOOD,337.8,0.509,0.1,0,0.1,1.4971095189298467,0.8,0,1,1.0,0.476
COURTENAY ST,12TH AV,11TH AV,FAIR,914.8,0.16,0.5,0,0.5,1.3904406316133873,0.8,0,1,1.0,0.494
HUDSON ST,SOUTH END,33RD AV,VERY POOR,52.1,0.901,0.95,0,0.95,0.821843440303951,0.8,0,1,1.0,0.685
MACDONALD ST,10TH AV,BROADWAY,VERY GOOD,1941.3,0.021,0.1,0,0.1,1.3874724244925574,0.8,0,1,1.0,0.402
KASLO ST,12TH AV,10TH AV,VERY GOOD,454.9,0.403,0.1,0,0.1,0.031788135647047966,0.8,0,1,1.0,0.46
LAKEWOOD DR,PANDORA ST,TRIUMPH ST,GOOD,1434.6,0.057,0.3,0,0.3,0.7245774196889556,0.8,0,1,1.0,0.443
GLADSTONE ST,51ST AV,50TH AV,VERY POOR,1457.1,0.054,0.95,0,0.95,6.876820832028216,0.8,0,1,1.0,0.557
HOLLAND ST,41ST AV,39TH AV,NO DATA,1169.2,0.096,0.5,1,0.4,0.5294579162734863,0.8,0,1,1.0,0.467
MARGUERITE ST,43RD AV,41ST AV,VERY POOR,697.8,0.248,0.95,0,0.95,1.5002601860537652,0.8,0,1,1.0,0.587
DUMFRIES ST,51ST AV,49TH AV,VERY POOR,1613.3,0.04,0.95,0,0.95,1.4775875395868638,0.8,0,1,1.0,0.555
ELMHURST DR,KILLARNEY ST,55TH AV,GOOD,478.9,0.384,0.3,0,0.3,321.6304566711258,0.8,0,1,1.0,0.492
HORNBY ST,SMITHE ST,ROBSON ST,VERY GOOD,42.9,0.918,0.1,0,0.1,44.76052345166062,0.8,0,1,1.0,0.538
MAIN ST,62ND AV,61ST AV,POOR,642.8,0.276,0.8,0,0.8,1.6001986961808825,0.8,0,1,1.0,0.564
KENT AV N,ELLIOTT ST,JELLICOE ST,GOOD,34.0,0.934,0.3,0,0.3,83.58141331933473,0.5,0,1,1.0,0.5
HEATHER ST,30TH AV,29TH AV,POOR,444.3,0.411,0.8,0,0.8,1.3514165946913295,0.8,0,1,1.0,0.585
ELGIN ST,35TH AV,33RD AV,FAIR,1613.3,0.04,0.5,0,0.5,1.1995937136803718,0.8,0,1,1.0,0.476
HORNBY ST,SOUTHWEST END,BEACH AV,VERY GOOD,563.7,0.324,0.1,0,0.1,44.787112694661005,0.8,0,1,1.0,0.448
FREMLIN ST,64TH AV,63RD AV / PARK DRIVE,VERY GOOD,874.6,0.174,0.1,0,0.1,1.580690257142578,0.8,0,1,1.0,0.425
DISCOVERY ST,14TH AV,13TH AV,FAIR,1165.7,0.097,0.5,0,0.5,1.4535311541329747,0.8,0,1,1.0,0.484
MACKENZIE ST,37TH AV,36TH AV,VERY POOR,1377.6,0.064,0.95,0,0.95,0.4602239031533486,0.8,0,1,1.0,0.559
LOCARNO CRES,DISCOVERY ST,NW MARINE DRIVE,POOR,333.6,0.513,0.8,0,0.8,86.92634785092616,0.5,0,1,1.0,0.525
DUMFRIES ST,34TH AV,33RD AV,VERY GOOD,1708.6,0.033,0.1,0,0.1,1.2873338386386308,0.8,0,1,1.0,0.404
EARLES ST,VANNESS AV,KINGS AV,FAIR,793.0,0.205,0.5,0,0.5,33.14836391597049,0.8,0,1,1.0,0.501
DRAKE ST,HOWE ST,GRANVILLE ST,POOR,492.1,0.374,0.8,0,0.8,134.80645437743112,0.5,0,1,1.0,0.504
KASLO ST,GRAVELEY ST,GRANT ST,VERY POOR,1155.4,0.099,0.95,0,0.95,0.6363278199168008,0.8,0,1,1.0,0.564
FRASER ST,62ND AV,61ST AV,VERY POOR,825.4,0.192,0.95,0,0.95,0.2606692727114819,0.8,0,1,1.0,0.578
CORNWALL AV,VINE ST,YEW ST,POOR,851.9,0.182,0.8,0,0.8,91.53597734024743,0.5,0,1,1.0,0.475
LILLOOET ST,16TH AV,15TH AV,VERY POOR,244.8,0.613,0.95,0,0.95,0.2098319697490183,0.8,0,1,1.0,0.642
LAURIER AV,GRANVILLE ST,CARTIER ST,POOR,1072.6,0.117,0.8,0,0.8,91.49019142543557,0.5,0,1,1.0,0.465
LAKEWOOD DR,6TH AV,5TH AV,POOR,603.4,0.299,0.8,0,0.8,0.7711690487395799,0.8,0,1,1.0,0.568
KAMLOOPS ST,CHARLES ST,WILLIAM ST,VERY POOR,1223.4,0.087,0.95,0,0.95,0.11429642269604301,0.8,0,1,1.0,0.562
GEORGIA ST,CLARK DRIVE,MCLEAN DRIVE,GOOD,831.8,0.189,0.3,0,0.3,91.1505925909629,0.5,0,1,1.0,0.388
KILLARNEY ST,52ND AV,51ST AV,FAIR,888.0,0.169,0.5,0,0.5,2.067097888689716,0.8,0,1,1.0,0.495
CORNWALL AV,TRAFALGAR ST,LARCH ST,VERY POOR,1307.7,0.073,0.95,0,0.95,91.91134295477866,0.5,0,1,1.0,0.485
LABURNUM ST,EAST BOULEVARD,54TH AV,VERY POOR,836.0,0.188,0.95,0,0.95,1.8621996036736164,0.8,0,1,1.0,0.578
MAIN ST,8TH AV,KINGSWAY,FAIR,599.3,0.302,0.5,0,0.5,1.6305127243641095,0.8,0,1,1.0,0.515
HIGHBURY ST,35TH AV,34TH AV,VERY GOOD,1513.5,0.048,0.1,0,0.1,0.47983292128674293,0.8,0,1,1.0,0.407
CYPRESS CRES,MAPLE CRESCENT,CYPRESS ST,VERY POOR,1265.6,0.08,0.95,0,0.95,30.20090269197567,0.8,0,1,1.0,0.561
KING EDWARD AV,WILLOW ST,HEATHER ST,GOOD,656.7,0.269,0.3,0,0.3,91.97628837942426,0.5,0,1,1.0,0.4
KASLO ST,KITCHENER ST,CHARLES ST,FAIR,973.2,0.143,0.5,0,0.5,0.6746898981664344,0.8,0,1,1.0,0.491
LILY ST,WILLIAM ST,NAPIER ST,GOOD,1505.2,0.049,0.3,0,0.3,0.7760320620317884,0.8,0,1,1.0,0.442
CYPRESS ST,MAPLE CRESCENT,NANTON AV,NO DATA,1094.1,0.112,0.5,1,0.4,1.4972553126470984,0.8,0,1,1.0,0.469
ELIZABETH ST,41ST AV,39TH AV,POOR,561.2,0.325,0.8,0,0.8,1.709446931673824,0.8,0,1,1.0,0.572
CORNWALL AV,LARCH ST,BALSAM ST,VERY POOR,1150.8,0.1,0.95,0,0.95,91.50985175894328,0.5,0,1,1.0,0.489
HAGGART ST,EDDINGTON DRIVE,EDGAR CRESCENT,VERY POOR,1828.1,0.026,0.95,0,0.95,334.8927715093569,0.8,0,1,1.0,0.553
MAPLE ST,YORK AV,CORNWALL AV,VERY GOOD,600.1,0.301,0.1,0,0.1,1.4568732584809823,0.8,0,1,1.0,0.445
HUDSON ST,26TH AV,KING EDWARD AV,GOOD,800.2,0.202,0.3,0,0.3,1.5272136085537227,0.8,0,1,1.0,0.465
KILLARNEY ST,KINGSWAY,HORLEY ST,GOOD,392.3,0.456,0.3,0,0.3,32.87509596961985,0.8,0,1,1.0,0.503
GARDEN DR,PANDORA ST,TRIUMPH ST,VERY GOOD,1155.3,0.099,0.1,0,0.1,0.7675589626142028,0.8,0,1,1.0,0.414
HELMCKEN ST,HOWE ST,GRANVILLE ST,VERY POOR,219.1,0.645,0.95,0,0.95,134.7610867892597,0.5,0,1,1.0,0.572
LARCH ST,36TH AV,35TH AV,NO DATA,1715.9,0.032,0.5,1,0.4,1.5184024308896937,0.8,0,1,1.0,0.457
KING EDWARD AV,INVERNESS ST,CLARK DRIVE,FAIR,1321.4,0.071,0.5,0,0.5,91.05336536432765,0.5,0,1,1.0,0.406
GARDEN DR,CHARLES ST,WILLIAM ST,POOR,1273.1,0.078,0.8,0,0.8,0.8045684738222576,0.8,0,1,1.0,0.535
KOOTENAY ST,26TH AV,25TH AV,FAIR,369.0,0.478,0.5,0,0.5,0.28273801171513924,0.8,0,1,1.0,0.542
MAIN ST,44TH AV,42ND AV,POOR,628.7,0.284,0.8,0,0.8,0.7624898718042346,0.8,0,1,1.0,0.566
FIR ST,16TH AV,15TH AV,VERY GOOD,950.6,0.149,0.1,0,0.1,1.488599334593573,0.8,0,1,1.0,0.422
HEATHER ST,12TH AV,10TH AV,VERY GOOD,173.9,0.706,0.1,0,0.1,1.5048122455365842,0.8,0,1,1.0,0.506
SOPHIA ST,64TH AV,63RD AV,VERY POOR,813.4,0.197,0.95,0,0.95,1.9974080716399953,0.8,0,1,1.0,0.579
MUSQUEAM DR,MUSQUEAM CLOSE,STAULO CRESCENT 1 / YUCULTA CRESCENT,GOOD,662.9,0.266,0.3,0,0.3,105.15909197642009,0.5,0,1,1.0,0.4
SALSBURY DR,VENABLES ST,LANE,GOOD,1404.5,0.06,0.3,0,0.3,0.6238245006811667,0.8,0,1,1.0,0.444
THURLOW ST,CORDOVA ST,HASTINGS ST,NO DATA,143.8,0.75,0.5,1,0.4,224.81103223047174,0.2,0,1,1.0,0.415
MONMOUTH AV,PAYNE ST,RUBY ST,POOR,416.5,0.435,0.8,0,0.8,122.0865349711421,0.5,0,1,1.0,0.513
PINE ST,13TH AV,12TH AV,GOOD,902.4,0.165,0.3,0,0.3,1.538746316560946,0.8,0,1,1.0,0.459
ROBSON ST,BUTE ST,THURLOW ST,FAIR,249.5,0.607,0.5,0,0.5,134.8906666277162,0.5,0,1,1.0,0.486
NANAIMO ST,GEORGIA ST,TURNER ST,VERY POOR,1085.6,0.114,0.95,0,0.95,0.24826298988818962,0.8,0,1,1.0,0.566
SALISH DR,MUSQUEAM DRIVE,HALSS CRESCENT,FAIR,721.2,0.236,0.5,0,0.5,352.27840905617904,0.8,0,1,1.0,0.505
SIDNEY ST,23RD AV,STAINSBURY AV,FAIR,406.8,0.443,0.5,0,0.5,1.214920308121691,0.8,0,1,1.0,0.537
ST REGIS LANE,SOUTHWEST END,DUNSMUIR ST,NO DATA,372.4,0.475,0.5,1,0.4,44.770132816423484,0.8,0,1,1.0,0.524
TOLMIE ST,14TH AV,13TH AV,FAIR,1494.1,0.05,0.5,0,0.5,1.5385940750389864,0.8,0,1,1.0,0.477
SLOCAN ST,PARKER ST,VENABLES ST,FAIR,752.6,0.222,0.5,0,0.5,0.6137611137890531,0.8,0,1,1.0,0.503
NAPIER ST,TEMPLETON DRIVE,GARDEN DRIVE,VERY GOOD,1370.9,0.064,0.1,0,0.1,90.7249979925765,0.5,0,1,1.0,0.334
NOOTKA ST,6TH AV,5TH AV,FAIR,649.0,0.273,0.5,0,0.5,0.0527558418681906,0.8,0,1,1.0,0.511
STAINSBURY AV,SIDNEY ST,GLADSTONE ST / VANNESS AV,GOOD,406.5,0.443,0.3,0,0.3,116.84785992893444,0.5,0,1,1.0,0.426
MOBERLY RD,BUCKETWHEEL,STAMPS LANDING,POOR,46.3,0.912,0.8,0,0.8,336.4851665761075,0.8,0,1,1.0,0.66
NOOTKA ST,HEBB AV,BROADWAY,GOOD,122.0,0.784,0.3,0,0.3,359.99000176060105,0.8,0,1,1.0,0.553
PRINCE ALBERT ST,7TH AV,6TH AV,VERY GOOD,1129.7,0.104,0.1,0,0.1,0.8512128545125961,0.8,0,1,1.0,0.415
TURNER ST,GARDEN DRIVE,NANAIMO ST,FAIR,1085.1,0.114,0.5,0,0.5,90.51946926886109,0.5,0,1,1.0,0.412
RUPERT ST,WELLINGTON AV,PRICE ST,GOOD,365.1,0.482,0.3,0,0.3,32.102870125027835,0.8,0,1,1.0,0.507
TURNER ST,SKEENA ST,KOOTENAY ST,VERY GOOD,618.0,0.291,0.1,0,0.1,90.07100480776194,0.5,0,1,1.0,0.368
MELBOURNE ST,FOSTER AV,EUCLID AV,VERY POOR,1041.8,0.124,0.95,0,0.95,0.35937233929900003,0.8,0,1,1.0,0.568
QUEBEC ST,46TH AV,45TH AV,VERY POOR,377.3,0.47,0.95,0,0.95,0.0759595594873872,0.8,0,1,1.0,0.62
ONTARIO ST,42ND AV,WOODSTOCK AV,POOR,584.8,0.31,0.8,0,0.8,1.293070036520362,0.8,0,1,1.0,0.57
SLOCAN ST,DUNDAS ST,OXFORD ST,VERY GOOD,638.9,0.279,0.1,0,0.1,0.08462605963399028,0.8,0,1,1.0,0.441
STANLEY PARK DR TO CAUSEWAY RAMP,STANLEY PARK DRIVE,STANLEY PARK CAUSEWAY,GOOD,477.0,0.385,0.3,0,0.3,310.72875862106605,0.5,0,1,1.0,0.418
SOPHIA ST,49TH AV,48TH AV,VERY POOR,483.6,0.38,0.95,0,0.95,2.1612692668310274,0.8,0,1,1.0,0.607
ONTARIO PL,QUEBEC ST,MAIN ST,POOR,726.3,0.234,0.8,0,0.8,91.92574822169377,0.5,0,1,1.0,0.483
NAPIER ST,ODLUM DRIVE,MCLEAN DRIVE,POOR,854.2,0.181,0.8,0,0.8,91.16117952918904,0.5,0,1,1.0,0.475
SCHOOL AV,COLLEGE ST,RUPERT ST,FAIR,478.7,0.384,0.5,0,0.5,121.14431562962113,0.5,0,1,1.0,0.453
NOOTKA ST,7TH AV,6TH AV,FAIR,562.9,0.324,0.5,0,0.5,0.31404130336608205,0.8,0,1,1.0,0.519
MONTCALM ST,64TH AV,62ND AV,VERY GOOD,1191.1,0.092,0.1,0,0.1,1.125867515006064,0.8,0,1,1.0,0.413
ST CATHERINES ST,7TH AV,6TH AV,VERY GOOD,1144.5,0.101,0.1,0,0.1,0.7880415102000597,0.8,0,1,1.0,0.415
SEMLIN DR,5TH AV,4TH AV,FAIR,776.3,0.212,0.5,0,0.5,0.7767843093646434,0.8,0,1,1.0,0.502
PRINCE ALBERT ST,35TH AV,33RD AV,GOOD,1289.3,0.076,0.3,0,0.3,0.5159425174717853,0.8,0,1,1.0,0.446
ST GEORGE ST,20TH AV,19TH AV,VERY POOR,1631.0,0.038,0.95,0,0.95,1.4495644821857923,0.8,0,1,1.0,0.555
TYNE ST,44TH AV,SCHOOL AV,GOOD,1478.0,0.052,0.3,0,0.3,1.6267961814858154,0.8,0,1,1.0,0.442
MCHARDY ST,PRICE ST,TANNER ST,VERY POOR,103.3,0.813,0.95,0,0.95,32.45222387039934,0.8,0,1,1.0,0.672
SLOCAN ST,38TH AV,37TH AV,FAIR,256.1,0.599,0.5,0,0.5,0.5097365113509795,0.8,0,1,1.0,0.56
THE CRESCENT,HUDSON ST,TECUMSEH AV,GOOD,905.9,0.163,0.3,0,0.3,26.36134917500283,0.8,0,1,1.0,0.459
PANDORA ST,CASSIAR ST,SKEENA ST,VERY GOOD,571.1,0.319,0.1,0,0.1,90.1435166175201,0.5,0,1,1.0,0.372
MILLER ST,SOUTH END,KINGSWAY,VERY GOOD,965.8,0.145,0.1,0,0.1,6.355085093357218,0.8,0,1,1.0,0.421
QUEBEC ST,32ND AV,30TH AV,GOOD,366.7,0.48,0.3,0,0.3,1.8922197847942357,0.8,0,1,1.0,0.507
STANLEY PARK DR SHORTCUT 2,STANLEY PARK DRIVE (EAST),STANLEY PARK DRIVE (WEST),GOOD,915.5,0.16,0.3,0,0.3,287.6037415474964,0.5,0,1,1.0,0.384
NANAIMO ST,WILLIAM ST,PARKER ST,VERY POOR,1235.8,0.084,0.95,0,0.95,0.13914877330438458,0.8,0,1,1.0,0.562
MCLEAN DR,GEORGIA ST,FRANCES ST,FAIR,1033.8,0.126,0.5,0,0.5,1.3834636810672691,0.8,0,1,1.0,0.489
NANAIMO ST,BONNYVALE AV,UPLAND DRIVE,VERY POOR,873.9,0.174,0.95,0,0.95,358.7614833766602,0.8,0,1,1.0,0.575
SIDNEY ST,30TH AV,29TH AV,VERY GOOD,1053.5,0.122,0.1,0,0.1,36.353002534931306,0.8,0,1,1.0,0.418
PENTICTON ST,8TH AV,7TH AV,VERY GOOD,274.3,0.578,0.1,0,0.1,0.6545509087097798,0.8,0,1,1.0,0.486
STIKINE PL,SOUTH END,MAQUINNA DRIVE,VERY GOOD,275.6,0.576,0.1,0,0.1,9.021228640297863,0.8,0,1,1.0,0.486
PRINCE EDWARD ST,14TH AV,13TH AV,VERY POOR,1241.9,0.083,0.95,0,0.95,3.5645401635479743,0.8,0,1,1.0,0.562
NELSON ST,BROUGHTON ST,JERVIS ST,GOOD,313.5,0.534,0.3,0,0.3,134.82376283635995,0.5,0,1,1.0,0.44
PENTICTON ST,5TH AV,4TH AV,VERY POOR,513.6,0.358,0.95,0,0.95,0.5335109710354686,0.8,0,1,1.0,0.603
TODERICK ST,51ST AV,50TH AV,FAIR,1100.8,0.111,0.5,0,0.5,31.686780955964707,0.8,0,1,1.0,0.487
SPENCER ST,KINGSWAY,EUCLID AV,FAIR,741.6,0.227,0.5,0,0.5,32.66187878215493,0.8,0,1,1.0,0.504
NANAIMO ST,6TH AV,5TH AV,VERY POOR,360.0,0.487,0.95,0,0.95,0.12151045700409213,0.8,0,1,1.0,0.623
SKEENA ST,HASTINGS ST,FRANKLIN ST,VERY GOOD,753.6,0.222,0.1,0,0.1,0.05051968143288832,0.8,0,1,1.0,0.433
RAVINE ST,EUCLID AV,NORTHEAST END,FAIR,539.7,0.34,0.5,0,0.5,32.198730015437945,0.8,0,1,1.0,0.521
TYNE ST,50TH AV,49TH AV,FAIR,1217.0,0.088,0.5,0,0.5,0.7109835345596593,0.8,0,1,1.0,0.483
QUEEN ELIZABETH PARK RD 1,33RD AV EB TO QE PARK ROAD,33RD AV,FAIR,168.5,0.714,0.5,0,0.5,308.28985819788636,0.5,0,1,1.0,0.502
RENFREW ST,22ND AV,21ST AV,FAIR,795.4,0.204,0.5,0,0.5,354.32848449327355,0.8,0,1,1.0,0.501
PARK DR,59TH AV,FRENCH ST,VERY GOOD,1353.3,0.067,0.1,0,0.1,113.76357469895902,0.5,0,1,1.0,0.334
NELSON ST,EXPO BOULEVARD,PACIFIC BOULEVARD,VERY POOR,146.7,0.746,0.95,0,0.95,139.2359204199082,0.2,0,1,1.0,0.512
PENTICTON ST,12TH AV,11TH AV,GOOD,226.2,0.636,0.3,0,0.3,359.9178019380841,0.8,0,1,1.0,0.53
PRIOR ST,JACKSON AV / MALKIN AV,PRINCESS AV,VERY POOR,220.8,0.643,0.95,0,0.95,91.86409406217797,0.5,0,1,1.0,0.571
SHANGHAI ALLEY,TAYLOR ST,PENDER ST,NO DATA,86.7,0.841,0.5,1,0.4,51.81076063486165,0.5,0,1,1.0,0.504
QUEBEC ST,35TH AV,33RD AV,VERY POOR,207.1,0.661,0.95,0,0.95,1.7229116528043846,0.8,0,1,1.0,0.649
NANAIMO ST,41ST AV,40TH AV,FAIR,717.0,0.238,0.5,0,0.5,2.4616830603031303,0.8,0,1,1.0,0.506
SASAMAT ST,LANGARA AV,BELMONT AV,POOR,772.1,0.213,0.8,0,0.8,1.5583174211649293,0.8,0,1,1.0,0.555
RAYMUR AV,PENDER ST,HASTINGS ST OP,GOOD,622.8,0.288,0.3,0,0.3,9.031552354271014,0.8,1,1,1.0,0.778
TUPPER ST,18TH AV,17TH AV,GOOD,617.3,0.291,0.3,0,0.3,1.5380541466438444,0.8,0,1,1.0,0.478
PENTICTON ST,ADANAC ST,GEORGIA ST,GOOD,800.8,0.202,0.3,0,0.3,0.12990019190942803,0.8,0,1,1.0,0.465
OSLER ST,26TH AV,KING EDWARD AV,VERY POOR,857.8,0.18,0.95,0,0.95,1.494354994980256,0.8,0,1,1.0,0.576
MILLYARD,MOBERLY ROAD,FERRY ROW / SAWCUT,VERY GOOD,126.0,0.777,0.1,0,0.1,323.477576053889,0.8,0,1,1.0,0.516
SEMLIN DR,8TH AV,7TH AV,VERY GOOD,638.9,0.279,0.1,0,0.1,0.7365267314251014,0.8,0,1,1.0,0.441
PENTICTON ST,PANDORA ST,TRIUMPH ST,VERY GOOD,737.1,0.229,0.1,0,0.1,0.0835374377138578,0.8,0,1,1.0,0.434
PRINCE EDWARD ST,7TH AV,6TH AV,VERY GOOD,664.2,0.265,0.1,0,0.1,3.5945369265089084,0.8,0,1,1.0,0.439
PRICE ST,RUBY ST,BOUNDARY ROAD,FAIR,489.8,0.375,0.5,0,0.5,97.58793489647115,0.5,0,1,1.0,0.451
NW MARINE DR,SASAMAT ST,TRIMBLE ST,VERY GOOD,658.2,0.268,0.1,0,0.1,78.98056432553767,0.5,0,1,1.0,0.365
POINT GREY RD,DEAD END,1ST AV,NO DATA,1692.0,0.034,0.5,1,0.4,82.75360818287436,0.5,0,1,1.0,0.382
ORMIDALE ST,45TH AV,KINGSWAY,VERY POOR,1363.1,0.065,0.95,0,0.95,359.23136801735467,0.8,0,1,1.0,0.559
THURLOW ST,MELVILLE ST,ALBERNI ST,POOR,11.6,0.977,0.8,0,0.8,224.78594559422274,0.2,0,1,1.0,0.52
PRINCE EDWARD ST,11TH AV,10TH AV,GOOD,1007.3,0.133,0.3,0,0.3,3.624516004973202,0.8,0,1,1.0,0.455
SOPHIA ST,22ND AV,21ST AV,VERY GOOD,1240.7,0.084,0.1,0,0.1,1.4712327861159906,0.8,0,1,1.0,0.412
NANAIMO ST,VANNESS AV,24TH AV,VERY GOOD,714.7,0.239,0.1,0,0.1,0.3432174483664312,0.8,0,1,1.0,0.435
SKEENA ST,25TH AV,24TH AV,GOOD,398.5,0.451,0.3,0,0.3,0.19463245812022478,0.8,0,1,1.0,0.502
TEMPLETON DR,6TH AV,5TH AV,VERY POOR,501.0,0.367,0.95,0,0.95,0.7755796545108637,0.8,0,1,1.0,0.605
PARKER ST,GARDEN DRIVE,NANAIMO ST,FAIR,1236.6,0.084,0.5,0,0.5,90.7205623529482,0.5,0,1,1.0,0.408
SHAWNEE PL,SOUTHWEST END,56TH AV,GOOD,447.0,0.409,0.3,0,0.3,28.367728967291157,0.8,0,1,1.0,0.496
TYNE ST,FOSTER AV,STAMFORD ST,VERY GOOD,1101.3,0.111,0.1,0,0.1,337.10545054507025,0.8,0,1,1.0,0.416
OLIVER CRES,MACDONALD ST,TRAFALGAR ST,GOOD,2302.8,0.01,0.3,0,0.3,90.49961343279631,0.5,0,1,1.0,0.361
ST CATHERINES ST,20TH AV,19TH AV,VERY POOR,1643.8,0.037,0.95,0,0.95,1.3424436848277992,0.8,0,1,1.0,0.555
STANLEY PARK DR,STANLEY PARK DRIVE SHORTCUT 2,STANLEY PARK SHORTCUT 1,VERY GOOD,728.4,0.233,0.1,0,0.1,255.0090225331661,0.5,0,1,1.0,0.359
PARKER ST,GLEN DRIVE,GEORGE ST,FAIR,453.4,0.404,0.5,0,0.5,87.44882625251569,0.5,0,1,1.0,0.456
TRUTCH ST,10TH AV,BROADWAY,VERY GOOD,1421.8,0.058,0.1,0,0.1,1.5169914671524793,0.8,0,1,1.0,0.408
NANAIMO ST,53RD AV,52ND AV,VERY POOR,1143.7,0.102,0.95,0,0.95,0.5289633946531467,0.8,0,1,1.0,0.565
ST GEORGE ST,7TH AV,6TH AV,VERY POOR,825.6,0.192,0.95,0,0.95,0.5839114366474405,0.8,0,1,1.0,0.578
QUEBEC ST,39TH AV,38TH AV,FAIR,330.5,0.516,0.5,0,0.5,1.569301452651473,0.8,0,1,1.0,0.548
RICHARDS ST,PACIFIC ST,BEACH CRESCENT,VERY GOOD,651.3,0.272,0.1,0,0.1,224.78293337561982,0.2,0,1,1.0,0.29
PARKER ST,KELOWNA ST,NOOTKA ST,POOR,670.4,0.262,0.8,0,0.8,90.06314346643535,0.5,0,1,1.0,0.487
PRICE ST,RUPERT ST,MCHARDY ST,FAIR,206.7,0.661,0.5,0,0.5,122.01905642473685,0.5,0,1,1.0,0.495
ROSS ST,47TH AV,45TH AV,FAIR,1734.7,0.031,0.5,0,0.5,358.2412795933832,0.8,0,1,1.0,0.475
SLOCAN ST,OXFORD ST,CAMBRIDGE ST,VERY GOOD,669.9,0.262,0.1,0,0.1,0.11414340322812677,0.8,0,1,1.0,0.439
POINT GREY RD,BLENHEIM ST,TRUTCH ST,VERY GOOD,1139.3,0.102,0.1,0,0.1,99.59928447395231,0.5,0,1,1.0,0.34
NANTON AV,MARGUERITE ST,ALEXANDRA ST,FAIR,803.3,0.201,0.5,0,0.5,91.47097175094751,0.5,0,1,1.0,0.425
ONTARIO ST,55TH AV,54TH AV,GOOD,290.3,0.56,0.3,0,0.3,1.3438973991516718,0.8,0,1,1.0,0.519
STANLEY PARK DR,STANLEY PARK DRIVE SHORTCUT 2,STANLEY PARK DRIVE SHORTCUT 2,VERY POOR,914.6,0.161,0.95,0,0.95,287.09618295430096,0.5,0,1,1.0,0.498
TRAFALGAR ST,32ND AV,30TH AV / ELM ST,VERY POOR,2003.6,0.018,0.95,0,0.95,1.5031790065279438,0.8,0,1,1.0,0.552
PRINCESS AV,PRIOR ST,UNION ST,VERY GOOD,221.0,0.643,0.1,0,0.1,1.7598236339824211,0.8,0,1,1.0,0.496
NANAIMO ST,35TH AV,34TH AV,VERY POOR,586.1,0.31,0.95,0,0.95,0.5002379761756401,0.8,0,1,1.0,0.596
ROSS ST,33RD AV,31ST AV,FAIR,1760.2,0.03,0.5,0,0.5,3.2072331035215598,0.8,0,1,1.0,0.474
SLOCAN ST,34TH AV,33RD AV,GOOD,312.1,0.536,0.3,0,0.3,1.5064237063697874,0.8,0,1,1.0,0.515
SASAMAT ST,13TH AV,12TH AV,POOR,1276.5,0.078,0.8,0,0.8,1.5019055735033362,0.8,0,1,1.0,0.535
PRINCE EDWARD ST,34TH AV,33RD AV,FAIR,636.2,0.28,0.5,0,0.5,1.5891462947212744,0.8,0,1,1.0,0.512
OSLER ST,DEVONSHIRE CRESCENT,29TH AV,VERY GOOD,461.1,0.398,0.1,0,0.1,1.4213733412385636,0.8,0,1,1.0,0.459
ONTARIO ST,19TH AV,ONTARIO ST NB TO E 18TH AV,FAIR,1180.1,0.094,0.5,0,0.5,1.6632074149653135,0.8,0,1,1.0,0.484
TEMPLETON DR,TURNER ST,PENDER ST,GOOD,1294.9,0.075,0.3,0,0.3,0.3882550386128969,0.8,0,1,1.0,0.446
SIDNEY ST,28TH AV,27TH AV,POOR,847.0,0.184,0.8,0,0.8,1.2384741418653107,0.8,0,1,1.0,0.55
PRIOR ST,QUEBEC ST,MILROSS AV,GOOD,310.2,0.538,0.3,0,0.3,128.80642791225415,0.5,0,1,1.0,0.441
MCGILL ST,WALL ST,GARDEN DRIVE,VERY GOOD,1291.2,0.076,0.1,0,0.1,90.13002787633957,0.5,0,1,1.0,0.336
SLOCAN ST,GRANDVIEW HWY,12TH AV,VERY GOOD,516.7,0.356,0.1,0,0.1,359.8978121412503,0.8,1,1,1.0,0.753
NW MARINE DR,TRIMBLE ST,BELMONT AV,VERY GOOD,586.0,0.31,0.1,0,0.1,179.22883231264143,0.2,0,1,1.0,0.296
QUEBEC ST,21ST AV,20TH AV,VERY GOOD,1072.2,0.117,0.1,0,0.1,1.5309476104078499,0.8,0,1,1.0,0.417
ROBSON ST,CAMBIE ST,BEATTY ST,VERY POOR,64.8,0.878,0.95,0,0.95,134.71541577522328,0.5,0,1,1.0,0.607
NANAIMO ST,VENABLES ST,ADANAC ST,VERY POOR,1143.6,0.102,0.95,0,0.95,0.07510757738134544,0.8,0,1,1.0,0.565
PENDER ST,VICTORIA DRIVE,SEMLIN DRIVE,POOR,1574.6,0.043,0.8,0,0.8,90.48382771211016,0.5,0,1,1.0,0.454
PARK DR,HUDSON ST,SELKIRK ST,FAIR,1325.8,0.071,0.5,0,0.5,113.65024208266834,0.5,0,1,1.0,0.405
TECUMSEH AV,THE CRESCENT,16TH AV / WOLFE AV,GOOD,739.7,0.228,0.3,0,0.3,60.276746539702685,0.5,0,1,1.0,0.394
PANDORA ST,SALSBURY DRIVE,VICTORIA DRIVE,VERY GOOD,1640.6,0.038,0.1,0,0.1,91.11417990922104,0.5,0,1,1.0,0.33
MUSQUEAM CLOSE,MUSQUEAM DRIVE,NORTHEAST END,VERY GOOD,673.9,0.26,0.1,0,0.1,32.70086682519178,0.8,0,1,1.0,0.438
ODLUM DR,KITCHENER ST,CHARLES ST,FAIR,887.6,0.169,0.5,0,0.5,1.065878599703069,0.8,0,1,1.0,0.495
MILROSS AV,QUEBEC ST,MAIN ST,VERY GOOD,384.2,0.464,0.1,0,0.1,91.20162221136468,0.5,0,1,1.0,0.394
ROSS ST,63RD AV,62ND AV,FAIR,560.1,0.326,0.5,0,0.5,0.8850956019419414,0.8,0,1,1.0,0.519
PENDER ST,KAMLOOPS ST,PENTICTON ST,POOR,731.2,0.232,0.8,0,0.8,90.13148091011215,0.5,0,1,1.0,0.483
SELKIRK ST,33RD AV,32ND AV,VERY POOR,112.7,0.798,0.95,0,0.95,340.8934282091041,0.8,0,1,1.0,0.67
NANAIMO ST,40TH AV,39TH AV,GOOD,658.7,0.268,0.3,0,0.3,0.5046700473756118,0.8,0,1,1.0,0.475
SEMLIN DR,TRIUMPH ST,DUNDAS ST / POWELL ST,GOOD,1587.5,0.042,0.3,0,0.3,0.733117406151905,0.8,0,1,1.0,0.441
SASAMAT ST,10TH AV,9TH AV,POOR,1051.3,0.122,0.8,0,0.8,1.4722535152128557,0.8,0,1,1.0,0.541
MUIRFIELD DR,SCARBORO AV,BOBOLINK AV,VERY POOR,571.2,0.319,0.95,0,0.95,26.478873095335018,0.8,0,1,1.0,0.597
TRIMBLE ST,14TH AV,13TH AV,VERY POOR,1245.8,0.083,0.95,0,0.95,1.4247138530666348,0.8,0,1,1.0,0.562
NOOTKA ST,PARKER ST,VENABLES ST,VERY POOR,556.6,0.328,0.95,0,0.95,0.92440370928108,0.8,0,1,1.0,0.599
STEPHENS ST,2ND AV,1ST AV,GOOD,1660.4,0.036,0.3,0,0.3,1.420103653216529,0.8,0,1,1.0,0.44
STAMFORD ST,KINGSWAY,CHURCH ST,POOR,1224.1,0.086,0.8,0,0.8,33.087697706210975,0.8,0,1,1.0,0.536
TEMPLETON DR,NAPIER ST,PARKER ST,POOR,1442.0,0.056,0.8,0,0.8,0.7737974564219599,0.8,0,1,1.0,0.531
PENDER ST,VERNON DRIVE,CLARK DRIVE,POOR,819.6,0.194,0.8,0,0.8,91.20560848242752,0.5,0,1,1.0,0.477
RAND AV,MILTON ST,NORTHWEST END,GOOD,185.1,0.691,0.3,0,0.3,322.05003559043803,0.8,0,1,1.0,0.539
TRUTCH ST,11TH AV,10TH AV,VERY GOOD,1468.6,0.053,0.1,0,0.1,1.4519655181414919,0.8,0,1,1.0,0.407
PRESCOTT ST,55TH AV,53RD AV,POOR,135.7,0.762,0.8,0,0.8,1.1663737910922123,0.8,0,1,1.0,0.638
PACIFIC BLVD,GRIFFITHS WAY,ABBOTT ST,FAIR,239.7,0.619,0.5,0,0.5,67.48310908058352,0.5,0,1,1.0,0.488
ROSE ST,WILLIAM ST,NAPIER ST,VERY GOOD,1453.6,0.055,0.1,0,0.1,0.7776402220623027,0.8,0,1,1.0,0.407
PENDER ST,NOOTKA ST,LILLOOET ST,VERY POOR,137.5,0.76,0.95,0,0.95,90.1154916397017,0.5,0,1,1.0,0.589
TRIMBLE ST,3RD AV,2ND AV,FAIR,534.6,0.343,0.5,0,0.5,1.516379994175736,0.8,0,1,1.0,0.522
ONTARIO ST,6TH AV,5TH AV,GOOD,420.2,0.432,0.3,0,0.3,1.6153829649595082,0.8,0,1,1.0,0.5
PRINCE ALBERT ST,20TH AV,19TH AV,VERY GOOD,1781.3,0.028,0.1,0,0.1,1.4451920641570268,0.8,0,1,1.0,0.404
SPENCER ST,EUCLID AV,AUSTREY AV,FAIR,842.4,0.185,0.5,0,0.5,32.20532162604036,0.8,0,1,1.0,0.498
NATAL ST,GRANDVIEW HWY,CORNETT ROAD,GOOD,183.7,0.693,0.3,0,0.3,0.12315904061813399,0.8,0,1,1.0,0.539
RAYMUR AV,UNION ST,PENDER ST,FAIR,377.1,0.47,0.5,0,0.5,8.7448772518714,0.8,0,1,1.0,0.541
PARKER ST,SALSBURY DRIVE,VICTORIA DRIVE,FAIR,1456.2,0.054,0.5,0,0.5,90.66598499648626,0.5,0,1,1.0,0.403
QUALICUM DR,SCARBORO AV,NANAIMO ST,FAIR,654.9,0.27,0.5,0,0.5,109.61587410322716,0.5,0,1,1.0,0.436
MEARES AV,LA SALLE ST,RADISSON ST,FAIR,1017.5,0.131,0.5,0,0.5,89.97674865475034,0.5,0,1,1.0,0.415
QUEBEC ST,33RD AV,32ND AV,VERY POOR,250.6,0.606,0.95,0,0.95,1.7689850672936132,0.8,0,1,1.0,0.641
POINT GREY RD,TRAFALGAR ST,LARCH ST,GOOD,1272.8,0.078,0.3,0,0.3,84.33155559628574,0.5,0,1,1.0,0.371
TRUTCH ST,4TH AV,3RD AV,FAIR,1270.1,0.079,0.5,0,0.5,1.5378018941723326,0.8,0,1,1.0,0.482
ONTARIO ST,51ST AV,50TH AV,FAIR,76.0,0.859,0.5,0,0.5,1.323821235895025,0.8,0,1,1.0,0.599
TURNER ST,VICTORIA DRIVE,SEMLIN DRIVE,POOR,1591.3,0.041,0.8,0,0.8,90.49652972406182,0.5,0,1,1.0,0.454
SCANTLINGS,SITKA SQUARE,IRONWORK PASSAGE,NO DATA,275.3,0.577,0.5,1,0.4,61.69330842762395,0.5,0,1,1.0,0.464
QUESNEL DR,20TH AV / GALIANO ROAD,BLENHEIM ST,VERY GOOD,1920.4,0.021,0.1,0,0.1,316.06599372055615,0.8,0,1,1.0,0.402
MONMOUTH AV,RUBY ST,HOY ST,FAIR,544.7,0.336,0.5,0,0.5,122.11319643648073,0.5,0,1,1.0,0.446
TOLMIE ST,12TH AV,11TH AV,POOR,1350.2,0.067,0.8,0,0.8,1.4801499227227168,0.8,0,1,1.0,0.533
ST GEORGE ST,56TH AV,55TH AV,FAIR,1030.2,0.127,0.5,0,0.5,1.320940930500285,0.8,0,1,1.0,0.489
STAMFORD ST,CHERRY ST,ARCHIMEDES ST / TYNE ST,GOOD,1101.9,0.11,0.3,0,0.3,32.58384248986556,0.8,0,1,1.0,0.451
MONMOUTH AV,NORTHWEST END,MCHARDY ST,GOOD,315.0,0.533,0.3,0,0.3,120.70173076663895,0.5,0,1,1.0,0.44
PINE ST,3RD AV,2ND AV,FAIR,257.6,0.597,0.5,0,0.5,1.5304367287369018,0.8,0,1,1.0,0.56
RENFREW ST,PARKER ST,VENABLES ST,FAIR,577.2,0.315,0.5,0,0.5,0.6865191817827849,0.8,0,1,1.0,0.517
TURNER ST,KOOTENAY ST,BOUNDARY ROAD,VERY GOOD,628.8,0.284,0.1,0,0.1,90.09220137713481,0.5,0,1,1.0,0.367
TISDALL ST,52ND AV,51ST AV,VERY GOOD,706.7,0.243,0.1,0,0.1,1.226334901090354,0.8,0,1,1.0,0.436
TRAFALGAR ST,8TH AV,7TH AV,GOOD,1871.7,0.024,0.3,0,0.3,1.4113331100734285,0.8,0,1,1.0,0.438
ROSS ST,KENT AV NORTH,SE MARINE DRIVE,GOOD,145.6,0.747,0.3,0,0.3,2.336102255109097,0.8,0,1,1.0,0.547
PENDER ST,GARDEN DRIVE,NANAIMO ST,VERY POOR,1061.9,0.12,0.95,0,0.95,90.45911052194703,0.5,0,1,1.0,0.492
SELKIRK ST,41ST AV,40TH AV,NO DATA,470.4,0.39,0.5,1,0.4,1.398655987134532,0.8,0,1,1.0,0.511
ONTARIO ST,40TH AV,39TH AV,GOOD,383.4,0.465,0.3,0,0.3,1.588325403697354,0.8,0,1,1.0,0.505
RUPERT ST,GEORGIA ST,TURNER ST,POOR,487.8,0.377,0.8,0,0.8,0.10980604054782361,0.8,0,1,1.0,0.58
RENFREW ST,ETON ST,MCGILL ST,VERY POOR,305.4,0.543,0.95,0,0.95,0.1563004819331013,0.8,0,1,1.0,0.631
RENFREW ST,14TH AV,GRANDVIEW HWY,VERY POOR,248.2,0.609,0.95,0,0.95,0.8299952347103954,0.8,0,1,1.0,0.641
TOLMIE ST,11TH AV,10TH AV,GOOD,1282.4,0.077,0.3,0,0.3,1.5102205265998805,0.8,0,1,1.0,0.446
SASAMAT ST,8TH AV,7TH AV,VERY POOR,930.6,0.155,0.95,0,0.95,1.5404635449199873,0.8,0,1,1.0,0.573
OAK ST,KENT AV SOUTH,74TH AV,VERY POOR,282.8,0.568,0.95,0,0.95,1.5694246138336894,0.8,0,1,1.0,0.635
STANLEY PARK DR,THIRD BEACH TO STANLEY PARK DRIVE,TEAHOUSE LANE,VERY GOOD,983.3,0.14,0.1,0,0.1,212.13522087005876,0.2,0,1,1.0,0.27
QUEBEC ST,EXPO BLVD / PACIFIC BLVD TO QUEBEC ST,UNION ST,FAIR,220.7,0.643,0.5,0,0.5,5.2883336330096995,0.8,0,1,1.0,0.567
PARKER ST,RAYMUR AV,GLEN DRIVE,FAIR,362.2,0.485,0.5,0,0.5,87.03214683114106,0.5,0,1,1.0,0.468
TRAFALGAR ST,41ST AV,39TH AV,FAIR,1166.5,0.097,0.5,0,0.5,1.437563071949171,0.8,0,1,1.0,0.484
SEMLIN DR,PARKER ST,VENABLES ST,GOOD,1660.7,0.036,0.3,0,0.3,1.840820159068869,0.8,0,1,1.0,0.44
MONTCALM ST,PARK DRIVE,59TH AV,VERY GOOD,1471.6,0.053,0.1,0,0.1,1.5230639495546825,0.8,0,1,1.0,0.407
PENDER ST,SEYMOUR ST,RICHARDS ST,POOR,366.2,0.481,0.8,0,0.8,134.7816724112355,0.5,0,1,1.0,0.52
TRAFALGAR ST,22ND AV,21ST AV,VERY POOR,2479.5,0.007,0.95,0,0.95,1.508590832827565,0.8,0,1,1.0,0.55
STIRLING ST,42ND AV,41ST AV,VERY POOR,879.6,0.172,0.95,0,0.95,0.8486258924804702,0.8,0,1,1.0,0.575
SHERBROOKE ST,39TH AV,37TH AV,POOR,1816.6,0.026,0.8,0,0.8,1.1677371297532204,0.8,0,1,1.0,0.527
TRAFALGAR ST,6TH AV,5TH AV,FAIR,1750.6,0.03,0.5,0,0.5,1.4343659611797648,0.8,0,1,1.0,0.474
RENFREW ST,KITCHENER ST,CHARLES ST,POOR,919.6,0.159,0.8,0,0.8,0.6521343078536574,0.8,0,1,1.0,0.547
TRIUMPH ST,SEMLIN DRIVE,LAKEWOOD DRIVE,FAIR,1448.7,0.055,0.5,0,0.5,90.52294383827893,0.5,0,1,1.0,0.403
SEMLIN DR,2ND AV,1ST AV,FAIR,989.0,0.138,0.5,0,0.5,0.7351028128873622,0.8,0,1,1.0,0.491
TEMPLETON DR,HASTINGS ST,FRANKLIN ST,VERY POOR,1285.7,0.076,0.95,0,0.95,0.5745164735632784,0.8,0,1,1.0,0.561
NANAIMO ST,1ST AV,GRAVELEY ST,VERY POOR,880.7,0.172,0.95,0,0.95,0.04772806903133642,0.8,0,1,1.0,0.575
ONTARIO ST,69TH AV,SE MARINE DRIVE,VERY POOR,467.9,0.392,0.95,0,0.95,2.0536266045302227,0.8,0,1,1.0,0.608
NELSON ST,BIDWELL ST,CARDERO ST,FAIR,530.5,0.346,0.5,0,0.5,134.80054824719252,0.5,0,1,1.0,0.447
SE MARINE DR,MARINE WAY,MATHESON CRESCENT,GOOD,287.8,0.562,0.3,0,0.3,87.05399544321432,0.5,0,1,1.0,0.444
TOLMIE ST,3RD AV,2ND AV,VERY POOR,915.5,0.16,0.95,0,0.95,1.5059791303125394,0.8,0,1,1.0,0.573
NANAIMO ST,18TH AV / COPLEY ST,17TH AV,POOR,337.6,0.509,0.8,0,0.8,0.22149214350019975,0.8,0,1,1.0,0.6
TUPPER ST,22ND AV,21ST AV,VERY GOOD,764.7,0.217,0.1,0,0.1,4.01082399367192,0.8,0,1,1.0,0.432
QUEBEC ST,28TH AV,NORTH END,GOOD,708.7,0.242,0.3,0,0.3,1.6460460424855796,0.8,0,1,1.0,0.471
ONTARIO ST,30TH AV,29TH AV / PEVERIL AV,VERY POOR,366.2,0.481,0.95,0,0.95,1.8985397473260832,0.8,0,1,1.0,0.622
MOSCROP ST,JOYCE ST,HOY ST,FAIR,186.3,0.689,0.5,0,0.5,118.95454401296485,0.5,0,1,1.0,0.499
PENDRELL ST,NICOLA ST,BROUGHTON ST,VERY GOOD,442.1,0.413,0.1,0,0.1,134.7970235458456,0.5,0,1,1.0,0.387
VICTORIA DR,61ST AV,NEWPORT AV,VERY GOOD,799.2,0.202,0.1,0,0.1,0.7865185289319925,0.8,0,1,1.0,0.43
WILLOW ST,18TH AV,17TH AV,VERY GOOD,407.8,0.442,0.1,0,0.1,1.453934039128285,0.8,0,1,1.0,0.466
YEW ST,YORK AV,CORNWALL AV,NO DATA,852.3,0.182,0.5,1,0.4,1.4639133406224119,0.8,0,1,1.0,0.48
WOODLAND DR,GRANT ST,KITCHENER ST,GOOD,1090.7,0.113,0.3,0,0.3,0.7869808358874479,0.8,0,1,1.0,0.452
WYLIE ST,2ND AV,1ST AV,POOR,207.2,0.661,0.8,0,0.8,323.1859031397518,0.8,0,1,1.0,0.622
YEW ST,6TH AV,5TH AV,GOOD,1171.2,0.096,0.3,0,0.3,1.5323960745743648,0.8,0,1,1.0,0.449
WOODLAND DR,FRANCES ST,PENDER ST,FAIR,1168.8,0.097,0.5,0,0.5,1.4184629857284108,0.8,0,1,1.0,0.484
WILLIAM ST,KOOTENAY ST,BOUNDARY ROAD,FAIR,101.6,0.816,0.5,0,0.5,90.10962573036448,0.5,0,1,1.0,0.518
YORK AV,TRAFALGAR ST,LARCH ST,POOR,1348.6,0.067,0.8,0,0.8,92.91619316496042,0.5,0,1,1.0,0.458
VICTORIA DR,5TH AV,4TH AV,VERY POOR,892.9,0.168,0.95,0,0.95,0.759719229551024,0.8,0,1,1.0,0.575
VENABLES ST,PENTICTON ST,SLOCAN ST,POOR,752.8,0.222,0.8,0,0.8,90.11790392692848,0.5,0,1,1.0,0.481
WALLACE ST,SW MARINE DRIVE,41ST AV,VERY POOR,949.6,0.15,0.95,0,0.95,0.7078455393717604,0.8,0,1,1.0,0.572
YEW ST,8TH AV,7TH AV,NO DATA,1247.2,0.083,0.5,1,0.4,1.4980615205366803,0.8,0,1,1.0,0.465
WAVERLEY AV,CLARENDON ST,ELLIOTT ST,GOOD,1233.0,0.085,0.3,0,0.3,96.44472889969813,0.5,0,1,1.0,0.372
WINDSOR ST,33RD AV,31ST AV,VERY POOR,1573.5,0.043,0.95,0,0.95,1.5325931728035016,0.8,0,1,1.0,0.556
WALLACE ST,21ST AV,20TH AV,GOOD,1736.5,0.031,0.3,0,0.3,0.4484956429719773,0.8,0,1,1.0,0.439
VICTORIA DR,14TH AV,13TH AV,POOR,203.2,0.666,0.8,0,0.8,0.7726467505926848,0.8,0,1,1.0,0.623
WOODLAND DR,4TH AV,3RD AV,GOOD,1312.3,0.072,0.3,0,0.3,0.763585349110258,0.8,0,1,1.0,0.445
WILLIAM ST,GARDEN DRIVE,NANAIMO ST,GOOD,1352.5,0.067,0.3,0,0.3,90.71982187481586,0.5,0,1,1.0,0.37
WATER ST,CAMBIE ST,CORDOVA ST / RICHARDS ST,NO DATA,490.7,0.375,0.5,1,0.4,284.23571649549746,0.5,0,1,1.0,0.434
VIVIAN ST,WAVERLEY AV,47TH AV,GOOD,1111.7,0.108,0.3,0,0.3,2.0172349422870752,0.8,0,1,1.0,0.451
VINE ST,6TH AV,5TH AV,VERY GOOD,1334.6,0.069,0.1,0,0.1,1.5281952493826338,0.8,0,1,1.0,0.41
WINDSOR ST,14TH AV,13TH AV,VERY POOR,1458.0,0.054,0.95,0,0.95,0.8521427888654785,0.8,0,1,1.0,0.557
WOODLAND DR,KITCHENER ST,CHARLES ST,FAIR,1063.6,0.119,0.5,0,0.5,0.9657193768132402,0.8,0,1,1.0,0.488
VALLEY DR,21ST AV,20TH AV,GOOD,2342.4,0.009,0.3,0,0.3,334.29160292993777,0.8,0,1,1.0,0.436
YEW ST,BROADWAY,8TH AV,NO DATA,1293.3,0.075,0.5,1,0.4,1.5380109361913128,0.8,0,1,1.0,0.464
VALLEY DR,23RD AV,22ND AV,VERY POOR,2147.2,0.014,0.95,0,0.95,334.8966584521256,0.8,0,1,1.0,0.551
WORTHINGTON DR,22ND AV / KOOTENAY ST,NORMANDY DRIVE,POOR,736.2,0.229,0.8,0,0.8,0.12330497341508817,0.8,0,1,1.0,0.557
WALNUT ST,CORNWALL AV,CREELMAN AV,GOOD,373.9,0.473,0.3,0,0.3,1.5523582213331224,0.8,0,1,1.0,0.506
WELLINGTON AV,MANOR ST,REID ST,VERY POOR,579.6,0.314,0.95,0,0.95,122.0473157540589,0.5,0,1,1.0,0.522
WINDERMERE ST,23RD AV,22ND AV,FAIR,790.6,0.206,0.5,0,0.5,0.5406105668135979,0.8,0,1,1.0,0.501
WILLIAM ST,SALSBURY DRIVE,VICTORIA DRIVE,VERY POOR,1463.1,0.054,0.95,0,0.95,90.6086576346271,0.5,0,1,1.0,0.482
YUKON ST,62ND AV,59TH AV,GOOD,140.4,0.755,0.3,0,0.3,1.619640790989365,0.8,0,1,1.0,0.548
WILLIAM ST,KAMLOOPS ST,PENTICTON ST,VERY POOR,1086.8,0.114,0.95,0,0.95,90.11682963516466,0.5,0,1,1.0,0.491
WEST BLVD,46TH AV,45TH AV,POOR,991.0,0.138,0.8,0,0.8,1.4503187265569863,0.8,0,1,1.0,0.544
VICTORIA DR,27TH AV,26TH AV,FAIR,778.6,0.211,0.5,0,0.5,1.1070434244396097,0.8,0,1,1.0,0.502
WINDERMERE ST,27TH AV,26TH AV,VERY POOR,570.7,0.319,0.95,0,0.95,3.1731245997181645,0.8,0,1,1.0,0.597
WALDEN ST,SOUTH END,29TH AV,VERY GOOD,556.5,0.329,0.1,0,0.1,1.763213197500761,0.8,0,1,1.0,0.449
WORTHINGTON DR,NORMANDY DRIVE,MONS DRIVE,VERY POOR,750.7,0.223,0.95,0,0.95,321.61712516587266,0.8,0,1,1.0,0.583
56TH AV,QUEBEC ST,MAIN ST,VERY POOR,427.9,0.425,0.95,0,0.95,91.94106999109141,0.5,0,1,1.0,0.538
20TH AV,DUNBAR ST,COLLINGWOOD ST,FAIR,1825.9,0.026,0.5,0,0.5,90.49940917018353,0.5,0,1,1.0,0.399
ANGUS DR,32ND AV,29TH AV,FAIR,730.4,0.232,0.5,0,0.5,1.089477807021808,0.8,0,1,1.0,0.505
2ND AV,FIR ST,ANDERSON ST,FAIR,53.2,0.899,0.5,0,0.5,99.86336143312599,0.5,1,1,1.0,0.83
7TH AV,BALSAM ST,VINE ST,VERY POOR,1401.8,0.061,0.95,0,0.95,91.51096170506906,0.5,0,1,1.0,0.483
49TH AV,ARBUTUS ST / WEST BOULEVARD,EAST BOULEVARD,GOOD,854.9,0.181,0.3,0,0.3,91.20090839350229,0.5,0,1,1.0,0.387
49TH AV,VIVIAN ST,DAWSON ST,POOR,1209.5,0.089,0.8,0,0.8,90.88791833626465,0.5,0,1,1.0,0.461
14TH AV,MACDONALD ST,STEPHENS ST,VERY POOR,2159.6,0.013,0.95,0,0.95,91.49181363872356,0.5,0,1,1.0,0.476
46TH AV,DOMAN ST,BROOKS ST,POOR,1446.9,0.055,0.8,0,0.8,90.32926270815057,0.5,0,1,1.0,0.456
29TH AV,ATLIN ST,EARLES ST / NOOTKA ST,GOOD,849.5,0.183,0.3,0,0.3,91.43284374848417,0.5,0,1,1.0,0.387
48TH AV,NANAIMO ST,CLARENDON ST,FAIR,1368.0,0.065,0.5,0,0.5,90.53942602410376,0.5,0,1,1.0,0.405
ALDER ST,10TH AV,BROADWAY,VERY GOOD,92.7,0.831,0.1,0,0.1,1.492459429020414,0.8,0,1,1.0,0.524
21ST AV,NANAIMO ST,PENTICTON ST,VERY POOR,474.5,0.387,0.95,0,0.95,89.51238209766012,0.5,0,1,1.0,0.533
14TH AV,BIRCH ST,ALDER ST,VERY POOR,597.9,0.302,0.95,0,0.95,91.49442974791395,0.5,0,1,1.0,0.52
22ND AV,PRINCE ALBERT ST,ST. CATHERINES ST,POOR,1723.7,0.032,0.8,0,0.8,91.33990538920057,0.5,0,1,1.0,0.453
51ST AV,ST. GEORGE ST,FRASER ST,VERY POOR,904.5,0.164,0.95,0,0.95,91.33371003810709,0.5,0,1,1.0,0.499
CARTIER ST,54TH AV,53RD AV,VERY POOR,1739.6,0.031,0.95,0,0.95,1.5585229560560947,0.8,0,1,1.0,0.554
21ST AV,BLENHEIM ST,QUESNEL DRIVE,NO DATA,2119.5,0.014,0.5,1,0.4,90.50537683338973,0.5,0,1,1.0,0.379
ALEXANDRA ST,LAURIER AV,BALFOUR AV,POOR,1147.0,0.101,0.8,0,0.8,2.9664551610067065,0.8,0,1,1.0,0.538
47TH AV,ELGIN ST,ELGIN ST,NO DATA,1648.0,0.037,0.5,1,0.4,91.16030771153584,0.5,0,1,1.0,0.383
CAMBIE ST NB TO W 2ND RAMP,CAMBIE ST,2ND AV,GOOD,259.3,0.595,0.3,0,0.3,3.4385399133750525,0.8,0,1,1.0,0.524
ARBUTUS ST,5TH AV,4TH AV,VERY GOOD,977.1,0.142,0.1,0,0.1,1.5310029613563643,0.8,0,1,1.0,0.421
13TH AV,SOPHIA ST,PRINCE EDWARD ST,VERY GOOD,1197.8,0.091,0.1,0,0.1,91.3626796992329,0.5,0,1,1.0,0.338
ALBERTA ST,59TH AV,58TH AV,VERY GOOD,190.2,0.684,0.1,0,0.1,1.572797359633853,0.8,0,1,1.0,0.502
50TH AV,MAIN ST,SOPHIA ST,VERY GOOD,343.2,0.503,0.1,0,0.1,92.09518180565601,0.5,0,1,1.0,0.4
6TH AV,NANAIMO ST,KAMLOOPS ST,FAIR,351.0,0.496,0.5,0,0.5,90.04608734185757,0.5,0,1,1.0,0.47
16TH AV,LAUREL ST,WILLOW ST,FAIR,306.6,0.542,0.5,0,0.5,91.81768952173775,0.5,0,1,1.0,0.476
31ST AV,HENRY ST,KNIGHT ST,VERY GOOD,1674.0,0.035,0.1,0,0.1,90.62693608191296,0.5,0,1,1.0,0.33
21ST AV,CROWN ST,WALLACE ST,POOR,1825.5,0.026,0.8,0,0.8,90.46786418435067,0.5,0,1,1.0,0.452
11TH AV,BIRCH ST,ALDER ST,VERY GOOD,286.5,0.564,0.1,0,0.1,91.49981709866353,0.5,0,1,1.0,0.409
BLENHEIM ST,11TH AV,10TH AV,FAIR,1349.1,0.067,0.5,0,0.5,1.4759586089545564,0.8,0,1,1.0,0.48
54TH AV,CLARENDON ST,ELLIOTT ST,POOR,853.2,0.182,0.8,0,0.8,90.48923811079692,0.5,0,1,1.0,0.475
19TH AV,KAMLOOPS ST,PENTICTON ST,VERY POOR,515.9,0.356,0.95,0,0.95,89.79011487344985,0.5,0,1,1.0,0.528
BALKAN ST,SOUTH END,26TH AV,POOR,1061.4,0.12,0.8,0,0.8,1.0776157681723362,0.8,0,1,1.0,0.541
42ND AV,WILLOW ST,TISDALL ST,VERY GOOD,793.3,0.205,0.1,0,0.1,96.49579343506946,0.5,0,1,1.0,0.355
37TH AV,ONTARIO ST,QUEBEC ST,POOR,184.0,0.692,0.8,0,0.8,91.74895937827961,0.5,0,1,1.0,0.552
BURRARD ST,7TH AV,6TH AV,VERY GOOD,638.0,0.279,0.1,0,0.1,1.5098976359494714,0.8,0,1,1.0,0.441
28TH AV,DUNBAR ST,COLLINGWOOD ST,NO DATA,2135.1,0.014,0.5,1,0.4,90.53944854905745,0.5,0,1,1.0,0.379
5TH AV,RUPERT ST,CASSIAR ST,VERY GOOD,506.7,0.363,0.1,0,0.1,90.11021517327708,0.5,0,1,1.0,0.379
14TH AV,BLENHEIM ST,TRUTCH ST,VERY POOR,1606.4,0.04,0.95,0,0.95,91.48961901184953,0.5,0,1,1.0,0.48
27TH AV,HUDSON ST,SELKIRK ST,VERY POOR,698.4,0.247,0.95,0,0.95,91.49981306830239,0.5,0,1,1.0,0.512
BALACLAVA ST,SOUTHLANDS PLACE,44TH AV,VERY GOOD,439.2,0.415,0.1,0,0.1,0.6472367291592604,0.8,0,1,1.0,0.462
ADANAC ST,CASSIAR ST,SKEENA ST,POOR,440.1,0.415,0.8,0,0.8,90.16563746395173,0.5,0,1,1.0,0.51
KASLO ST,CAMBRIDGE ST,ETON ST,VERY POOR,478.9,0.384,0.95,0,0.95,0.33980377484107294,0.8,0,1,1.0,0.607
CROMPTON ST,SOUTH END,KENT AV SOUTH,VERY GOOD,5.7,0.989,0.1,0,0.1,0.8780864428373434,0.8,0,1,1.0,0.548
KOOTENAY ST,24TH AV,23RD AV,VERY GOOD,542.2,0.338,0.1,0,0.1,0.2568703286322602,0.8,0,1,1.0,0.45
LAMEYS MILL RD,SITKA SQUARE,CHARLESON / SCHOOL GREEN,GOOD,271.0,0.582,0.3,0,0.3,91.4871099881812,0.5,0,1,1.0,0.447
CORDOVA ST,MAIN ST,GORE AV,VERY POOR,367.9,0.479,0.95,0,0.95,91.71469037679776,0.5,0,1,1.0,0.546
HIGHBURY ST,13TH AV,12TH AV,FAIR,1025.3,0.129,0.5,0,0.5,1.479872235007349,0.8,0,1,1.0,0.489
DAVIE ST,BUTE ST,THURLOW ST,VERY GOOD,172.7,0.708,0.1,0,0.1,134.7840819140153,0.5,0,1,1.0,0.431
CREELMAN AV,CYPRESS ST,CHESTNUT ST,FAIR,273.8,0.578,0.5,0,0.5,91.54174690199443,0.5,0,1,1.0,0.482
HOYLAKE AV,MUIRFIELD DRIVE,ELLIOTT ST,VERY POOR,467.2,0.393,0.95,0,0.95,90.85517057048594,0.5,0,1,1.0,0.533
ELLIOTT ST,LYNBROOK DRIVE,57TH AV,VERY GOOD,534.3,0.343,0.1,0,0.1,334.7242119392388,0.8,0,1,1.0,0.451
CYPRESS ST,50TH AV,49TH AV,GOOD,1164.9,0.097,0.3,0,0.3,358.972515180014,0.8,0,1,1.0,0.449
FRASER ST,32ND AV,31ST AV,VERY GOOD,1150.7,0.1,0.1,0,0.1,0.492993705249944,0.8,0,1,1.0,0.414
HIGHBURY ST,21ST AV,20TH AV,FAIR,1768.6,0.029,0.5,0,0.5,0.5215680277011643,0.8,0,1,1.0,0.474
MACKENZIE ST,34TH AV,33RD AV,VERY POOR,1656.7,0.036,0.95,0,0.95,0.4598292325274542,0.8,0,1,1.0,0.555
HEATHER ST,41ST AV,39TH AV,GOOD,746.3,0.225,0.3,0,0.3,1.351578569587275,0.8,0,1,1.0,0.468
KING EDWARD AV,COLLINGWOOD ST,BLENHEIM ST,NO DATA,2389.7,0.008,0.5,1,0.4,90.57952856277461,0.5,0,1,1.0,0.378
LAUREL ST,71ST AV,70TH AV,VERY POOR,518.0,0.355,0.95,0,0.95,3.1978122322508398,0.8,0,1,1.0,0.603
KITSILANO DIVERSION,10TH AV,11TH AV / MACDONALD ST,VERY GOOD,1881.2,0.023,0.1,0,0.1,134.99935177075986,0.5,0,1,1.0,0.328
MARSTRAND AV,VINE ST,YEW ST,NO DATA,1446.8,0.055,0.5,1,0.4,91.51512370533828,0.5,0,1,1.0,0.386
GREAT NORTHERN WAY,FOLEY ST,6TH AV / GLEN DRIVE,VERY POOR,1019.5,0.13,0.95,0,0.95,105.83094618865766,0.5,0,1,1.0,0.494
DIEPPE DR,NORMANDY DRIVE,18TH AV,FAIR,803.0,0.201,0.5,0,0.5,0.11162134730449225,0.8,0,1,1.0,0.5
MACDONALD ST,43RD AV,42ND AV,POOR,956.3,0.148,0.8,0,0.8,0.6431549593376076,0.8,0,1,1.0,0.545
KEEFER ST,JACKSON AV,PRINCESS AV,VERY GOOD,441.9,0.413,0.1,0,0.1,91.69748600929302,0.5,0,1,1.0,0.387
DRAKE ST,BURRARD ST,HORNBY ST,VERY POOR,444.5,0.411,0.95,0,0.95,134.760497970168,0.5,0,1,1.0,0.536
HASTINGS ST,BURRARD ST,HORNBY ST,VERY GOOD,241.3,0.617,0.1,0,0.1,125.0187401718049,0.5,0,1,1.0,0.417
CROWN ST,40TH AV,39TH AV,VERY POOR,1307.8,0.073,0.95,0,0.95,358.7503690458853,0.8,0,1,1.0,0.56
INVERNESS ST,55TH AV,54TH AV,GOOD,1235.3,0.085,0.3,0,0.3,356.7421348469111,0.8,0,1,1.0,0.447
GUELPH ST,12TH AV,11TH AV,VERY GOOD,1134.3,0.103,0.1,0,0.1,0.710660513036089,0.8,0,1,1.0,0.415
DUNDAS ST,SKEENA ST,KOOTENAY ST,VERY POOR,733.3,0.231,0.95,0,0.95,90.05340562538623,0.5,0,1,1.0,0.509
HUDSON ST,57TH AV,55TH AV,VERY GOOD,1593.5,0.041,0.1,0,0.1,327.1866578343547,0.8,0,1,1.0,0.405
DISCOVERY ST,LOCARNO CRESCENT,3RD AV,POOR,332.7,0.514,0.8,0,0.8,358.9590932774654,0.8,0,1,1.0,0.6
CORNETT RD,BENTALL ST,NATAL ST,VERY GOOD,170.2,0.711,0.1,0,0.1,61.169070190466755,0.5,0,1,1.0,0.432
EXPO BLVD,QUEBEC ST,UNION ST,FAIR,161.9,0.723,0.5,0,0.5,315.18525611123687,0.8,0,1,1.0,0.579
MACKENZIE ST,11TH AV,10TH AV,VERY GOOD,1845.6,0.025,0.1,0,0.1,1.5014886570345425,0.8,0,1,1.0,0.403
JERVIS ST,HASTINGS ST,CORDOVA ST,VERY GOOD,309.6,0.538,0.1,0,0.1,44.77336029354706,0.8,0,1,1.0,0.48
GARDEN DR,OXFORD ST,CAMBRIDGE ST,FAIR,1230.7,0.085,0.5,0,0.5,1.0017792882812842,0.8,0,1,1.0,0.483
LILLOOET ST,HEBB AV,BROADWAY,GOOD,54.8,0.896,0.3,0,0.3,359.8876424915655,0.8,0,1,1.0,0.57
FRASER ST,64TH AV,63RD AV,VERY POOR,682.8,0.255,0.95,0,0.95,1.1613229196237853,0.8,0,1,1.0,0.588
GORE AV,POWELL ST,ALEXANDER ST,GOOD,530.5,0.346,0.3,0,0.3,354.89001274714775,0.8,0,1,1.0,0.487
KAMLOOPS ST,HASTINGS ST,FRANKLIN ST,VERY GOOD,908.8,0.162,0.1,0,0.1,0.03044872794123421,0.8,0,1,1.0,0.424
KAMLOOPS ST,VENABLES ST,ADANAC ST,VERY GOOD,1011.8,0.132,0.1,0,0.1,3.042904281960716,0.8,0,1,1.0,0.419
DUMFRIES ST,37TH AV,36TH AV,VERY GOOD,1701.6,0.033,0.1,0,0.1,1.2868886831867599,0.8,0,1,1.0,0.404
EVANS AV,CAROLINA ST,BEGG ST,VERY GOOD,375.5,0.472,0.1,0,0.1,104.52596767300986,0.5,0,1,1.0,0.395
MANITOBA ST,46TH AV,45TH AV,VERY POOR,355.1,0.492,0.95,0,0.95,1.5598942648310299,0.8,0,1,1.0,0.623
LAUREL ST,68TH AV,67TH AV,FAIR,762.7,0.218,0.5,0,0.5,1.3392174962417585,0.8,0,1,1.0,0.503
EXPO BLVD,NELSON ST,CAMBIE ST,VERY POOR,19.4,0.962,0.95,0,0.95,261.0217861588678,0.5,1,1,1.0,0.919
KENT AV S,MAIN ST,ST. GEORGE ST,POOR,206.7,0.661,0.8,0,0.8,82.73440219078111,0.5,0,1,1.0,0.547
MARGUERITE ST,28TH AV,NANTON AV,VERY POOR,850.0,0.183,0.95,0,0.95,346.5445843876444,0.8,0,1,1.0,0.577
FELLOWES ST,CAMBRIDGE ST,ETON ST,FAIR,577.8,0.315,0.5,0,0.5,8.545811376505753,0.8,0,1,1.0,0.517
KENT AV N,LAUREL ST,HEATHER ST,VERY GOOD,226.7,0.635,0.1,0,0.1,70.2707067395578,0.5,0,1,1.0,0.42
JERVIS ST,NELSON ST,BARCLAY ST,FAIR,313.2,0.534,0.5,0,0.5,44.75886715069953,0.8,0,1,1.0,0.55
ELLIOTT ST,HOYLAKE AV,LYNBROOK DRIVE,VERY GOOD,466.6,0.393,0.1,0,0.1,359.1681932316546,0.8,0,1,1.0,0.459
GLEN DR,BROADWAY,8TH AV,FAIR,1411.5,0.059,0.5,0,0.5,0.8006394525834821,0.8,0,1,1.0,0.479
HARO ST,BIDWELL ST,CARDERO ST,POOR,310.5,0.537,0.8,0,0.8,133.61685057251873,0.5,0,1,1.0,0.529
MAPLE CRES,29TH AV,CYPRESS ST,FAIR,1017.9,0.131,0.5,0,0.5,334.10916461292965,0.8,0,1,1.0,0.49
LANARK ST,41ST AV,39TH AV,VERY GOOD,1835.9,0.025,0.1,0,0.1,1.3145867228395218,0.8,0,1,1.0,0.403
LAKEWOOD DR,WILLIAM ST,NAPIER ST,VERY GOOD,1425.4,0.058,0.1,0,0.1,2.507153766513852,0.8,0,1,1.0,0.408
MANITOBA ST,40TH AV,39TH AV,FAIR,401.0,0.448,0.5,0,0.5,1.5677394960206357,0.8,0,1,1.0,0.537
MARMION AV,HAROLD ST,LATTA ST,POOR,1257.3,0.081,0.8,0,0.8,90.43043725516867,0.5,0,1,1.0,0.46
DUNBAR ST,38TH AV,37TH AV,GOOD,1137.0,0.103,0.3,0,0.3,0.478371777550592,0.8,0,1,1.0,0.45
LINCOLN ST,KINGSWAY,FOSTER AV,VERY POOR,1145.2,0.101,0.95,0,0.95,359.7281802664734,0.8,0,1,1.0,0.564
MAPLE ST,44TH AV,43RD AV,VERY GOOD,1254.8,0.081,0.1,0,0.1,1.5058823576089821,0.8,0,1,1.0,0.411
DUNBAR ST,20TH AV,19TH AV,GOOD,1731.0,0.031,0.3,0,0.3,0.5112443784063316,0.8,0,1,1.0,0.439
FRASER ST,20TH AV,19TH AV,GOOD,1866.0,0.024,0.3,0,0.3,1.494004677874102,0.8,0,1,1.0,0.438
JOYCE ST,TANNER ST,MOSCROP ST,VERY POOR,186.2,0.689,0.95,0,0.95,31.36448000083078,0.8,0,1,1.0,0.653
GEORGIA ST,HAWKS AV,CAMPBELL AV,VERY GOOD,305.7,0.543,0.1,0,0.1,91.84054009916139,0.5,0,1,1.0,0.406
GLADSTONE ST,35TH AV,34TH AV,VERY GOOD,826.7,0.191,0.1,0,0.1,0.42221720169777655,0.8,0,1,1.0,0.428
FRANKLIN ST,KASLO ST,RENFREW ST,FAIR,157.6,0.73,0.5,0,0.5,90.08105393326201,0.5,0,1,1.0,0.505
HIGHBURY ST,16TH AV,15TH AV,VERY POOR,1308.3,0.073,0.95,0,0.95,1.4795786495577659,0.8,0,1,1.0,0.56
CORDOVA ST,GORE AV,DUNLEVY AV,VERY POOR,470.7,0.39,0.95,0,0.95,91.66319902418638,0.5,0,1,1.0,0.533
MALKIN AV,ATLANTIC ST,THORNTON ST,VERY POOR,222.8,0.64,0.95,0,0.95,115.48911277448371,0.5,0,1,1.0,0.571
EAST BLVD,36TH AV,35TH AV,VERY POOR,1277.1,0.078,0.95,0,0.95,15.987801837055258,0.8,0,1,1.0,0.561
GARDEN DR,KITCHENER ST,CHARLES ST,GOOD,1173.3,0.096,0.3,0,0.3,0.4628670487362001,0.8,0,1,1.0,0.449
HORNBY ST,PACIFIC ST,DRAKE ST,FAIR,465.6,0.394,0.5,0,0.5,44.75993457025248,0.8,0,1,1.0,0.529
DUNSMUIR ST,MAIN ST TO DUNSMUIR VIADUCT WB RAMP,CITADEL PARADE,VERY GOOD,45.2,0.914,0.1,0,0.1,295.79155865723527,0.5,1,1,1.0,0.762
KASLO ST,22ND AV,21ST AV,FAIR,878.9,0.172,0.5,0,0.5,0.46829175407583534,0.8,0,1,1.0,0.496
MAPLE ST,43RD AV,42ND AV,VERY GOOD,1207.2,0.089,0.1,0,0.1,1.5161701500600202,0.8,0,1,1.0,0.413
DAVIE ST,BROUGHTON ST,JERVIS ST,VERY GOOD,343.9,0.503,0.1,0,0.1,134.800292959726,0.5,0,1,1.0,0.4
DUNBAR ST,8TH AV,7TH AV,VERY POOR,829.1,0.19,0.95,0,0.95,1.5019230575601341,0.8,0,1,1.0,0.578
DUNBAR ST,SW MARINE DRIVE,44TH AV,GOOD,489.5,0.376,0.3,0,0.3,1.1182898878753917,0.8,0,1,1.0,0.491
FLEMING ST,51ST AV,49TH AV,FAIR,1619.9,0.039,0.5,0,0.5,1.4959398740165852,0.8,0,1,1.0,0.476
MANITOBA ST,21ST AV,20TH AV,GOOD,915.3,0.16,0.3,0,0.3,1.7398966915759502,0.8,0,1,1.0,0.459
DINMONT AV,TALISMAN AV,PEVERIL AV,GOOD,296.5,0.553,0.3,0,0.3,50.80615162818424,0.5,0,1,1.0,0.443
LAUREL ST,13TH AV,12TH AV,VERY POOR,129.1,0.772,0.95,0,0.95,1.4836354365800162,0.8,0,1,1.0,0.666
GLADSTONE ST,WAVERLEY AV,47TH AV,VERY GOOD,1389.5,0.062,0.1,0,0.1,0.3359229168351021,0.8,0,1,1.0,0.409
JASPER CRES,61ST AV,60TH AV,VERY GOOD,708.9,0.242,0.1,0,0.1,356.12030187625345,0.8,0,1,1.0,0.436
HAWKS AV,PENDER ST,HASTINGS ST,GOOD,502.1,0.366,0.3,0,0.3,1.9419272306090534,0.8,0,1,1.0,0.49
CYPRESS ST,WHYTE AV,MCNICOLL AV,FAIR,189.0,0.685,0.5,0,0.5,1.4828336588385014,0.8,0,1,1.0,0.573
HAMILTON ST,PENDER ST,HASTINGS ST,NO DATA,274.3,0.578,0.5,1,0.4,45.16937121416345,0.5,0,1,1.0,0.464
LANCASTER ST,45TH AV,43RD AV,FAIR,967.4,0.144,0.5,0,0.5,0.2938062931625609,0.8,0,1,1.0,0.492
HEMLOCK ST,15TH AV,14TH AV,VERY GOOD,663.3,0.265,0.1,0,0.1,1.5048083887185157,0.8,0,1,1.0,0.439
GRANVILLE ST,DAVIE ST,HELMCKEN ST,VERY GOOD,306.5,0.542,0.1,0,0.1,44.76598045089008,0.8,0,1,1.0,0.481
DUMFRIES ST,19TH AV,18TH AV,FAIR,721.9,0.236,0.5,0,0.5,1.3962169356390746,0.8,0,1,1.0,0.505
FLEMING ST,41ST AV,39TH AV,VERY POOR,1639.1,0.038,0.95,0,0.95,1.279734078057686,0.8,0,1,1.0,0.555
DUFF ST,55TH AV,54TH AV,GOOD,1332.3,0.07,0.3,0,0.3,1.418369060021007,0.8,0,1,1.0,0.445
KOOTENAY ST,25TH AV,24TH AV,VERY POOR,452.8,0.404,0.95,0,0.95,0.20111436589627374,0.8,0,1,1.0,0.61
CROWN ST,16TH AV,15TH AV,NO DATA,1242.6,0.083,0.5,1,0.4,1.4614036573386784,0.8,0,1,1.0,0.465
MANITOBA ST,49TH AV,48TH AV,FAIR,104.2,0.812,0.5,0,0.5,1.519691038669805,0.8,0,1,1.0,0.592
MANOR ST,HORLEY ST,EUCLID AV,POOR,562.4,0.325,0.8,0,0.8,32.7715883593263,0.8,0,1,1.0,0.572
ETON ST,PENTICTON ST,SLOCAN ST,VERY GOOD,678.3,0.258,0.1,0,0.1,90.25102213828939,0.5,0,1,1.0,0.363
EAST BLVD,45TH AV,44TH AV,VERY GOOD,1096.4,0.112,0.1,0,0.1,1.494903126961674,0.8,0,1,1.0,0.416
WALES ST,42ND AV,41ST AV,GOOD,533.5,0.344,0.3,0,0.3,359.41045351068794,0.8,0,1,1.0,0.486
WOODSTOCK AV,COLUMBIA ST,MANITOBA ST,GOOD,595.5,0.304,0.3,0,0.3,93.02815033964987,0.5,0,1,1.0,0.405
WINDSOR ST,59TH AV,58TH AV,VERY GOOD,979.0,0.141,0.1,0,0.1,1.05092294850715,0.8,0,1,1.0,0.421
WELWYN ST,28TH AV,KINGSWAY,POOR,960.6,0.146,0.8,0,0.8,1.3740122778659725,0.8,0,1,1.0,0.545
WINDSOR ST,31ST AV,30TH AV,FAIR,1616.0,0.039,0.5,0,0.5,1.1102115791300662,0.8,0,1,1.0,0.476
YUKON ST,64TH AV,63RD AV,FAIR,27.5,0.946,0.5,0,0.5,1.9534193928015497,0.8,0,1,1.0,0.613
WOODLAND DR,13TH AV,12TH AV,GOOD,774.1,0.213,0.3,0,0.3,0.7785076985510386,0.8,0,1,1.0,0.467
WALLACE ST,32ND AV,31ST AV,GOOD,1884.5,0.023,0.3,0,0.3,0.4678818977977812,0.8,0,1,1.0,0.438
VICTORIA DR,FRANCES ST,PENDER ST,VERY GOOD,1655.3,0.036,0.1,0,0.1,0.8077831618708728,0.8,0,1,1.0,0.405
WINDERMERE ST,CHARLES ST,WILLIAM ST,FAIR,438.8,0.416,0.5,0,0.5,0.5846597519417855,0.8,0,1,1.0,0.533
WILLOW ST,19TH AV,18TH AV,VERY GOOD,508.7,0.362,0.1,0,0.1,1.3927118862646353,0.8,0,1,1.0,0.454
WINDSOR ST,41ST AV,40TH AV,POOR,1632.6,0.038,0.8,0,0.8,0.9033978636581423,0.8,0,1,1.0,0.529
UPLAND DR,STIRLING ST,NANAIMO ST,FAIR,920.1,0.159,0.5,0,0.5,91.4499119210837,0.5,0,1,1.0,0.419
WATERFRONT RD,NORTHWEST END (UNDERGROUND),EAST OF CANADA PLACE,NO DATA,50.8,0.903,0.5,1,0.4,114.28294009675437,0.5,0,1,1.0,0.513
WINDERMERE ST,GEORGIA ST,TURNER ST,POOR,351.9,0.495,0.8,0,0.8,0.1024317849277736,0.8,0,1,1.0,0.597
VENABLES ST,LILLOOET ST,WINDERMERE ST,POOR,579.2,0.314,0.8,0,0.8,90.11703864988101,0.5,0,1,1.0,0.495
WOODSTOCK AV,SOPHIA ST,PRINCE EDWARD ST,FAIR,753.9,0.221,0.5,0,0.5,91.69506581414953,0.5,0,1,1.0,0.428
UNION ST,HEATLEY AV,EAST END,GOOD,192.0,0.681,0.3,0,0.3,91.53671169577393,0.5,0,1,1.0,0.462
WILLIAM ST,KASLO ST,ROSSLAND ST,GOOD,841.3,0.186,0.3,0,0.3,87.79981503657126,0.5,0,1,1.0,0.388
YORK AV,STEPHENS ST,TRAFALGAR ST,GOOD,1497.6,0.05,0.3,0,0.3,91.42865416105474,0.5,0,1,1.0,0.367
VINE ST,10TH AV,BROADWAY,GOOD,1493.3,0.05,0.3,0,0.3,1.5280154652010651,0.8,0,1,1.0,0.442
YUKON ST,7TH AV,6TH AV,VERY POOR,397.7,0.451,0.95,0,0.95,1.770480833794295,0.8,0,1,1.0,0.617
VALDEZ RD,22ND AV / QUESNEL DRIVE,PUGET DRIVE,NO DATA,2335.0,0.009,0.5,1,0.4,115.84868288279552,0.5,0,1,1.0,0.379
VIVIAN DR,56TH AV,54TH AV / VIVIAN ST,POOR,587.6,0.309,0.8,0,0.8,0.07868935515426756,0.8,0,1,1.0,0.569
YEW ST,39TH AV,38TH AV,VERY POOR,1496.3,0.05,0.95,0,0.95,1.4989342681201947,0.8,0,1,1.0,0.557
WINDERMERE ST,17TH AV,16TH AV,FAIR,400.7,0.449,0.5,0,0.5,0.30769215254542814,0.8,0,1,1.0,0.537
WOODLAND DR,12TH AV,11TH AV,VERY GOOD,800.6,0.202,0.1,0,0.1,0.8284305005349211,0.8,0,1,1.0,0.43
YEW ST,7TH AV,6TH AV,NO DATA,1206.5,0.09,0.5,1,0.4,1.5391562083981967,0.8,0,1,1.0,0.466
WALES ST,47TH AV,46TH AV,POOR,1012.1,0.132,0.8,0,0.8,2.0498709944843654,0.8,0,1,1.0,0.543
WINDSOR ST,20TH AV,19TH AV,FAIR,1506.3,0.049,0.5,0,0.5,1.4427768725541341,0.8,0,1,1.0,0.477
WALLACE ST,23RD AV,22ND AV,GOOD,1936.3,0.021,0.3,0,0.3,0.5052298860908877,0.8,0,1,1.0,0.438
YEW ST,36TH AV,35TH AV,GOOD,1514.8,0.048,0.3,0,0.3,16.700802420969808,0.8,0,1,1.0,0.442
WOLFE AV,16TH AV / TECUMSEH AV,BIRCH ST,VERY GOOD,719.1,0.237,0.1,0,0.1,298.0310764165623,0.5,0,1,1.0,0.36
WINDERMERE ST,6TH AV,5TH AV,VERY POOR,542.5,0.338,0.95,0,0.95,0.1262719723862915,0.8,0,1,1.0,0.6
WILLOW ST,23RD AV,22ND AV,FAIR,885.2,0.17,0.5,0,0.5,1.4966166673164025,0.8,0,1,1.0,0.495
WILLOW ST,33RD AV,32ND AV,GOOD,424.1,0.428,0.3,0,0.3,1.3521534514594578,0.8,0,1,1.0,0.499
VANNESS AV,GLADSTONE ST / STAINSBURY AV,WALKER ST,FAIR,494.3,0.372,0.5,0,0.5,122.328714946584,0.5,0,1,1.0,0.451
52ND AV,WINDSOR ST,ROSS ST,VERY POOR,1553.7,0.045,0.95,0,0.95,91.27866089870344,0.5,0,1,1.0,0.481
14TH AV,HIGHBURY ST,ALMA ST,VERY GOOD,1213.3,0.088,0.1,0,0.1,91.49095714950147,0.5,0,1,1.0,0.338
ADANAC ST,GARDEN DRIVE,NANAIMO ST,FAIR,1143.8,0.102,0.5,0,0.5,90.71887300059763,0.5,0,1,1.0,0.41
2ND AV,YEW ST,ARBUTUS ST,POOR,936.1,0.154,0.8,0,0.8,91.56276617795879,0.5,0,1,1.0,0.471
21ST AV,FLEMING ST,WELWYN ST,FAIR,604.2,0.299,0.5,0,0.5,91.24849885266315,0.5,0,1,1.0,0.44
COLUMBIA ST,15TH AV,14TH AV,VERY GOOD,802.8,0.201,0.1,0,0.1,1.4912517017974096,0.8,0,1,1.0,0.43
32ND AV,BEATRICE ST,VICTORIA DRIVE,FAIR,1145.5,0.101,0.5,0,0.5,91.36215033845014,0.5,0,1,1.0,0.41
16TH AV,CAMBIE ST,YUKON ST,FAIR,610.3,0.295,0.5,0,0.5,92.30390652956532,0.5,0,1,1.0,0.439
14TH AV,SOPHIA ST,PRINCE EDWARD ST,FAIR,1295.5,0.075,0.5,0,0.5,91.33318958561216,0.5,0,1,1.0,0.406
BALACLAVA ST,13TH AV,12TH AV,GOOD,1695.9,0.034,0.3,0,0.3,1.4875235922460774,0.8,0,1,1.0,0.44
33RD AV,DUMFRIES ST,ARGYLE ST,FAIR,1520.8,0.048,0.5,0,0.5,91.3843766655902,0.5,0,1,1.0,0.402
10TH AV,WOODLAND DRIVE,COMMERCIAL DRIVE,GOOD,662.3,0.266,0.3,0,0.3,90.75490074166544,0.5,0,1,1.0,0.4
16TH AV,WATERLOO ST,BLENHEIM ST,FAIR,1673.6,0.035,0.5,0,0.5,91.69949120392812,0.5,0,1,1.0,0.4
12TH AV,TOLMIE ST,SASAMAT ST,FAIR,1276.2,0.078,0.5,0,0.5,91.53519327084234,0.5,0,1,1.0,0.407
55TH AV,ST. GEORGE ST,FRASER ST,POOR,1029.6,0.128,0.8,0,0.8,91.5529988083926,0.5,0,1,1.0,0.467
BALSAM ST,7TH AV,6TH AV,GOOD,1528.0,0.047,0.3,0,0.3,1.4999107152773945,0.8,0,1,1.0,0.442
BOUNDARY RD,CAMBRIDGE ST,ETON ST,POOR,859.4,0.179,0.8,0,0.8,0.6329239729592473,0.8,0,1,1.0,0.55
13TH AV,CARNARVON ST,MACKENZIE ST,NO DATA,1868.9,0.024,0.5,1,0.4,91.48973348207835,0.5,0,1,1.0,0.381
6TH AV,FIR ST,GRANVILLE ST,NO DATA,407.1,0.443,0.5,1,0.4,91.51957725317163,0.5,1,1,1.0,0.744
35TH AV,SHERBROOKE ST,INVERNESS ST,GOOD,1777.0,0.029,0.3,0,0.3,91.1677884112031,0.5,0,1,1.0,0.364
15TH AV,KINGSWAY,FRASER ST,FAIR,1611.3,0.04,0.5,0,0.5,93.62379711470805,0.5,0,1,1.0,0.401
BALSAM PL,49TH AV,NORTH END,VERY GOOD,466.0,0.394,0.1,0,0.1,1.59445565542552,0.8,0,1,1.0,0.459
31ST AV,BLENHEIM ST,BALACLAVA ST,POOR,1816.3,0.026,0.8,0,0.8,90.48599449790203,0.5,0,1,1.0,0.452
22ND AV,MACKENZIE ST,MACDONALD ST,VERY GOOD,2561.9,0.006,0.1,0,0.1,90.52139941338038,0.5,0,1,1.0,0.325
ANGUS DR,68TH AV,LABURNUM ST,VERY GOOD,382.6,0.465,0.1,0,0.1,1.6355964808205954,0.8,0,1,1.0,0.469
51ST AV,NANAIMO ST,BERKELEY ST,FAIR,1184.6,0.094,0.5,0,0.5,90.63382150180632,0.5,0,1,1.0,0.409
ALICE ST,SOUTH END,22ND AV,GOOD,525.5,0.35,0.3,0,0.3,0.9952634780258904,0.8,0,1,1.0,0.487
43RD AV,BEATRICE ST,VICTORIA DRIVE,VERY POOR,1338.1,0.069,0.95,0,0.95,91.2905098488045,0.5,0,1,1.0,0.485
CHARLES ST,KASLO ST,ROSSLAND ST,VERY GOOD,942.8,0.152,0.1,0,0.1,90.08606182848007,0.5,0,1,1.0,0.347
13TH AV,MAIN ST,SOPHIA ST,VERY GOOD,1168.4,0.097,0.1,0,0.1,90.62465525823325,0.5,0,1,1.0,0.339
39TH AV,COMMERCIAL ST,VICTORIA DRIVE,VERY POOR,1128.6,0.105,0.95,0,0.95,90.87121544348918,0.5,0,1,1.0,0.49
51ST AV,TISDALL ST,EAST END,GOOD,648.0,0.274,0.3,0,0.3,93.4597768715904,0.5,0,1,1.0,0.401
70TH AV,SW MARINE DRIVE,ASH ST,VERY POOR,419.2,0.432,0.95,0,0.95,92.88056221991917,0.5,0,1,1.0,0.539
37TH AV,MANITOBA ST,ONTARIO ST,FAIR,180.7,0.697,0.5,0,0.5,91.74728898823736,0.5,0,1,1.0,0.5
27TH AV,WILLOW ST,HEATHER ST,VERY POOR,519.3,0.354,0.95,0,0.95,91.56773779814279,0.5,0,1,1.0,0.528
15TH AV,DISCOVERY ST,COURTENAY ST,POOR,1307.8,0.073,0.8,0,0.8,91.50274756088919,0.5,0,1,1.0,0.459
73RD AV,72ND AV / FRENCH ST,CARTIER ST,FAIR,368.6,0.478,0.5,0,0.5,126.94732108443043,0.5,0,1,1.0,0.467
CHARLES ST,WEST END,BOUNDARY ROAD,GOOD,84.9,0.844,0.3,0,0.3,94.4064965033898,0.5,0,1,1.0,0.487
33RD AV,ARGYLE ST,COMMERCIAL ST,FAIR,1323.0,0.071,0.5,0,0.5,91.22864672402528,0.5,0,1,1.0,0.406
29TH AV,INVERNESS ST,CULLODEN ST,POOR,1627.8,0.039,0.8,0,0.8,90.69707479221836,0.5,0,1,1.0,0.454
COLLINGWOOD ST,11TH AV,10TH AV,FAIR,1116.3,0.107,0.5,0,0.5,1.474833544290334,0.8,0,1,1.0,0.486
15TH AV,BALSAM ST,VINE ST,NO DATA,1894.8,0.023,0.5,1,0.4,91.51195141029785,0.5,0,1,1.0,0.381
45TH AV,ONTARIO ST,QUEBEC ST,VERY GOOD,433.9,0.42,0.1,0,0.1,91.70925099356884,0.5,0,1,1.0,0.388
26TH AV,CAMBIE ST,YUKON ST,VERY POOR,349.3,0.497,0.95,0,0.95,91.76198717521606,0.5,0,1,1.0,0.549
12TH AV,COURTENAY ST,CAMOSUN ST,FAIR,969.8,0.144,0.5,0,0.5,91.5013200996251,0.5,0,1,1.0,0.416
6TH AV,MAIN ST,SCOTIA ST,FAIR,483.2,0.38,0.5,0,0.5,91.69031500765419,0.5,0,1,1.0,0.452
BLANCA ST,16TH AV,15TH AV,POOR,1793.2,0.028,0.8,0,0.8,1.5225450555611246,0.8,0,1,1.0,0.527
22ND AV,VINE ST,YEW ST,VERY POOR,1912.0,0.022,0.95,0,0.95,91.51023945224364,0.5,0,1,1.0,0.478
BURNABY ST,NICOLA ST,BROUGHTON ST,GOOD,521.1,0.353,0.3,0,0.3,134.8147718067205,0.5,0,1,1.0,0.413
ARBUTUS ST,57TH AV,54TH AV,VERY POOR,544.6,0.336,0.95,0,0.95,1.4263049028111823,0.8,0,1,1.0,0.6
29TH AV,CLARENDON ST,GOTHARD ST,VERY GOOD,777.7,0.211,0.1,0,0.1,90.0,0.5,0,1,1.0,0.356
48TH AV,YUKON ST,ALBERTA ST,FAIR,266.2,0.587,0.5,0,0.5,93.30361932487466,0.5,0,1,1.0,0.483
CHURCH ST,JOYCE ST,STAMFORD ST,POOR,1131.0,0.104,0.8,0,0.8,122.73268777797836,0.5,0,1,1.0,0.463
BAYSWATER ST,4TH AV,3RD AV,GOOD,1609.4,0.04,0.3,0,0.3,0.7419407709037387,0.8,0,1,1.0,0.441
43RD AV,FRASER ST,CHESTER ST,POOR,1286.9,0.076,0.8,0,0.8,91.09682913539194,0.5,0,1,1.0,0.459
COMMERCIAL DR,FRANCES ST,PENDER ST,POOR,1321.0,0.071,0.8,0,0.8,1.4480591094724105,0.8,0,1,1.0,0.534
CHARLES ST,WEST END,VERNON DRIVE,VERY GOOD,615.8,0.292,0.1,0,0.1,91.2070731316835,0.5,0,1,1.0,0.368
33RD AV,CAMBIE ST,33RD AV EB TO QE PARK ROAD,VERY POOR,199.0,0.672,0.95,0,0.95,92.80131948320167,0.5,0,1,1.0,0.575
29TH AV,ST. GEORGE ST,FRASER ST,VERY POOR,1023.5,0.129,0.95,0,0.95,90.97750765165654,0.5,0,1,1.0,0.494
BRIDGEWAY ST 1,DRIVEWAY,CASSIAR CONNECTOR NB,POOR,437.2,0.417,0.8,0,0.8,155.9758556832346,0.2,0,1,1.0,0.436
44TH AV,BALACLAVA ST,CARNARVON ST,FAIR,540.3,0.339,0.5,0,0.5,90.33114372810394,0.5,0,1,1.0,0.446
28TH AV,WEST END,NOOTKA ST,POOR,900.7,0.165,0.8,0,0.8,90.50103140914018,0.5,0,1,1.0,0.473
46TH AV,MCKINNON ST,DOMAN ST,VERY GOOD,1336.0,0.069,0.1,0,0.1,90.40858313970608,0.5,0,1,1.0,0.335
63RD AV,MAIN ST,SOPHIA ST,POOR,728.3,0.233,0.8,0,0.8,95.6012785471691,0.5,0,1,1.0,0.483
12TH AV,LARCH ST,BALSAM ST,VERY GOOD,1813.4,0.027,0.1,0,0.1,91.50619226276592,0.5,0,1,1.0,0.328
CEDAR CRES,HOSMER AV / MAPLE CRESCENT,MAPLE ST,POOR,1605.5,0.04,0.8,0,0.8,357.2445331131155,0.8,0,1,1.0,0.529
BLENHEIM ST,5TH AV,4TH AV,GOOD,1140.4,0.102,0.3,0,0.3,1.4921167444279604,0.8,0,1,1.0,0.45
CARNARVON ST,30TH AV,29TH AV,VERY GOOD,1986.0,0.019,0.1,0,0.1,0.49586055662967965,0.8,0,1,1.0,0.402
CASSIAR CONNECTOR NB,PANDORA ST,BRIDGEWAY ST 1,VERY POOR,534.2,0.344,0.95,0,0.95,359.6348650826171,0.8,0,1,1.0,0.601
12TH AV,KASLO ST,RENFREW ST,GOOD,267.6,0.585,0.3,0,0.3,85.14923927498546,0.5,0,1,1.0,0.448
29TH AV,CARIBOO ST,JOYCE ST,FAIR,124.2,0.78,0.5,0,0.5,98.0627699460905,0.5,0,1,1.0,0.512
14TH AV,WILLOW ST,HEATHER ST,VERY GOOD,131.3,0.769,0.1,0,0.1,91.4703624371034,0.5,0,1,1.0,0.44
75TH AV,BARNARD ST,BENTLEY ST,VERY POOR,99.2,0.82,0.95,0,0.95,124.98815547350677,0.5,0,1,1.0,0.598
48TH AV,GLADSTONE ST,NANAIMO ST,POOR,1400.0,0.061,0.8,0,0.8,91.02794310319945,0.5,0,1,1.0,0.457
63RD AV,SW MARINE DRIVE,LABURNUM ST,VERY GOOD,360.1,0.487,0.1,0,0.1,77.84221900711543,0.5,0,1,1.0,0.398
37TH AV,LANARK ST,DUMFRIES ST,GOOD,1705.8,0.033,0.3,0,0.3,91.19552529720659,0.5,0,1,1.0,0.365
45TH AV,ST. MARGARETS ST,CLARENDON ST / ELLIOTT ST,VERY POOR,958.7,0.147,0.95,0,0.95,90.42394521783928,0.5,0,1,1.0,0.496
47TH AV,DOMAN ST,BROOKS ST,POOR,1523.3,0.048,0.8,0,0.8,90.3533082647566,0.5,0,1,1.0,0.455
CAMBIE ST,GEORGIA ST,DUNSMUIR ST,VERY GOOD,58.6,0.889,0.1,0,0.1,44.75790423152864,0.8,0,1,1.0,0.533
BOUNDARY RD,FRANKLIN ST,PANDORA ST,POOR,986.9,0.139,0.8,0,0.8,0.6836713858457983,0.8,0,1,1.0,0.544
71ST AV,SW MARINE DRIVE,GRANVILLE ST,GOOD,373.5,0.474,0.3,0,0.3,91.39332242505333,0.5,0,1,1.0,0.431
2ND AV,NOOTKA ST,LILLOOET ST,VERY POOR,699.5,0.247,0.95,0,0.95,90.39680734143076,0.5,0,1,1.0,0.511
BLANCA ST,2ND AV,DRUMMOND DRIVE,NO DATA,656.5,0.269,0.5,1,0.4,1.538605150650767,0.8,0,1,1.0,0.493
53RD AV,CULLODEN ST,KNIGHT ST,VERY POOR,1442.5,0.056,0.95,0,0.95,91.20908995210266,0.5,0,1,1.0,0.483
59TH AV,ARGYLE ST,JASPER CRESCENT,GOOD,858.5,0.18,0.3,0,0.3,97.6509719606143,0.5,0,1,1.0,0.387
19TH AV,ONTARIO ST,QUEBEC ST,NO DATA,1179.8,0.094,0.5,1,0.4,91.58515968741028,0.5,0,1,1.0,0.391
BEATTY ST,SMITHE ST,ROBSON ST,VERY GOOD,151.9,0.738,0.1,0,0.1,44.78655095212076,0.8,0,1,1.0,0.51
7TH AV,WEST END,MACDONALD ST,GOOD,1771.6,0.029,0.3,0,0.3,91.44754042540626,0.5,0,1,1.0,0.364
17TH AV,GLEN DRIVE,INVERNESS ST,GOOD,1192.2,0.092,0.3,0,0.3,91.38124093556718,0.5,0,1,1.0,0.373
BALACLAVA ST,15TH AV,14TH AV,POOR,1815.3,0.026,0.8,0,0.8,1.4872952837135358,0.8,0,1,1.0,0.527
CONNAUGHT DR,35TH AV,34TH AV / ROXBURGH CRESCENT,GOOD,426.9,0.426,0.3,0,0.3,1.4030193579191632,0.8,0,1,1.0,0.499
ARGYLE ST,45TH AV,43RD AV,FAIR,1705.7,0.033,0.5,0,0.5,1.1578450072967144,0.8,0,1,1.0,0.475
3RD AV,CLARK DRIVE,MCLEAN DRIVE,GOOD,1119.9,0.106,0.3,0,0.3,90.70225762881518,0.5,0,1,1.0,0.376
51ST AV,ARBUTUS ST,WEST BOULEVARD,VERY POOR,747.7,0.224,0.95,0,0.95,91.29689783923777,0.5,0,1,1.0,0.508
14TH AV,MACKENZIE ST,MACDONALD ST,POOR,2041.4,0.017,0.8,0,0.8,91.49188324436614,0.5,0,1,1.0,0.45
6TH AV,MACDONALD ST,STEPHENS ST,FAIR,1845.4,0.025,0.5,0,0.5,91.4485635321513,0.5,0,1,1.0,0.399
7TH AV,ONTARIO ST,QUEBEC ST,GOOD,576.9,0.315,0.3,0,0.3,91.63986136152312,0.5,0,1,1.0,0.407
CONNAUGHT DR,GRANVILLE ST,CHURCHILL ST,POOR,280.6,0.571,0.8,0,0.8,306.5112330458617,0.5,0,1,1.0,0.534
BLENHEIM ST,KING EDWARD AV,24TH AV,GOOD,2384.9,0.008,0.3,0,0.3,0.48295526293287594,0.8,0,1,1.0,0.436
53RD AV,ARBUTUS ST,WEST BOULEVARD,VERY GOOD,680.5,0.256,0.1,0,0.1,90.9161511135693,0.5,0,1,1.0,0.363
8TH AV,HEATHER ST,ASH ST,GOOD,76.6,0.858,0.3,0,0.3,91.53167577617603,0.5,0,1,1.0,0.489
ALEXANDRA ST,NANTON AV,26TH AV,POOR,803.0,0.201,0.8,0,0.8,1.4747807987161536,0.8,0,1,1.0,0.553
CAMBRIDGE ST,KAMLOOPS ST,PENTICTON ST,FAIR,860.8,0.179,0.5,0,0.5,90.21460476086804,0.5,0,1,1.0,0.422
15TH AV,VICTORIA DRIVE,GARDEN DRIVE,GOOD,171.2,0.71,0.3,0,0.3,90.70370830172203,0.5,0,1,1.0,0.467
39TH AV,CAMOSUN ST,CROWN ST,FAIR,1371.1,0.064,0.5,0,0.5,90.40041505953457,0.5,0,1,1.0,0.405
ALDER ST,8TH AV,7TH AV,GOOD,47.7,0.909,0.3,0,0.3,1.4984749116389935,0.8,0,1,1.0,0.572
CANADA PL,BURRARD ST,HOWE ST,NO DATA,197.9,0.673,0.5,1,0.4,117.46645779968514,0.5,0,1,1.0,0.479
BLENHEIM ST,42ND AV,41ST AV,VERY GOOD,659.6,0.267,0.1,0,0.1,0.28253423100341024,0.8,0,1,1.0,0.44
37TH AV,BAILLIE ST,HEATHER ST,VERY GOOD,565.1,0.323,0.1,0,0.1,93.07718919883484,0.5,0,1,1.0,0.373
32ND AV,DUNBAR ST,COLLINGWOOD ST,GOOD,1714.5,0.032,0.3,0,0.3,90.38755343025105,0.5,0,1,1.0,0.364
64TH AV,FRENCH ST,CARTIER ST,VERY GOOD,1061.8,0.12,0.1,0,0.1,91.4849702104712,0.5,0,1,1.0,0.342
47TH AV,MCCLEERY ST,MACDONALD ST,VERY GOOD,558.9,0.327,0.1,0,0.1,90.6925982756203,0.5,0,1,1.0,0.374
6TH AV,LAUREL ST,WILLOW ST,POOR,72.2,0.866,0.8,0,0.8,91.48075815097059,0.5,0,1,1.0,0.578
BALSAM ST,39TH AV,37TH AV,NO DATA,1433.6,0.057,0.5,1,0.4,1.4701916483397781,0.8,0,1,1.0,0.461
MAIN ST,15TH AV,14TH AV,VERY POOR,1268.5,0.079,0.95,0,0.95,1.6800958988700359,0.8,0,1,1.0,0.561
QUEBEC ST,49TH AV,48TH AV,GOOD,175.9,0.703,0.3,0,0.3,2.373076594555698,0.8,0,1,1.0,0.541
SLOCAN ST,FRANKLIN ST,PANDORA ST,VERY POOR,531.2,0.346,0.95,0,0.95,0.1167475422124653,0.8,0,1,1.0,0.601
CAROLINA ST,20TH AV,19TH AV,FAIR,1745.6,0.03,0.5,0,0.5,1.3493051067582655,0.8,0,1,1.0,0.474
CLARK DR,KING EDWARD AV,24TH AV,POOR,1292.0,0.075,0.8,0,0.8,1.4031834077392205,0.8,0,1,1.0,0.534
ASH ST,39TH AV,37TH AV,FAIR,542.3,0.338,0.5,0,0.5,1.3310778699772072,0.8,0,1,1.0,0.521
ARBUTUS ST,32ND AV,VALLEY DRIVE,VERY POOR,1273.2,0.078,0.95,0,0.95,1.5186099634007064,0.8,0,1,1.0,0.561
47TH AV,YEW ST,WEST BOULEVARD,NO DATA,771.0,0.214,0.5,1,0.4,91.41639070601548,0.5,0,1,1.0,0.409
44TH AV,PRINCE EDWARD ST,ST. GEORGE ST,GOOD,827.4,0.191,0.3,0,0.3,91.43461108160574,0.5,0,1,1.0,0.388
BALSAM ST,19TH AV,18TH AV,VERY POOR,2176.6,0.013,0.95,0,0.95,1.533637837266383,0.8,0,1,1.0,0.551
BUTLER ST,49TH AV,47TH AV,FAIR,1324.5,0.071,0.5,0,0.5,1.8043787530700115,0.8,0,1,1.0,0.48
69TH AV,ST. GEORGE ST,EAST END,VERY POOR,437.6,0.417,0.95,0,0.95,91.2146542250972,0.5,0,1,1.0,0.537
31ST AV,WALLACE ST,HIGHBURY ST,NO DATA,1909.2,0.022,0.5,1,0.4,90.57003242950992,0.5,0,1,1.0,0.38
22ND AV,WILLOW ST,HEATHER ST,POOR,879.8,0.172,0.8,0,0.8,91.9309571753007,0.5,0,1,1.0,0.474
CONNAUGHT DR,32ND AV,ALEXANDRA ST,POOR,480.4,0.383,0.8,0,0.8,26.342019638161787,0.8,0,1,1.0,0.58
35TH AV,COLLINGWOOD ST,BLENHEIM ST,NO DATA,1391.6,0.062,0.5,1,0.4,90.39345903553715,0.5,0,1,1.0,0.386
12TH AV,KINGSWAY,GUELPH ST,VERY GOOD,1172.5,0.096,0.1,0,0.1,94.87319809968125,0.5,0,1,1.0,0.339
45TH AV,BERKELEY ST,ST. MARGARETS ST,VERY POOR,1001.2,0.135,0.95,0,0.95,90.60431331959916,0.5,0,1,1.0,0.495
CAMOSUN ST,14TH AV,13TH AV,VERY POOR,1067.7,0.118,0.95,0,0.95,1.4548457206681178,0.8,0,1,1.0,0.567
22ND AV,DUNBAR ST,COLLINGWOOD ST,NO DATA,2017.4,0.018,0.5,1,0.4,90.48704473536571,0.5,0,1,1.0,0.38
CAMOSUN ST,33RD AV,32ND AV,VERY POOR,2015.9,0.018,0.95,0,0.95,0.6873446841586315,0.8,0,1,1.0,0.552
23RD AV,HEATHER ST,ASH ST,POOR,722.3,0.236,0.8,0,0.8,91.64868370274348,0.5,0,1,1.0,0.483
6TH AV,SLOCAN ST,KASLO ST,FAIR,549.8,0.333,0.5,0,0.5,90.35598452140044,0.5,0,1,1.0,0.445
3RD AV,WINDERMERE ST,RUPERT ST,POOR,414.0,0.437,0.8,0,0.8,90.34714640221529,0.5,0,1,1.0,0.514
17TH AV,WALLACE ST,HIGHBURY ST,FAIR,1433.9,0.057,0.5,0,0.5,91.42886681993167,0.5,0,1,1.0,0.403
63RD AV,KERR ST,62ND AV,FAIR,112.1,0.799,0.5,0,0.5,68.26667418031866,0.5,0,1,1.0,0.515
ANGUS DR,ALEXANDRA ST,ANGUS DRIVE WB,VERY POOR,1319.5,0.071,0.95,0,0.95,56.31908833709474,0.5,0,1,1.0,0.485
39TH AV,WILLOW ST,BAILLIE ST,GOOD,562.4,0.325,0.3,0,0.3,93.10315695899459,0.5,0,1,1.0,0.408
50TH AV,MCKINNON ST,DOMAN ST,GOOD,1237.1,0.084,0.3,0,0.3,90.79364677345694,0.5,0,1,1.0,0.372
BIDWELL ST,ROBSON ST,GEORGIA ST,VERY POOR,58.6,0.889,0.95,0,0.95,44.741662505652016,0.8,0,1,1.0,0.683
52ND AV,RUPERT ST,LANCASTER ST,GOOD,914.5,0.161,0.3,0,0.3,90.30731892502598,0.5,0,1,1.0,0.384
48TH AV,TYNE ST,ARLINGTON ST,FAIR,1388.7,0.062,0.5,0,0.5,90.38044172734419,0.5,0,1,1.0,0.404
49TH AV,CLARENDON ST,ELLIOTT ST,VERY POOR,1303.8,0.074,0.95,0,0.95,90.63502254509194,0.5,0,1,1.0,0.485
13TH AV,WOODLAND DRIVE,COMMERCIAL DRIVE,POOR,501.3,0.367,0.8,0,0.8,90.77965354551179,0.5,0,1,1.0,0.503
22ND AV,KNIGHT ST,LANARK ST,FAIR,1002.8,0.135,0.5,0,0.5,91.19452409765177,0.5,0,1,1.0,0.415
51ST AV,FRASER ST,PRINCE ALBERT ST,VERY POOR,1141.1,0.102,0.95,0,0.95,91.23446599371192,0.5,0,1,1.0,0.49
37TH AV,NANAIMO ST,HIGHGATE ST,FAIR,505.5,0.364,0.5,0,0.5,90.53249772552658,0.5,0,1,1.0,0.45
8TH AV,ARBUTUS ST,MAPLE ST,VERY GOOD,1014.3,0.132,0.1,0,0.1,91.52662571068265,0.5,0,1,1.0,0.344
CASSIAR ST,3RD AV,2ND AV,FAIR,212.1,0.654,0.5,0,0.5,0.5971947131158117,0.8,0,1,1.0,0.568
ANZIO DR,20TH AV / RUPERT ST,MONS DRIVE,VERY POOR,813.6,0.196,0.95,0,0.95,90.11338972986823,0.5,0,1,1.0,0.504
21ST AV,PRINCE ALBERT ST,ST. CATHERINES ST,FAIR,1693.7,0.034,0.5,0,0.5,91.44595250835158,0.5,0,1,1.0,0.4
72ND AV,MONTCALM ST,HUDSON ST,VERY POOR,526.7,0.349,0.95,0,0.95,91.38383298184834,0.5,0,1,1.0,0.527
COLLINGWOOD ST,4TH AV,3RD AV,VERY POOR,838.8,0.187,0.95,0,0.95,1.5237842193187703,0.8,0,1,1.0,0.577
16TH AV,CAROLINA ST,FRASER ST,VERY GOOD,1654.4,0.037,0.1,0,0.1,91.44469235043925,0.5,0,1,1.0,0.33
49TH AV,FRONTENAC ST,BOUNDARY ROAD,FAIR,1172.9,0.096,0.5,0,0.5,101.42708728585308,0.5,0,1,1.0,0.409
57TH AV,PRINCE ALBERT ST,WINDSOR ST,POOR,1169.3,0.096,0.8,0,0.8,90.50071249215131,0.5,0,1,1.0,0.462
BALACLAVA ST,53RD AV,51ST AV,FAIR,147.6,0.744,0.5,0,0.5,1.1751897200047097,0.8,0,1,1.0,0.582
29TH AV,WINDSOR ST,ELGIN ST,POOR,1686.5,0.034,0.8,0,0.8,90.49029667774789,0.5,0,1,1.0,0.453
ARBUTUS ST,6TH AV,5TH AV,VERY POOR,1010.2,0.133,0.95,0,0.95,1.5413901371451288,0.8,0,1,1.0,0.569
16TH AV,COURTENAY ST,CAMOSUN ST,POOR,1366.7,0.065,0.8,0,0.8,91.45200295224743,0.5,0,1,1.0,0.458
15TH AV,FRASER ST,PRINCE ALBERT ST,FAIR,1674.4,0.035,0.5,0,0.5,93.6252415238522,0.5,0,1,1.0,0.4
23RD AV,WALLACE ST,HIGHBURY ST,VERY POOR,2036.5,0.017,0.95,0,0.95,90.42470651316438,0.5,0,1,1.0,0.477
54TH AV,VIVIAN DRIVE,DAWSON ST,GOOD,703.6,0.245,0.3,0,0.3,90.75699123654067,0.5,0,1,1.0,0.396
BALACLAVA ST,5TH AV,4TH AV,POOR,1419.1,0.059,0.8,0,0.8,1.502385651337363,0.8,0,1,1.0,0.532
42ND AV,CARNARVON ST,MACKENZIE ST,VERY POOR,826.5,0.191,0.95,0,0.95,90.29169735643285,0.5,0,1,1.0,0.503
16TH AV,ONTARIO ST,QUEBEC ST,POOR,1207.4,0.089,0.8,0,0.8,91.66750158660784,0.5,0,1,1.0,0.461
19TH AV,CAMBIE ST,YUKON ST,NO DATA,824.2,0.192,0.5,1,0.4,92.89081876492071,0.5,0,1,1.0,0.406
26TH AV,SKEENA ST,KOOTENAY ST,VERY POOR,306.7,0.541,0.95,0,0.95,91.64391814084308,0.5,0,1,1.0,0.556
59TH AV,ARBUTUS ST,MAPLE ST,FAIR,545.7,0.336,0.5,0,0.5,91.3386681159381,0.5,0,1,1.0,0.445
14TH AV,COMMERCIAL DRIVE,VICTORIA DRIVE,GOOD,203.4,0.666,0.3,0,0.3,90.69900443584328,0.5,0,1,1.0,0.46
26TH AV,DUMFRIES ST,PERRY ST,VERY GOOD,1011.9,0.132,0.1,0,0.1,103.87291561691927,0.5,0,1,1.0,0.344
43RD AV,ST. GEORGE ST,FRASER ST,FAIR,1083.9,0.114,0.5,0,0.5,91.57297786585781,0.5,0,1,1.0,0.412
62ND AV,SW MARINE DRIVE,LABURNUM ST,FAIR,383.0,0.465,0.5,0,0.5,91.04211938411373,0.5,0,1,1.0,0.465
23RD AV,YEW ST,KING EDWARD AV,FAIR,1768.6,0.029,0.5,0,0.5,86.64505607752267,0.5,0,1,1.0,0.399
ADERA ST,43RD AV,41ST AV,VERY POOR,621.6,0.288,0.95,0,0.95,1.4917250850951973,0.8,0,1,1.0,0.593
2ND AV,VICTORIA DRIVE,SEMLIN DRIVE,VERY GOOD,989.0,0.138,0.1,0,0.1,90.70633968215463,0.5,0,1,1.0,0.345
32ND AV,BLENHEIM ST,BALACLAVA ST,GOOD,1710.7,0.033,0.3,0,0.3,90.46369243998333,0.5,0,1,1.0,0.364
44TH AV,EAST BOULEVARD,MAPLE ST,NO DATA,1176.6,0.095,0.5,1,0.4,91.3672596391429,0.5,0,1,1.0,0.392
1ST AV,MAIN ST,LORNE ST,FAIR,94.0,0.829,0.5,0,0.5,127.16335690109781,0.5,0,1,1.0,0.52
ATLIN ST,29TH AV,27TH AV,VERY POOR,849.5,0.183,0.95,0,0.95,0.4881901931971129,0.8,0,1,1.0,0.577
43RD AV,MARGUERITE ST,ADERA ST,VERY POOR,780.6,0.21,0.95,0,0.95,91.45772680814883,0.5,0,1,1.0,0.506
38TH AV,GRANVILLE ST,CARTIER ST,FAIR,131.6,0.769,0.5,0,0.5,93.0633030346545,0.5,0,1,1.0,0.511
28TH AV,SKEENA ST,BOUNDARY ROAD,VERY GOOD,123.6,0.781,0.1,0,0.1,90.1265231864391,0.5,0,1,1.0,0.442
19TH AV,COLUMBIA ST,MANITOBA ST,NO DATA,1052.7,0.122,0.5,1,0.4,91.72908327628363,0.5,0,1,1.0,0.396
BELMONT AV,TOLMIE ST,SASAMAT ST,VERY POOR,794.1,0.204,0.95,0,0.95,91.54691292566065,0.5,0,1,1.0,0.505
22ND AV,ONTARIO ST,QUEBEC ST,VERY POOR,907.9,0.163,0.95,0,0.95,89.60242573613846,0.5,0,1,1.0,0.499
CLARENDON ST,45TH AV,43RD AV,POOR,812.8,0.197,0.8,0,0.8,353.41555063502346,0.8,0,1,1.0,0.552
BALFOUR AV,OSLER ST,22ND AV / OAK ST,POOR,967.9,0.144,0.8,0,0.8,100.38200152244804,0.5,0,1,1.0,0.47
12TH AV,WATSON ST,SOPHIA ST,VERY POOR,1072.9,0.117,0.95,0,0.95,90.64818708453708,0.5,0,1,1.0,0.492
19TH AV,CROWN ST,WALLACE ST,VERY POOR,1624.4,0.039,0.95,0,0.95,90.44123852241376,0.5,0,1,1.0,0.48
7TH AV,SCOTIA ST,BRUNSWICK ST,GOOD,622.4,0.288,0.3,0,0.3,91.66868814621586,0.5,0,1,1.0,0.403
23RD AV,CLARK DRIVE,KNIGHT ST,VERY POOR,1120.1,0.106,0.95,0,0.95,91.44936682418785,0.5,0,1,1.0,0.49
BLENHEIM ST,49TH AV,48TH AV,GOOD,81.4,0.85,0.3,0,0.3,1.0492335700326976,0.8,0,1,1.0,0.563
49TH AV,PRINCE EDWARD ST,ST. GEORGE ST,FAIR,631.2,0.283,0.5,0,0.5,91.53520657667525,0.5,0,1,1.0,0.437
47TH AV,FREMLIN ST,WILLOW ST,GOOD,999.5,0.135,0.3,0,0.3,94.65752039501069,0.5,0,1,1.0,0.38
CHARLES ST,NANAIMO ST,KAMLOOPS ST,FAIR,1289.5,0.076,0.5,0,0.5,90.37738446766883,0.5,0,1,1.0,0.406
22ND AV,SLOCAN ST,KASLO ST,VERY POOR,953.8,0.148,0.95,0,0.95,90.70950436052783,0.5,0,1,1.0,0.497
39TH AV,PRINCE ALBERT ST,WINDSOR ST,GOOD,1365.8,0.065,0.3,0,0.3,91.12115794647724,0.5,0,1,1.0,0.369
11TH AV,GLEN DRIVE,CLARK DRIVE,VERY GOOD,1099.6,0.111,0.1,0,0.1,90.77843196575611,0.5,0,1,1.0,0.341
14TH AV,ASH ST,CAMBIE ST,VERY GOOD,348.8,0.498,0.1,0,0.1,91.49699403537159,0.5,0,1,1.0,0.399
18TH AV,SLOCAN ST,WINLAW PLACE,FAIR,714.3,0.24,0.5,0,0.5,90.89403147674574,0.5,0,1,1.0,0.431
62ND AV,SPARBROOK CRESCENT,SPARBROOK CRESCENT,FAIR,117.3,0.791,0.5,0,0.5,86.14383312509102,0.5,0,1,1.0,0.514
34TH AV,PRINCE EDWARD ST,ST. GEORGE ST,POOR,636.5,0.28,0.8,0,0.8,90.50236214343101,0.5,0,1,1.0,0.49
32ND AV,ARGYLE ST,BRUCE ST,FAIR,1431.4,0.057,0.5,0,0.5,91.2787644759855,0.5,0,1,1.0,0.403
22ND AV,HIGHBURY ST,DUNBAR ST,POOR,1965.6,0.02,0.8,0,0.8,90.4953713729596,0.5,0,1,1.0,0.451
ADERA ST,58TH AV,57TH AV,VERY GOOD,1209.9,0.089,0.1,0,0.1,1.3920638412611197,0.8,0,1,1.0,0.413
7TH AV,VICTORIA DRIVE,SEMLIN DRIVE,GOOD,672.8,0.26,0.3,0,0.3,90.67618755234184,0.5,0,1,1.0,0.399
42ND AV,COLLINGWOOD ST,BLENHEIM ST,VERY GOOD,652.2,0.271,0.1,0,0.1,90.323388345247,0.5,0,1,1.0,0.365
47TH AV,SHERBROOKE ST,INVERNESS ST,VERY GOOD,1827.2,0.026,0.1,0,0.1,94.9400110352471,0.5,0,1,1.0,0.328
10TH AV,ALDER ST,SPRUCE ST,FAIR,192.0,0.681,0.5,0,0.5,91.50643120248418,0.5,0,1,1.0,0.498
51ST AV,ROSS ST,SHERBROOKE ST,VERY GOOD,1675.9,0.035,0.1,0,0.1,90.83615812143012,0.5,0,1,1.0,0.33
3RD AV,RUPERT ST,CASSIAR ST,GOOD,305.9,0.542,0.3,0,0.3,89.98055416004269,0.5,0,1,1.0,0.441
2ND AV,COMMERCIAL DRIVE,VICTORIA DRIVE,FAIR,1082.2,0.115,0.5,0,0.5,90.80955463519422,0.5,0,1,1.0,0.412
16TH AV,MAPLE ST,CYPRESS ST,VERY GOOD,1411.0,0.059,0.1,0,0.1,91.50214568011495,0.5,0,1,1.0,0.333
1ST AV,SCOTIA ST,THORNTON ST,FAIR,367.2,0.48,0.5,0,0.5,115.23547878121985,0.5,0,1,1.0,0.467
22ND AV,WELWYN ST,COMMERCIAL ST,GOOD,621.9,0.288,0.3,0,0.3,91.47817153902923,0.5,0,1,1.0,0.403
63RD AV,PRINCE EDWARD ST,BUSCOMBE ST,GOOD,871.0,0.175,0.3,0,0.3,95.56313842518671,0.5,0,1,1.0,0.386
53RD AV,BALACLAVA ST,CARNARVON ST,VERY POOR,146.6,0.746,0.95,0,0.95,91.09234168996932,0.5,0,1,1.0,0.587
59TH AV,RUPERT ST,KERR ST,GOOD,434.1,0.42,0.3,0,0.3,107.8181541329169,0.5,0,1,1.0,0.423
36TH AV,COMMERCIAL ST,VICTORIA DRIVE,VERY POOR,1067.7,0.118,0.95,0,0.95,91.62609325662675,0.5,0,1,1.0,0.492
12TH AV,SEMLIN DRIVE,GRANDVIEW HWY / LAKEWOOD DRIVE,FAIR,239.1,0.62,0.5,0,0.5,90.72538177132083,0.5,0,1,1.0,0.488
54TH AV,BEECHWOOD ST,ARBUTUS ST,FAIR,508.7,0.361,0.5,0,0.5,102.13989703436994,0.5,0,1,1.0,0.449
4TH AV,WOODLAND DRIVE,COMMERCIAL DRIVE,POOR,1169.1,0.097,0.8,0,0.8,90.74686483769335,0.5,0,1,1.0,0.462
7TH AV,ASH ST,CAMBIE ST,FAIR,172.9,0.708,0.5,0,0.5,93.17833075728436,0.5,0,1,1.0,0.502
37TH AV,QUEBEC ST,MAIN ST,POOR,249.5,0.607,0.8,0,0.8,91.85487145863726,0.5,0,1,1.0,0.539
45TH AV,SOPHIA ST,PRINCE EDWARD ST,GOOD,647.0,0.274,0.3,0,0.3,91.80541507688906,0.5,0,1,1.0,0.401
8TH AV,FRASER ST,PRINCE ALBERT ST,GOOD,1171.7,0.096,0.3,0,0.3,90.77076900765383,0.5,0,1,1.0,0.374
57TH AV,CULLODEN ST,KNIGHT ST,GOOD,1033.6,0.127,0.3,0,0.3,90.64311764231172,0.5,0,1,1.0,0.379
17TH AV,YUKON ST,COLUMBIA ST,VERY POOR,832.9,0.189,0.95,0,0.95,91.73409140472927,0.5,0,1,1.0,0.503
14TH AV,CLARK DRIVE / KNIGHT ST,MADDAMS ST,GOOD,852.2,0.182,0.3,0,0.3,90.75644210856825,0.5,0,1,1.0,0.387
ALBERNI ST,BIDWELL ST,CARDERO ST,NO DATA,90.7,0.834,0.5,1,0.4,134.78610335285214,0.5,0,1,1.0,0.503
CARNARVON ST,10TH AV,BROADWAY,GOOD,1678.5,0.035,0.3,0,0.3,1.464252498819917,0.8,0,1,1.0,0.44
2ND AV,CASSIAR ST,SKEENA ST,VERY GOOD,184.8,0.691,0.1,0,0.1,89.97572810473434,0.5,0,1,1.0,0.428
BLANCA ST,DRUMMOND DRIVE,BELMONT AV,NO DATA,599.7,0.301,0.5,1,0.4,1.5464726597195408,0.8,0,1,1.0,0.498
BUTLER ST,52ND AV,49TH AV,VERY POOR,1065.7,0.119,0.95,0,0.95,0.04405851800743221,0.8,0,1,1.0,0.567
BOBOLINK AV,ELLIOTT ST,VIVIAN DRIVE,POOR,341.0,0.506,0.8,0,0.8,127.15973795914925,0.5,0,1,1.0,0.524
39TH AV,LABURNUM ST,CYPRESS ST,POOR,898.5,0.166,0.8,0,0.8,91.35112393549218,0.5,0,1,1.0,0.473
61ST AV,FRASER ST,PRINCE ALBERT ST,VERY POOR,854.9,0.181,0.95,0,0.95,92.2431698170538,0.5,0,1,1.0,0.502
CHURCHILL ST,40TH AV,CONNAUGHT DRIVE,GOOD,302.2,0.546,0.3,0,0.3,20.105677902959997,0.8,0,1,1.0,0.517
40TH AV,CAMOSUN ST,CROWN ST,VERY POOR,1308.4,0.073,0.95,0,0.95,90.40420669899913,0.5,0,1,1.0,0.485
CAROLINA ST,13TH AV,12TH AV,GOOD,1368.8,0.065,0.3,0,0.3,0.7385093945852645,0.8,0,1,1.0,0.444
31ST AV,ST. GEORGE ST,FRASER ST,VERY GOOD,912.6,0.161,0.1,0,0.1,91.96673688110172,0.5,0,1,1.0,0.349
BLENHEIM ST,35TH AV,34TH AV,GOOD,1394.7,0.061,0.3,0,0.3,0.4973472687108824,0.8,0,1,1.0,0.444
COLLINGWOOD ST,34TH AV,33RD AV,VERY GOOD,1504.0,0.049,0.1,0,0.1,0.4756146999316684,0.8,0,1,1.0,0.407
26TH AV,MAIN ST,WATSON ST,GOOD,877.2,0.173,0.3,0,0.3,91.51552253021572,0.5,0,1,1.0,0.386
20TH AV,SOPHIA ST,PRINCE EDWARD ST,POOR,1376.5,0.064,0.8,0,0.8,91.44396508812383,0.5,0,1,1.0,0.457
33RD AV,33RD AV EB TO QE PARK ROAD,QUEEN ELIZABETH PARK ROAD 1,NO DATA,175.6,0.704,0.5,1,0.4,44.74888978222515,0.8,0,1,1.0,0.558
13TH AV,MACDONALD ST,STEPHENS ST,NO DATA,2107.8,0.015,0.5,1,0.4,91.48932621007953,0.5,0,1,1.0,0.379
39TH AV,CYPRESS ST,ANGUS DRIVE,VERY POOR,792.7,0.205,0.95,0,0.95,91.37470272712847,0.5,0,1,1.0,0.505
6TH AV,HEATHER ST,2ND AV / ASH ST,POOR,268.7,0.584,0.8,0,0.8,89.73933197866842,0.5,0,1,1.0,0.536
BIRCH ST,11TH AV,10TH AV,GOOD,216.5,0.649,0.3,0,0.3,1.481710345990109,0.8,0,1,1.0,0.532
63RD AV,FREMLIN ST,LAUREL ST,FAIR,801.0,0.201,0.5,0,0.5,91.39414525038859,0.5,0,1,1.0,0.425
1ST AV,CROWE ST,COOK ST,POOR,97.4,0.823,0.8,0,0.8,53.19086010206826,0.5,0,1,1.0,0.572
61ST AV,PRINCE ALBERT ST,WINDSOR ST,GOOD,794.6,0.204,0.3,0,0.3,91.43901275691621,0.5,0,1,1.0,0.39
43RD AV,WALES ST,RHODES ST,GOOD,711.3,0.241,0.3,0,0.3,89.0543203545576,0.5,0,1,1.0,0.396
BLENHEIM ST,32ND AV,31ST AV,GOOD,1711.1,0.033,0.3,0,0.3,0.404618703511062,0.8,0,1,1.0,0.439
3RD AV,ALMA ST,DUNBAR ST,GOOD,548.6,0.334,0.3,0,0.3,91.52022251670104,0.5,0,1,1.0,0.41
CARTIER ST,45TH AV,43RD AV,VERY POOR,648.3,0.273,0.95,0,0.95,1.3911166610056398,0.8,0,1,1.0,0.59
5TH AV,LILLOOET ST,WINDERMERE ST,VERY POOR,645.3,0.275,0.95,0,0.95,90.4177630994609,0.5,0,1,1.0,0.516
17TH AV,ST. GEORGE ST,CAROLINA ST,VERY POOR,1686.0,0.034,0.95,0,0.95,91.44790442771301,0.5,0,1,1.0,0.479
AVONDALE AV,SOMERSET CRESCENT,CONNAUGHT DRIVE,POOR,312.0,0.536,0.8,0,0.8,58.15359293790982,0.5,0,1,1.0,0.529
21ST AV,ASH ST,TUPPER ST,FAIR,862.3,0.178,0.5,0,0.5,91.53878486461781,0.5,0,1,1.0,0.422
CEDARHURST ST,SW MARINE DRIVE,47TH AV,VERY GOOD,303.8,0.545,0.1,0,0.1,2.8386660270980997,0.8,0,1,1.0,0.481
COLUMBIA ST,23RD AV,22ND AV,FAIR,644.4,0.276,0.5,0,0.5,1.6873275838059953,0.8,0,1,1.0,0.511
4TH AV,BALSAM ST,VINE ST,VERY GOOD,1308.8,0.073,0.1,0,0.1,91.50462803145678,0.5,0,1,1.0,0.335
CAMOSUN ST,12TH AV,11TH AV,VERY POOR,870.7,0.175,0.95,0,0.95,1.5165255667971564,0.8,0,1,1.0,0.576
30TH AV,PRINCE EDWARD ST,ST. GEORGE ST,POOR,790.4,0.206,0.8,0,0.8,89.68818600006136,0.5,0,1,1.0,0.479
BRUCE ST,SOUTH END,41ST AV,VERY GOOD,1514.7,0.048,0.1,0,0.1,1.0106543328333828,0.8,0,1,1.0,0.407
COLLINGWOOD ST,2ND AV,1ST AV,VERY POOR,836.3,0.188,0.95,0,0.95,1.5296382636930161,0.8,0,1,1.0,0.578
24TH AV,WINDERMERE ST,RUPERT ST,GOOD,591.2,0.307,0.3,0,0.3,89.70309058424999,0.5,0,1,1.0,0.406
28TH AV,WINDSOR ST,ELGIN ST,POOR,1722.5,0.032,0.8,0,0.8,90.50603785501079,0.5,0,1,1.0,0.453
CAMPBELL AV,PENDER ST,HASTINGS ST,POOR,549.5,0.333,0.8,0,0.8,1.7938343118438524,0.8,0,1,1.0,0.573
BEATRICE ST,22ND AV,STAINSBURY AV,FAIR,422.7,0.429,0.5,0,0.5,1.2340678870392026,0.8,0,1,1.0,0.535
37TH AV,OSLER ST,OAK ST,FAIR,128.6,0.773,0.5,0,0.5,93.08735015876402,0.5,0,1,1.0,0.511
55TH AV,FRASER ST,PRINCE ALBERT ST,VERY POOR,1274.4,0.078,0.95,0,0.95,91.05646191244733,0.5,0,1,1.0,0.486
13TH AV,PINE ST,FIR ST,POOR,810.6,0.198,0.8,0,0.8,91.52586788015014,0.5,0,1,1.0,0.478
BLAKE ST,CHAMPLAIN CRESCENT,MATHESON CRESCENT,GOOD,461.2,0.398,0.3,0,0.3,41.54029906697093,0.8,0,1,1.0,0.494
20TH AV,CARNARVON ST,MACKENZIE ST,VERY POOR,2278.1,0.011,0.95,0,0.95,90.52091415993499,0.5,0,1,1.0,0.476
25TH AV,VICTORIA DRIVE,SIDNEY ST,FAIR,652.7,0.271,0.5,0,0.5,90.43242018515235,0.5,0,1,1.0,0.436
14TH AV,TRIMBLE ST,DISCOVERY ST,FAIR,1261.5,0.08,0.5,0,0.5,91.4927745907865,0.5,0,1,1.0,0.407
4TH AV,VICTORIA DRIVE,SEMLIN DRIVE,GOOD,841.1,0.186,0.3,0,0.3,90.70869735132908,0.5,0,1,1.0,0.388
CARNARVON ST,14TH AV,13TH AV,VERY POOR,1868.7,0.024,0.95,0,0.95,1.4895651166334005,0.8,0,1,1.0,0.553
2ND AV,TRUTCH ST,BALACLAVA ST,POOR,1268.9,0.079,0.8,0,0.8,91.52777090782013,0.5,0,1,1.0,0.46
23RD AV,CASSIAR ST,SKEENA ST,VERY POOR,592.4,0.306,0.95,0,0.95,89.09016487824101,0.5,0,1,1.0,0.52
27TH AV,CAMBIE ST,YUKON ST,VERY POOR,246.5,0.611,0.95,0,0.95,91.80612156608265,0.5,0,1,1.0,0.566
6TH AV,STEPHENS ST,TRAFALGAR ST,VERY GOOD,1810.2,0.027,0.1,0,0.1,91.35059487468112,0.5,0,1,1.0,0.328
47TH AV,ARGYLE ST,BRUCE ST,GOOD,1773.5,0.029,0.3,0,0.3,91.5041017853365,0.5,0,1,1.0,0.364
51ST AV,BALACLAVA ST,EAST END,GOOD,52.0,0.901,0.3,0,0.3,91.1776004415587,0.5,0,1,1.0,0.495
COLUMBIA ST,63RD AV,62ND AV,VERY GOOD,84.9,0.844,0.1,0,0.1,1.5036362653217452,0.8,0,1,1.0,0.526
8TH AV,WATERLOO ST,BLENHEIM ST,FAIR,1123.1,0.106,0.5,0,0.5,91.50850942747695,0.5,0,1,1.0,0.411
ALDER ST,12TH AV,11TH AV,FAIR,291.5,0.558,0.5,0,0.5,1.4931311459039307,0.8,0,1,1.0,0.554
KILLARNEY ST,42ND AV,41ST AV,POOR,614.8,0.292,0.8,0,0.8,0.05876879947322777,0.8,0,1,1.0,0.567
HUDSON ST,58TH AV,57TH AV,VERY POOR,1550.8,0.045,0.95,0,0.95,1.4436557057238701,0.8,0,1,1.0,0.556
LILLOOET ST,TURNER ST,PENDER ST,VERY GOOD,158.7,0.728,0.1,0,0.1,0.11202546122086687,0.8,0,1,1.0,0.509
CHAMPLAIN CRES,MATHESON CRESCENT,MARQUETTE CRESCENT,VERY GOOD,239.6,0.619,0.1,0,0.1,303.00902657859115,0.5,0,1,1.0,0.418
ADANAC ST,KASLO ST,RENFREW ST,GOOD,466.1,0.394,0.3,0,0.3,90.07304454185305,0.5,0,1,1.0,0.419
49TH AV,BEECHWOOD ST,ARBUTUS ST / WEST BOULEVARD,FAIR,776.8,0.211,0.5,0,0.5,91.2439178442819,0.5,0,1,1.0,0.427
58TH AV,DUMFRIES ST,ARGYLE ST,GOOD,931.8,0.155,0.3,0,0.3,89.6457243855985,0.5,0,1,1.0,0.383
62ND AV,FREMLIN ST,HEATHER ST,GOOD,715.1,0.239,0.3,0,0.3,91.34580501884659,0.5,0,1,1.0,0.396
13TH AV,OAK ST,LAUREL ST,POOR,132.3,0.767,0.8,0,0.8,91.49147863803034,0.5,0,1,1.0,0.563
BIRCH ST,7TH AV,6TH AV,POOR,150.7,0.74,0.8,0,0.8,1.472360203004257,0.8,0,1,1.0,0.634
64TH AV,SW MARINE DRIVE,LABURNUM ST,POOR,352.8,0.494,0.8,0,0.8,59.385852955169184,0.5,0,1,1.0,0.522
54TH AV,KERR ST,MCKINNON ST,GOOD,848.3,0.183,0.3,0,0.3,90.85891091862663,0.5,0,1,1.0,0.387
24TH AV,SKEENA ST,GLENDALE ST,FAIR,497.1,0.37,0.5,0,0.5,89.48932424529039,0.5,0,1,1.0,0.451
ASH ST,22ND AV,21ST AV,VERY GOOD,813.4,0.197,0.1,0,0.1,1.660326746358578,0.8,0,1,1.0,0.429
5TH AV,WATERLOO ST,BLENHEIM ST,FAIR,1017.3,0.131,0.5,0,0.5,91.60645466482902,0.5,0,1,1.0,0.415
CHAMBERS ST,38TH AV,37TH AV,FAIR,167.3,0.716,0.5,0,0.5,0.5446273508698027,0.8,0,1,1.0,0.578
ANZIO DR,MONS DRIVE,22ND AV / SKEENA ST,VERY POOR,702.0,0.246,0.95,0,0.95,135.63261259243143,0.2,0,1,1.0,0.436
BOUNDARY RD,BOUNDARY ROAD,KENT AV NORTH,POOR,155.8,0.732,0.8,0,0.8,350.5022985366585,0.8,0,1,1.0,0.633
39TH AV,ALMA ST,DUNBAR ST,NO DATA,1017.9,0.131,0.5,1,0.4,90.40228169689726,0.5,0,1,1.0,0.397
ANGUS DR,49TH AV,47TH AV,VERY GOOD,1302.0,0.074,0.1,0,0.1,1.4304070541427905,0.8,0,1,1.0,0.41
10TH AV,LAKEWOOD DRIVE,TEMPLETON DRIVE,GOOD,336.4,0.51,0.3,0,0.3,90.70999549745954,0.5,0,1,1.0,0.436
52ND AV,ANGUS DRIVE,WILTSHIRE ST,FAIR,1155.2,0.099,0.5,0,0.5,91.20515435925233,0.5,0,1,1.0,0.41
36TH AV,CYPRESS ST,PINE CRESCENT,POOR,721.9,0.236,0.8,0,0.8,91.42813959119195,0.5,0,1,1.0,0.483
66TH AV,LAUREL ST,HEATHER ST,GOOD,619.4,0.29,0.3,0,0.3,91.58962542057043,0.5,0,1,1.0,0.403
58TH AV,HUDSON ST,OAK ST,FAIR,1202.0,0.09,0.5,0,0.5,90.93324176310568,0.5,0,1,1.0,0.408
7TH AV,MAIN ST,SCOTIA ST,VERY POOR,582.2,0.312,0.95,0,0.95,91.69318036835335,0.5,0,1,1.0,0.521
ADERA ST,59TH AV,58TH AV,VERY GOOD,1157.0,0.099,0.1,0,0.1,1.4129765787839688,0.8,0,1,1.0,0.414
CARRINGTON ST,55TH AV,53RD AV,VERY GOOD,77.1,0.857,0.1,0,0.1,15.586685546438787,0.8,0,1,1.0,0.528
CASSIAR CONNECTOR SB,FRANKLIN ST,PANDORA ST,VERY POOR,503.8,0.365,0.95,0,0.95,353.6041071846747,0.8,0,1,1.0,0.604
57TH AV,GRANVILLE ST,CARTIER ST,VERY POOR,1483.3,0.051,0.95,0,0.95,91.18554616302538,0.5,0,1,1.0,0.482
BLENHEIM ST,2ND AV,POINT GREY ROAD,GOOD,1127.7,0.105,0.3,0,0.3,1.4521785794638618,0.8,0,1,1.0,0.45
2ND AV,4TH AV,3RD AV,GOOD,252.5,0.604,0.3,0,0.3,53.185340428909456,0.5,0,1,1.0,0.451
63RD AV,SOPHIA ST,PRINCE EDWARD ST,POOR,845.6,0.184,0.8,0,0.8,95.38930454147027,0.5,0,1,1.0,0.476
11TH AV,PRINCE ALBERT ST,ST. CATHERINES ST,VERY GOOD,1480.2,0.052,0.1,0,0.1,90.77904600607957,0.5,0,1,1.0,0.332
46TH AV,ALBERTA ST,COLUMBIA ST,GOOD,355.8,0.491,0.3,0,0.3,91.79454138856306,0.5,0,1,1.0,0.434
CARDERO ST,HARO ST,ROBSON ST,POOR,215.9,0.649,0.8,0,0.8,46.827284933666874,0.5,0,1,1.0,0.546
CHILCO ST,BARCLAY ST,HARO ST,VERY GOOD,158.8,0.728,0.1,0,0.1,44.71536833406776,0.8,0,1,1.0,0.509
3RD AV,STEPHENS ST,TRAFALGAR ST,GOOD,1637.3,0.038,0.3,0,0.3,91.47981557940318,0.5,0,1,1.0,0.365
65TH AV,POPLAR ST,FRASER ST,GOOD,599.7,0.301,0.3,0,0.3,90.33040771039623,0.5,0,1,1.0,0.405
BURRARD ST,12TH AV,11TH AV,VERY GOOD,1024.9,0.129,0.1,0,0.1,1.4956503586553822,0.8,0,1,1.0,0.419
7TH AV,COLUMBIA ST,MANITOBA ST,VERY GOOD,567.7,0.321,0.1,0,0.1,91.59699736776707,0.5,0,1,1.0,0.373
34TH AV,LARCH ST,VINE ST,NO DATA,1674.8,0.035,0.5,1,0.4,91.46279647536568,0.5,0,1,1.0,0.382
24TH AV,WINDSOR ST,GLEN DRIVE,FAIR,1540.9,0.046,0.5,0,0.5,91.41916906838958,0.5,0,1,1.0,0.402
45TH AV,GLADSTONE ST,STIRLING ST,VERY POOR,1125.9,0.105,0.95,0,0.95,90.67530772737047,0.5,0,1,1.0,0.49
ALBERNI ST,NICOLA ST,BROUGHTON ST,POOR,218.6,0.646,0.8,0,0.8,134.7890913937939,0.5,0,1,1.0,0.545
37TH AV,HEATHER ST,MANSON ST,GOOD,607.8,0.297,0.3,0,0.3,93.15953875177865,0.5,0,1,1.0,0.404
31ST AV,KNIGHT ST,LANARK ST,VERY GOOD,1563.0,0.044,0.1,0,0.1,91.3911012901645,0.5,0,1,1.0,0.331
15TH AV,ALMA ST,DUNBAR ST,NO DATA,1358.4,0.066,0.5,1,0.4,91.44491445433073,0.5,0,1,1.0,0.387
20TH AV,CLARK DRIVE,KNIGHT ST,FAIR,993.4,0.137,0.5,0,0.5,91.42775259476207,0.5,0,1,1.0,0.415
43RD AV,YEW ST,WEST BOULEVARD,FAIR,1117.1,0.107,0.5,0,0.5,91.46730475169636,0.5,0,1,1.0,0.411
33RD AV,HEATHER ST,CAMBIE ST,VERY POOR,299.3,0.55,0.95,0,0.95,93.29928098809177,0.5,0,1,1.0,0.557
ADANAC ST,PENTICTON ST,SLOCAN ST,FAIR,689.3,0.252,0.5,0,0.5,90.08474378423932,0.5,0,1,1.0,0.433
7TH AV,PRINCE ALBERT ST,ST. CATHERINES ST,FAIR,1229.4,0.086,0.5,0,0.5,90.80664192711953,0.5,0,1,1.0,0.408
1ST AV,PINE ST,FIR ST,GOOD,112.5,0.799,0.3,0,0.3,80.69839134844733,0.5,0,1,1.0,0.48
4TH AV,COLUMBIA ST,MANITOBA ST,FAIR,266.0,0.587,0.5,0,0.5,91.69284182326845,0.5,0,1,1.0,0.483
3RD AV,CASSIAR ST,SKEENA ST,GOOD,286.4,0.564,0.3,0,0.3,89.9941451825166,0.5,0,1,1.0,0.445
37TH AV,COLUMBIA ST,MACKIE ST,FAIR,291.7,0.558,0.5,0,0.5,83.01494906268624,0.5,0,1,1.0,0.479
17TH AV,ASH ST,TUPPER ST,VERY POOR,510.7,0.36,0.95,0,0.95,91.73259408060022,0.5,0,1,1.0,0.529
33RD AV,MARGUERITE ST,CONNAUGHT DRIVE,VERY GOOD,457.0,0.401,0.1,0,0.1,91.39736479100918,0.5,0,1,1.0,0.385
CAMBRIDGE ST,GARDEN DRIVE,NANAIMO ST,GOOD,1192.9,0.092,0.3,0,0.3,90.27574521119618,0.5,0,1,1.0,0.373
55TH AV,BLENHEIM ST,PRESCOTT ST,VERY POOR,135.5,0.763,0.95,0,0.95,91.16646389900251,0.5,0,1,1.0,0.589
BARCLAY ST,LAGOON DRIVE,CHILCO ST,VERY GOOD,106.3,0.808,0.1,0,0.1,136.39722489298617,0.2,0,1,1.0,0.371
CASSIAR ST,DUNDAS ST,OXFORD ST,GOOD,535.0,0.343,0.3,0,0.3,0.22534215144298742,0.8,0,1,1.0,0.486
17TH AV,GARDEN DRIVE,NANAIMO ST,VERY GOOD,220.2,0.644,0.1,0,0.1,90.25210295374467,0.5,0,1,1.0,0.421
18TH AV,LAUREL ST,WILLOW ST,FAIR,507.2,0.363,0.5,0,0.5,91.73359582889344,0.5,0,1,1.0,0.449
47TH AV,PRINCE EDWARD ST,ST. GEORGE ST,POOR,672.6,0.26,0.8,0,0.8,91.50618472881592,0.5,0,1,1.0,0.487
CHARLES ST,WOODLAND DRIVE,COTTON DRIVE,VERY POOR,1063.9,0.119,0.95,0,0.95,90.51546225823245,0.5,0,1,1.0,0.492
3RD AV,KAMLOOPS ST,PENTICTON ST,VERY POOR,664.5,0.265,0.95,0,0.95,90.0572959144422,0.5,0,1,1.0,0.514
16TH AV,DUNBAR ST,COLLINGWOOD ST,FAIR,1523.0,0.048,0.5,0,0.5,91.46021451671174,0.5,0,1,1.0,0.402
COLLINGWOOD ST,28TH AV,27TH AV,VERY POOR,2134.9,0.014,0.95,0,0.95,4.321700345026954,0.8,0,1,1.0,0.551
ALBERTA ST,14TH AV,13TH AV,VERY GOOD,667.8,0.263,0.1,0,0.1,1.5069119854271094,0.8,0,1,1.0,0.439
43RD AV,WILTSHIRE ST,MARGUERITE ST,VERY POOR,842.5,0.185,0.95,0,0.95,91.45571715142546,0.5,0,1,1.0,0.502
61ST AV,MAIN ST,PRINCE EDWARD ST,POOR,642.9,0.276,0.8,0,0.8,91.00114516021318,0.5,0,1,1.0,0.489
51ST AV,VICTORIA DRIVE,GLADSTONE ST,POOR,1457.1,0.054,0.8,0,0.8,91.04813472136209,0.5,0,1,1.0,0.456
59TH AV,MAIN ST,PRINCE EDWARD ST,VERY GOOD,572.1,0.318,0.1,0,0.1,92.14601018808605,0.5,0,1,1.0,0.372
40TH AV,SELKIRK ST,OSLER ST,VERY POOR,436.5,0.418,0.95,0,0.95,93.10261974983666,0.5,0,1,1.0,0.537
28TH AV,ST. CATHERINES ST,WINDSOR ST,VERY POOR,1594.8,0.041,0.95,0,0.95,90.85613195930523,0.5,0,1,1.0,0.48
45TH AV,PRINCE ALBERT ST,ST. CATHERINES ST,GOOD,1390.7,0.062,0.3,0,0.3,91.15842329810118,0.5,0,1,1.0,0.369
5TH AV,SLOCAN ST,KASLO ST,VERY POOR,622.6,0.288,0.95,0,0.95,90.16989505159,0.5,0,1,1.0,0.518
8TH AV,CLARK DRIVE,MCLEAN DRIVE,POOR,1121.2,0.106,0.8,0,0.8,90.74287770675738,0.5,0,1,1.0,0.464
45TH AV,ARGYLE ST,BRUCE ST,GOOD,1682.3,0.035,0.3,0,0.3,89.1645951783986,0.5,0,1,1.0,0.365
CARDERO ST,SOUTHWEST END,PENDRELL ST,POOR,681.6,0.256,0.8,0,0.8,44.7504061997675,0.8,0,1,1.0,0.561
ALMA ST,1ST AV,POINT GREY ROAD,VERY GOOD,559.6,0.327,0.1,0,0.1,1.5237027150033668,0.8,0,1,1.0,0.448
COLLINGWOOD ST,18TH AV,17TH AV,VERY POOR,1658.0,0.036,0.95,0,0.95,0.43420868295731907,0.8,0,1,1.0,0.555
49TH AV,KNIGHT ST,LANARK ST,GOOD,1824.0,0.026,0.3,0,0.3,91.11581150832524,0.5,0,1,1.0,0.363
BEACH AV,THURLOW ST,BURRARD ST 1,POOR,595.4,0.304,0.8,0,0.8,145.92032022940055,0.2,1,1,1.0,0.719
38TH AV,CARTIER ST,HUDSON ST,VERY POOR,131.8,0.768,0.95,0,0.95,93.10100729752224,0.5,0,1,1.0,0.59
60TH AV,KNIGHT ST,BORDEN ST,VERY POOR,733.3,0.231,0.95,0,0.95,90.67556255088914,0.5,0,1,1.0,0.509
BURRARD ST,11TH AV,10TH AV,VERY GOOD,972.6,0.143,0.1,0,0.1,1.5382430829851046,0.8,0,1,1.0,0.421
48TH AV,CAMBIE ST,YUKON ST,GOOD,374.1,0.473,0.3,0,0.3,93.34611798169448,0.5,0,1,1.0,0.431
CHESTNUT ST,CORNWALL AV,GREER AV,GOOD,371.0,0.476,0.3,0,0.3,1.7136384740504695,0.8,0,1,1.0,0.506
ASH ST,28TH AV,27TH AV,FAIR,345.4,0.501,0.5,0,0.5,1.5381292718762438,0.8,0,1,1.0,0.545
BRUCE ST,41ST AV,39TH AV,VERY POOR,1443.0,0.056,0.95,0,0.95,1.1311560867690673,0.8,0,1,1.0,0.558
36TH AV,VINE ST,YEW ST,VERY GOOD,1534.6,0.046,0.1,0,0.1,91.49122820310907,0.5,0,1,1.0,0.331
CARTIER ST,DEVONSHIRE CRESCENT,NANTON AV,POOR,591.2,0.307,0.8,0,0.8,1.7864769575296577,0.8,0,1,1.0,0.569
65TH AV,EAST BOULEVARD,ADERA ST,VERY POOR,642.1,0.277,0.95,0,0.95,91.53980715697065,0.5,0,1,1.0,0.516
58TH AV,OAK ST,LAUREL ST,GOOD,1027.8,0.128,0.3,0,0.3,92.30788196717566,0.5,0,1,1.0,0.379
BEATRICE ST,KENT AV NORTH,ISLAND AV,FAIR,112.1,0.799,0.5,0,0.5,0.6484084617868575,0.8,0,1,1.0,0.59
46TH AV,PRINCE EDWARD ST,ST. GEORGE ST,GOOD,713.9,0.24,0.3,0,0.3,91.52415363358148,0.5,0,1,1.0,0.396
1ST AV,WALLACE ST,HIGHBURY ST,GOOD,295.3,0.554,0.3,0,0.3,91.61112815623022,0.5,0,1,1.0,0.443
6TH AV,TRAFALGAR ST,LARCH ST,VERY GOOD,1685.5,0.034,0.1,0,0.1,90.82942172804314,0.5,0,1,1.0,0.329
62ND AV,KERR ST,MUNROE CRESCENT,FAIR,185.8,0.69,0.5,0,0.5,91.7781276766998,0.5,0,1,1.0,0.499
ADERA ST,57TH AV,54TH AV,FAIR,1269.5,0.079,0.5,0,0.5,1.6458636770384487,0.8,0,1,1.0,0.482
32ND AV,YEW ST,ARBUTUS ST,POOR,1273.3,0.078,0.8,0,0.8,91.67058391291687,0.5,0,1,1.0,0.46
15TH AV,TRIMBLE ST,DISCOVERY ST,VERY POOR,1358.1,0.066,0.95,0,0.95,91.50294656597873,0.5,0,1,1.0,0.484
20TH AV,MARSHALL ST,LAKEWOOD ST,VERY POOR,243.4,0.615,0.95,0,0.95,113.1419605792654,0.5,0,1,1.0,0.567
43RD AV,FLEMING ST,ARGYLE ST,VERY POOR,1705.4,0.033,0.95,0,0.95,91.14530796717003,0.5,0,1,1.0,0.479
61ST AV,BORDEN ST,ARGYLE ST,POOR,647.7,0.274,0.8,0,0.8,91.06457270878576,0.5,0,1,1.0,0.489
10TH AV,CARNARVON ST,KITSILANO DIVERSION,VERY GOOD,1717.4,0.032,0.1,0,0.1,91.4923723641839,0.5,0,1,1.0,0.329
50TH AV,MONTGOMERY ST,OSLER ST,VERY GOOD,1433.7,0.057,0.1,0,0.1,91.34731081320774,0.5,0,1,1.0,0.333
52ND AV,OSLER ST,OAK ST,GOOD,1241.5,0.083,0.3,0,0.3,91.35426572343766,0.5,0,1,1.0,0.372
49TH AV,MACDONALD ST,MARINE CRESCENT,GOOD,334.8,0.512,0.3,0,0.3,91.11927598408977,0.5,0,1,1.0,0.437
CLARK DR,19TH AV,18TH AV,VERY GOOD,1072.5,0.117,0.1,0,0.1,1.6482082481442717,0.8,0,1,1.0,0.417
BALSAM ST,43RD AV,41ST AV,GOOD,1038.4,0.125,0.3,0,0.3,1.4943364925473475,0.8,0,1,1.0,0.453
37TH AV,CROWN ST,WALLACE ST,POOR,1423.2,0.058,0.8,0,0.8,90.57328017406928,0.5,0,1,1.0,0.457
CEDAR CRES,CYPRESS ST,17TH AV,GOOD,1342.3,0.068,0.3,0,0.3,38.536198087393586,0.8,0,1,1.0,0.445
60TH AV,ST. GEORGE ST,FRASER ST,FAIR,1006.9,0.133,0.5,0,0.5,91.67359100516575,0.5,0,1,1.0,0.415
9TH AV,DISCOVERY ST,COURTENAY ST,NO DATA,743.6,0.226,0.5,1,0.4,91.49933038250543,0.5,0,1,1.0,0.411
46TH AV,EAST BOULEVARD,MAPLE ST,FAIR,1021.0,0.13,0.5,0,0.5,91.52411069181727,0.5,0,1,1.0,0.414
21ST AV,KASLO ST,RENFREW ST,VERY POOR,795.1,0.204,0.95,0,0.95,90.45109388535002,0.5,0,1,1.0,0.505
14TH AV,LARCH ST,BALSAM ST,VERY POOR,1945.0,0.02,0.95,0,0.95,91.51252542164593,0.5,0,1,1.0,0.477
ANGUS DR,50TH AV,49TH AV,VERY GOOD,1249.7,0.082,0.1,0,0.1,1.5801170118629102,0.8,0,1,1.0,0.412
48TH AV,CARTIER ST,HUDSON ST,VERY POOR,1158.6,0.099,0.95,0,0.95,93.1896732392317,0.5,0,1,1.0,0.489
BAILLIE ST,41ST AV,39TH AV,GOOD,652.9,0.271,0.3,0,0.3,1.337785583118091,0.8,0,1,1.0,0.475
24TH AV,CAROLINA ST,FRASER ST,FAIR,1474.4,0.052,0.5,0,0.5,91.49936501419631,0.5,0,1,1.0,0.403
COLUMBIA ST,44TH AV,43RD AV,VERY POOR,565.0,0.323,0.95,0,0.95,1.7276018852679158,0.8,0,1,1.0,0.598
37TH AV,SLOCAN ST,CHAMBERS ST,VERY GOOD,166.9,0.716,0.1,0,0.1,90.57487455290897,0.5,0,1,1.0,0.432
8TH AV,OAK ST,LAUREL ST,POOR,258.7,0.596,0.8,0,0.8,91.50046362405112,0.5,0,1,1.0,0.538
ARBUTUS ST,VALLEY DRIVE,NANTON AV,POOR,1329.7,0.07,0.8,0,0.8,1.523105161221224,0.8,0,1,1.0,0.533
13TH AV,PRINCE EDWARD ST,KINGSWAY,VERY POOR,1241.4,0.084,0.95,0,0.95,91.25061028113032,0.5,0,1,1.0,0.487
39TH AV,ROSS ST,SHERBROOKE ST,FAIR,1757.2,0.03,0.5,0,0.5,78.78875145958068,0.5,0,1,1.0,0.399
37TH AV,BALSAM ST,VINE ST,VERY GOOD,1632.4,0.038,0.1,0,0.1,91.48451803326344,0.5,0,1,1.0,0.33
57TH AV,ADERA ST,GRANVILLE ST,POOR,1269.8,0.079,0.8,0,0.8,91.22354571952172,0.5,0,1,1.0,0.46
29TH AV,CAMOSUN ST,CROWN ST,FAIR,2257.2,0.011,0.5,0,0.5,90.97802224394525,0.5,0,1,1.0,0.396
13TH AV,COLLINGWOOD ST,WATERLOO ST,NO DATA,1337.2,0.069,0.5,1,0.4,91.61936844449485,0.5,0,1,1.0,0.388
47TH AV,LABURNUM ST,CYPRESS ST,POOR,1226.8,0.086,0.8,0,0.8,91.59411213010048,0.5,0,1,1.0,0.461
ARGYLE ST,34TH AV,33RD AV,VERY GOOD,1508.7,0.049,0.1,0,0.1,1.4191162933557848,0.8,0,1,1.0,0.407
37TH AV,TRAFALGAR ST,ELM ST,FAIR,1572.3,0.043,0.5,0,0.5,93.59402167052082,0.5,0,1,1.0,0.401
16TH AV,PINE ST,FIR ST,VERY GOOD,1029.9,0.127,0.1,0,0.1,91.50844379465974,0.5,0,1,1.0,0.343
BLANCA ST,6TH AV,5TH AV,GOOD,997.2,0.136,0.3,0,0.3,1.5352899867664291,0.8,0,1,1.0,0.455
49TH AV,WINDSOR ST,ELGIN ST,FAIR,1525.0,0.047,0.5,0,0.5,91.14735772953912,0.5,0,1,1.0,0.402
64TH AV,LAUREL ST,HEATHER ST,VERY POOR,641.7,0.277,0.95,0,0.95,91.41555719653473,0.5,0,1,1.0,0.516
56TH AV,FRASER ST,PRINCE ALBERT ST,GOOD,1299.9,0.074,0.3,0,0.3,91.64732584212771,0.5,0,1,1.0,0.371
47TH AV,LARCH ST,BALSAM ST,VERY GOOD,614.0,0.293,0.1,0,0.1,91.45541162799123,0.5,0,1,1.0,0.368
ARBUTUS ST,21ST AV,20TH AV,VERY GOOD,1841.8,0.025,0.1,0,0.1,1.5079150692636745,0.8,0,1,1.0,0.403
13TH AV,STEPHENS ST,TRAFALGAR ST,NO DATA,2138.7,0.014,0.5,1,0.4,91.48930106848883,0.5,0,1,1.0,0.379
50TH AV,WALES ST,VIVIAN ST,POOR,1109.1,0.109,0.8,0,0.8,91.9810193068339,0.5,0,1,1.0,0.464
7TH AV,COLLINGWOOD ST,WATERLOO ST,FAIR,950.3,0.149,0.5,0,0.5,91.52032910435844,0.5,0,1,1.0,0.417
53RD AV,CARNARVON ST,MACDONALD ST,VERY POOR,89.7,0.836,0.95,0,0.95,91.09208461107085,0.5,0,1,1.0,0.6
36TH AV,VICTORIA DRIVE,GLADSTONE ST,POOR,826.3,0.192,0.8,0,0.8,90.46951573369142,0.5,0,1,1.0,0.477
71ST AV,WEST END,ASH ST,GOOD,353.0,0.494,0.3,0,0.3,92.19447472912225,0.5,0,1,1.0,0.434
48TH AV,BLENHEIM ST,BALACLAVA ST,VERY GOOD,115.6,0.794,0.1,0,0.1,91.14607490151991,0.5,0,1,1.0,0.444
34TH AV,NANAIMO ST,HIGHGATE ST,FAIR,524.2,0.351,0.5,0,0.5,90.53042439499876,0.5,0,1,1.0,0.448
BROUGHTON ST,BURNABY ST,DAVIE ST,POOR,470.3,0.39,0.8,0,0.8,44.8095822196845,0.8,0,1,1.0,0.582
CARTIER ST,40TH AV,39TH AV,NO DATA,227.3,0.635,0.5,1,0.4,1.379442844332118,0.8,0,1,1.0,0.548
37TH AV,CULLODEN ST,KNIGHT ST,POOR,1906.3,0.022,0.8,0,0.8,91.29893321943592,0.5,0,1,1.0,0.451
57TH AV,FLEMING ST,ARGYLE DRIVE,POOR,1034.0,0.126,0.8,0,0.8,96.03396459103334,0.5,0,1,1.0,0.467
29TH AV,CULLODEN ST,HENRY ST,POOR,1560.4,0.044,0.8,0,0.8,90.72633756904685,0.5,0,1,1.0,0.454
BLENHEIM ST,43RD AV,42ND AV,VERY GOOD,555.1,0.33,0.1,0,0.1,0.20496898873216196,0.8,0,1,1.0,0.449
CLIVE AV,MCHARDY ST,SOUTHEAST END,VERY POOR,713.0,0.24,0.95,0,0.95,121.96122218517633,0.5,0,1,1.0,0.51
26TH AV,WINDSOR ST,GLEN DRIVE,VERY POOR,1606.4,0.04,0.95,0,0.95,90.95613687372315,0.5,0,1,1.0,0.48
38TH AV,NANAIMO ST,CLARENDON ST,FAIR,394.1,0.455,0.5,0,0.5,90.49432458011728,0.5,0,1,1.0,0.463
6TH AV,4TH AV,ALDER CROSSING,FAIR,199.2,0.671,0.5,0,0.5,94.78271895230057,0.5,0,1,1.0,0.496
2ND AV,MAPLE ST,CYPRESS ST,FAIR,589.5,0.308,0.5,0,0.5,91.50230331787338,0.5,0,1,1.0,0.441
63RD AV,BUSCOMBE ST,ST. GEORGE ST,FAIR,842.0,0.186,0.5,0,0.5,94.59695661602166,0.5,0,1,1.0,0.423
51ST AV,GLADSTONE ST,NANAIMO ST,FAIR,1292.7,0.075,0.5,0,0.5,91.04269983386638,0.5,0,1,1.0,0.406
CASSIAR ST,CHARLES ST,WILLIAM ST,VERY GOOD,97.6,0.823,0.1,0,0.1,0.5774409427442038,0.8,0,1,1.0,0.523
37TH AV,KNIGHT ST,LANARK ST,VERY GOOD,1806.5,0.027,0.1,0,0.1,90.91752092026593,0.5,0,1,1.0,0.328
59TH AV,ADERA ST,GRANVILLE ST,VERY GOOD,1157.1,0.099,0.1,0,0.1,97.38991311261458,0.5,0,1,1.0,0.339
BIDWELL ST,HARO ST,ROBSON ST,VERY POOR,207.3,0.661,0.95,0,0.95,44.79864302436806,0.8,0,1,1.0,0.649
CLARK DR,17TH AV,15TH AV,GOOD,1042.6,0.124,0.3,0,0.3,1.4080067308777302,0.8,0,1,1.0,0.453
BALFOUR AV,GRANVILLE ST,CARTIER ST,VERY POOR,1211.2,0.089,0.95,0,0.95,85.43171622375252,0.5,0,1,1.0,0.488
51ST AV,CLARENDON ST,ELLIOTT ST,VERY GOOD,1074.1,0.117,0.1,0,0.1,90.64232460277867,0.5,0,1,1.0,0.342
28TH AV,BLENHEIM ST,BALACLAVA ST,VERY POOR,2132.4,0.014,0.95,0,0.95,90.47450598728727,0.5,0,1,1.0,0.476
6TH AV,BLANCA ST,TOLMIE ST,NO DATA,1074.8,0.117,0.5,1,0.4,91.53143687421004,0.5,0,1,1.0,0.395
29TH AV,NANAIMO ST,KAMLOOPS ST,GOOD,819.7,0.194,0.3,0,0.3,90.09183823505703,0.5,0,1,1.0,0.389
14TH AV,MAIN ST,WATSON ST,NO DATA,1268.5,0.079,0.5,1,0.4,91.85567540674629,0.5,0,1,1.0,0.389
72ND AV,HUDSON ST,SELKIRK ST,FAIR,571.7,0.319,0.5,0,0.5,91.31516628937169,0.5,0,1,1.0,0.443
48TH AV,VIVIAN ST,RALEIGH ST,GOOD,1292.8,0.075,0.3,0,0.3,90.8629657251825,0.5,0,1,1.0,0.371
62ND AV,63RD AV,KINROSS ST,FAIR,253.4,0.602,0.5,0,0.5,97.93312353908863,0.5,0,1,1.0,0.486
BROUGHTON ST,PENDER ST,NORTHEAST END,GOOD,167.0,0.716,0.3,0,0.3,44.819581479644114,0.8,0,1,1.0,0.542
12TH AV,ASH ST,CAMBIE ST,POOR,332.0,0.515,0.8,0,0.8,91.50382775344724,0.5,0,1,1.0,0.525
54TH AV,ANGUS DRIVE,WILTSHIRE ST,FAIR,1052.9,0.122,0.5,0,0.5,91.23751543450368,0.5,0,1,1.0,0.413
ALBERTA ST,42ND AV,41ST AV,FAIR,812.6,0.197,0.5,0,0.5,1.6274149401385216,0.8,0,1,1.0,0.5
24TH AV,PUGET DRIVE,MACKENZIE ST,POOR,2642.1,0.005,0.8,0,0.8,90.52185855696808,0.5,0,1,1.0,0.449
CONNAUGHT DR,37TH AV,36TH AV,VERY POOR,358.5,0.488,0.95,0,0.95,345.37816672492403,0.8,0,1,1.0,0.623
3RD AV,PENTICTON ST,SLOCAN ST,VERY POOR,703.9,0.245,0.95,0,0.95,90.1384097522544,0.5,0,1,1.0,0.511
37TH AV,KERSLAND DRIVE,ALBERTA ST,FAIR,468.8,0.392,0.5,0,0.5,96.94300443531961,0.5,0,1,1.0,0.454
53RD AV,WEST END,TISDALL ST,FAIR,666.0,0.264,0.5,0,0.5,76.69730168752466,0.5,0,1,1.0,0.435
15TH AV,QUEBEC ST,WATSON ST,VERY POOR,1255.0,0.081,0.95,0,0.95,90.85019190021876,0.5,0,1,1.0,0.486
61ST AV,KNIGHT ST,BORDEN ST,POOR,638.7,0.279,0.8,0,0.8,90.69905347866421,0.5,0,1,1.0,0.49
28TH AV,LILLOOET ST,WINDERMERE ST,POOR,540.6,0.339,0.8,0,0.8,90.73971111412658,0.5,0,1,1.0,0.499
39TH AV,ARGYLE ST,BRUCE ST,GOOD,1443.2,0.056,0.3,0,0.3,91.02717981916925,0.5,0,1,1.0,0.368
54TH AV,WILTSHIRE ST,MARGUERITE ST,POOR,1150.1,0.1,0.8,0,0.8,91.20238182394894,0.5,0,1,1.0,0.463
ADANAC ST,WINDERMERE ST,RUPERT ST,POOR,506.8,0.363,0.8,0,0.8,90.07743707156277,0.5,0,1,1.0,0.502
6TH AV,SCOTIA ST,BRUNSWICK ST,POOR,530.5,0.346,0.8,0,0.8,91.69786834918307,0.5,0,1,1.0,0.5
35TH AV,BLENHEIM ST,BALACLAVA ST,GOOD,1395.1,0.061,0.3,0,0.3,90.47471852089518,0.5,0,1,1.0,0.369
16TH AV,BLANCA ST,TOLMIE ST,POOR,1740.0,0.031,0.8,0,0.8,91.50032537584275,0.5,0,1,1.0,0.452
ARBUTUS ST,CREELMAN AV,WHYTE AV,POOR,505.6,0.364,0.8,0,0.8,26.809533837685194,0.8,0,1,1.0,0.578
CARTIER ST,62ND AV,PARK DRIVE,VERY GOOD,1284.9,0.077,0.1,0,0.1,1.391271305461089,0.8,0,1,1.0,0.411
8TH AV,BURRARD ST,PINE ST,VERY GOOD,705.4,0.244,0.1,0,0.1,91.52710255174816,0.5,0,1,1.0,0.361
67TH AV,SELKIRK ST,OSLER ST,VERY GOOD,1089.9,0.113,0.1,0,0.1,91.42312735294524,0.5,0,1,1.0,0.341
15TH AV,HIGHBURY ST,ALMA ST,VERY GOOD,1308.7,0.073,0.1,0,0.1,91.44953320888487,0.5,0,1,1.0,0.335
47TH AV,ST. CATHERINES ST,WINDSOR ST,VERY POOR,1443.4,0.056,0.95,0,0.95,91.2046130906478,0.5,0,1,1.0,0.483
CAMBRIDGE ST,KASLO ST,RENFREW ST,FAIR,288.8,0.561,0.5,0,0.5,90.12330674827581,0.5,0,1,1.0,0.479
29TH AV,PINE CRESCENT,ANGUS DRIVE,POOR,833.2,0.189,0.8,0,0.8,91.52092972429534,0.5,0,1,1.0,0.476
35TH AV,ANGUS DRIVE,MARGUERITE ST,VERY POOR,544.4,0.337,0.95,0,0.95,91.45676932301939,0.5,0,1,1.0,0.525
2ND AV,GREAT NORTHERN WAY,5TH AV / PRINCE EDWARD ST,VERY GOOD,528.2,0.348,0.1,0,0.1,149.3177318746542,0.2,0,1,1.0,0.302
20TH AV,YEW ST,ARBUTUS ST,POOR,1866.1,0.024,0.8,0,0.8,91.5128744003049,0.5,0,1,1.0,0.451
43RD AV,CYPRESS ST,ANGUS DRIVE,NO DATA,995.5,0.137,0.5,1,0.4,91.43735219117997,0.5,0,1,1.0,0.398
CHAMPLAIN CRES,BLAKE ST,ARLINGTON ST,FAIR,461.1,0.398,0.5,0,0.5,340.48303060342636,0.8,0,1,1.0,0.53
13TH AV,BLANCA ST,TOLMIE ST,GOOD,1494.0,0.05,0.3,0,0.3,91.53888438983137,0.5,0,1,1.0,0.367
6TH AV,CAROLINA ST,FRASER ST,POOR,941.6,0.152,0.8,0,0.8,90.77217869283373,0.5,0,1,1.0,0.471
59TH AV,SELKIRK ST,OSLER ST,VERY GOOD,1319.4,0.071,0.1,0,0.1,92.45188119854095,0.5,0,1,1.0,0.335
COLUMBIA ST,4TH AV,3RD AV,GOOD,197.9,0.673,0.3,0,0.3,0.28166547297104216,0.8,0,1,1.0,0.536
37TH AV,ST. CATHERINES ST,SOMERVILLE ST,VERY GOOD,1395.6,0.061,0.1,0,0.1,91.11706112499365,0.5,0,1,1.0,0.333
16TH AV,HEATHER ST,ASH ST,VERY POOR,349.6,0.497,0.95,0,0.95,91.70811351060678,0.5,0,1,1.0,0.549
12TH AV,CYPRESS ST,BURRARD ST,VERY GOOD,1060.0,0.12,0.1,0,0.1,91.54387019745099,0.5,0,1,1.0,0.342
4TH AV,BLENHEIM ST,TRUTCH ST,GOOD,1140.9,0.102,0.3,0,0.3,91.47729261543799,0.5,0,1,1.0,0.375
15TH AV,BLANCA ST,TOLMIE ST,POOR,1650.1,0.037,0.8,0,0.8,91.50068268212425,0.5,0,1,1.0,0.453
33RD AV,ELGIN ST,ROSS ST,FAIR,1619.2,0.039,0.5,0,0.5,90.63931986290936,0.5,0,1,1.0,0.401
BROUGHTON ST,HARO ST,ROBSON ST,FAIR,375.8,0.472,0.5,0,0.5,44.7530826843136,0.8,0,1,1.0,0.541
10TH AV,CLARK DRIVE,WOODLAND DRIVE,NO DATA,886.1,0.17,0.5,1,0.4,90.7437673928975,0.5,0,1,1.0,0.403
CARTIER ST,53RD AV,DOGWOOD AV,GOOD,1639.6,0.038,0.3,0,0.3,1.6003773174035132,0.8,0,1,1.0,0.44
2ND AV,RENFREW ST,NOOTKA ST,FAIR,862.0,0.178,0.5,0,0.5,90.3453406069608,0.5,0,1,1.0,0.422
31ST AV,ST. CATHERINES ST,WINDSOR ST,VERY POOR,1478.8,0.052,0.95,0,0.95,90.7271463462364,0.5,0,1,1.0,0.482
BLENHEIM ST,53RD AV,51ST AV,VERY POOR,259.6,0.595,0.95,0,0.95,1.1790832266393636,0.8,0,1,1.0,0.639
58TH AV,PRINCE ALBERT ST,WINDSOR ST,GOOD,1072.2,0.117,0.3,0,0.3,91.20343912600629,0.5,0,1,1.0,0.377
ARBUTUS ST,11TH AV,10TH AV,GOOD,1284.1,0.077,0.3,0,0.3,1.4990748807601904,0.8,0,1,1.0,0.446
54TH AV,FRASER ST,ROSS ST,VERY POOR,1240.5,0.084,0.95,0,0.95,91.3903681302665,0.5,0,1,1.0,0.487
ADANAC ST,VERNON DRIVE,CLARK DRIVE,VERY GOOD,653.4,0.271,0.1,0,0.1,91.49704567217736,0.5,0,1,1.0,0.365
52ND AV,KERR ST,MCKINNON ST,FAIR,1032.9,0.127,0.5,0,0.5,90.71119589602267,0.5,0,1,1.0,0.414
7TH AV,BURRARD ST,PINE ST,GOOD,625.1,0.286,0.3,0,0.3,91.52907838347039,0.5,0,1,1.0,0.403
CARNARVON ST,36TH AV,35TH AV,FAIR,1383.6,0.063,0.5,0,0.5,0.35627586262853583,0.8,0,1,1.0,0.479
21ST AV,ST. CATHERINES ST,WINDSOR ST,FAIR,1559.1,0.044,0.5,0,0.5,91.4261662809729,0.5,0,1,1.0,0.401
BEECHWOOD ST,54TH AV,53RD AV,POOR,508.8,0.361,0.8,0,0.8,1.4318980273922648,0.8,0,1,1.0,0.577
44TH AV,GLADSTONE ST,STIRLING ST,GOOD,1046.1,0.123,0.3,0,0.3,90.73706242045182,0.5,0,1,1.0,0.378
8TH AV,LARCH ST,BALSAM ST,GOOD,1598.1,0.041,0.3,0,0.3,91.5128172075618,0.5,0,1,1.0,0.366
25TH AV,SLOCAN ST,KASLO ST,FAIR,1120.0,0.106,0.5,0,0.5,90.45217833644142,0.5,0,1,1.0,0.411
CARNARVON ST,20TH AV,19TH AV,POOR,2203.4,0.012,0.8,0,0.8,0.5222121687468757,0.8,0,1,1.0,0.525
48TH AV,DUNBAR ST,COLLINGWOOD ST,POOR,158.8,0.728,0.8,0,0.8,90.67280835491363,0.5,0,1,1.0,0.557
CHESTER ST,43RD AV,41ST AV,VERY POOR,1375.3,0.064,0.95,0,0.95,0.2231525344078591,0.8,0,1,1.0,0.559
40TH AV,VICTORIA DRIVE,GLADSTONE ST,POOR,924.1,0.158,0.8,0,0.8,90.45601886304439,0.5,0,1,1.0,0.472
2ND AV,SASAMAT ST,TRIMBLE ST,GOOD,534.9,0.343,0.3,0,0.3,91.53902541035234,0.5,0,1,1.0,0.411
17TH AV,FRASER ST,PRINCE ALBERT ST,FAIR,1752.8,0.03,0.5,0,0.5,91.41597282031421,0.5,0,1,1.0,0.399
14TH AV,WINDSOR ST,GLEN DRIVE,VERY GOOD,1317.7,0.072,0.1,0,0.1,90.74860469480836,0.5,0,1,1.0,0.335
34TH AV,HIGHBURY ST,DUNBAR ST,NO DATA,1545.6,0.045,0.5,1,0.4,90.4991582017808,0.5,0,1,1.0,0.384
23RD AV,MANITOBA ST,ONTARIO ST,VERY POOR,716.3,0.239,0.95,0,0.95,91.72419154668819,0.5,0,1,1.0,0.51
51ST AV,BALSAM ST,VINE ST,VERY GOOD,350.1,0.497,0.1,0,0.1,91.25027235539977,0.5,0,1,1.0,0.399
15TH AV,CARNARVON ST,MACKENZIE ST,NO DATA,1988.6,0.019,0.5,1,0.4,91.49207241733683,0.5,0,1,1.0,0.38
BLANCA ST,9TH AV,8TH AV,POOR,1241.7,0.083,0.8,0,0.8,1.4856083654501049,0.8,0,1,1.0,0.535
12TH AV,TRUTCH ST,BALACLAVA ST,GOOD,1580.9,0.042,0.3,0,0.3,91.4840037311211,0.5,0,1,1.0,0.366
39TH AV,FLEMING ST,ARGYLE ST,VERY GOOD,1541.6,0.046,0.1,0,0.1,91.1724068345548,0.5,0,1,1.0,0.331
49TH AV,DUNBAR ST,COLLINGWOOD ST,GOOD,151.4,0.739,0.3,0,0.3,90.75064347642376,0.5,0,1,1.0,0.471
34TH AV,VICTORIA DRIVE,GLADSTONE ST,POOR,837.8,0.187,0.8,0,0.8,90.53066112822222,0.5,0,1,1.0,0.476
40TH AV,ST. CATHERINES ST,WINDSOR ST,VERY GOOD,1488.3,0.051,0.1,0,0.1,91.11019229570161,0.5,0,1,1.0,0.332
CARNARVON ST,33RD AV,32ND AV,FAIR,1681.5,0.035,0.5,0,0.5,0.5096689725709211,0.8,0,1,1.0,0.475
24TH AV,MACKENZIE ST,MACDONALD ST,VERY POOR,2550.9,0.006,0.95,0,0.95,90.52217381614975,0.5,0,1,1.0,0.475
30TH AV,MACDONALD ST,TRAFALGAR ST,VERY GOOD,2109.7,0.015,0.1,0,0.1,102.17994031444101,0.5,0,1,1.0,0.326
27TH AV,OSLER ST,OAK ST,VERY POOR,759.8,0.219,0.95,0,0.95,91.49883889702585,0.5,0,1,1.0,0.507
10TH AV,ST. CATHERINES ST,WINDSOR ST,FAIR,1524.8,0.047,0.5,0,0.5,90.77087792775399,0.5,0,1,1.0,0.402
ALBERNI ST,DENMAN ST,BIDWELL ST,GOOD,104.5,0.811,0.3,0,0.3,134.80910519757697,0.5,0,1,1.0,0.482
COLLINGWOOD ST,47TH AV,SW MARINE DRIVE,POOR,211.0,0.656,0.8,0,0.8,0.7805178062949949,0.8,0,1,1.0,0.622
6TH AV,LILLOOET ST,WINDERMERE ST,VERY POOR,542.3,0.338,0.95,0,0.95,90.33141473750459,0.5,0,1,1.0,0.525
BALSAM ST,1ST AV,YORK AV,VERY GOOD,1196.5,0.091,0.1,0,0.1,1.4853065414765751,0.8,0,1,1.0,0.413
20TH AV,KASLO ST,RENFREW ST,FAIR,707.4,0.243,0.5,0,0.5,90.42607288260882,0.5,0,1,1.0,0.431
CEDAR COTTAGE MEWS,PAVEMENT CHANGE,KING EDWARD AV,FAIR,1063.6,0.119,0.5,0,0.5,133.79688993333218,0.5,0,1,1.0,0.413
54TH AV,CARTIER ST,HUDSON ST,FAIR,1709.3,0.033,0.5,0,0.5,91.35253900759761,0.5,0,1,1.0,0.4
6TH AV,GRANVILLE ST,HEMLOCK ST,VERY POOR,343.2,0.503,0.95,0,0.95,91.47249937799188,0.5,0,1,1.0,0.55
47TH AV,CYPRESS ST,ANGUS DRIVE,VERY GOOD,1301.7,0.074,0.1,0,0.1,91.22567458740906,0.5,0,1,1.0,0.335
CLARK DR,23RD AV,KINGSWAY,VERY GOOD,1180.5,0.094,0.1,0,0.1,5.889628245924769,0.8,0,1,1.0,0.413
61ST AV,ST. GEORGE ST,FRASER ST,POOR,921.4,0.158,0.8,0,0.8,91.79851324155538,0.5,0,1,1.0,0.472
11TH AV,FIR ST,GRANVILLE ST,GOOD,543.8,0.337,0.3,0,0.3,91.53853087180096,0.5,0,1,1.0,0.41
51ST AV,KERR ST,MCKINNON ST,GOOD,1123.8,0.106,0.3,0,0.3,92.16217007223065,0.5,0,1,1.0,0.375
59TH AV,ROSS ST,SHERBROOKE ST,GOOD,920.6,0.159,0.3,0,0.3,90.57544202354671,0.5,0,1,1.0,0.383
CHESTNUT ST,YORK AV,NORTH END,NO DATA,486.5,0.378,0.5,1,0.4,1.6906436654584809,0.8,0,1,1.0,0.509
33RD AV,COMMERCIAL ST,BEATRICE ST,FAIR,1188.8,0.093,0.5,0,0.5,91.14788362891557,0.5,0,1,1.0,0.409
3RD AV,FIR ST,ANDERSON ST / GRANVILLE ST 2,VERY GOOD,128.8,0.773,0.1,0,0.1,87.50921610121782,0.5,1,1,1.0,0.741
CAMBIE ST,CORDOVA ST,NORTH END,GOOD,400.8,0.449,0.3,0,0.3,15.69158124075949,0.8,0,1,1.0,0.502
ARBUTUS ST,18TH AV,16TH AV,GOOD,1691.1,0.034,0.3,0,0.3,1.511919848678474,0.8,0,1,1.0,0.44
50TH AV,MACDONALD ST,MARINE CRESCENT,VERY GOOD,231.5,0.629,0.1,0,0.1,109.36788197546127,0.5,0,1,1.0,0.419
15TH AV,ALBERTA ST,COLUMBIA ST,FAIR,798.8,0.202,0.5,0,0.5,94.22525640510958,0.5,0,1,1.0,0.425
56TH AV,RUPERT ST,LANCASTER PLACE,FAIR,566.9,0.322,0.5,0,0.5,92.56883353448632,0.5,0,1,1.0,0.443
COLLINGWOOD ST,48TH AV,47TH AV,VERY POOR,158.4,0.729,0.95,0,0.95,2.243541545458129,0.8,0,1,1.0,0.659
ASHBURN ST,BONNYVALE AV,UPLAND DRIVE,VERY POOR,713.1,0.24,0.95,0,0.95,24.901734646374223,0.8,0,1,1.0,0.585
6TH AV,WILLOW ST,HEATHER ST,FAIR,178.4,0.7,0.5,0,0.5,91.50313476421366,0.5,0,1,1.0,0.5
46TH AV,QUEBEC ST,MAIN ST,GOOD,377.3,0.47,0.3,0,0.3,91.77394341465106,0.5,0,1,1.0,0.43
47TH AV,KIRKLAND ST,BOUNDARY ROAD,GOOD,1632.2,0.038,0.3,0,0.3,90.22186979490925,0.5,0,1,1.0,0.365
COLUMBIA ST,45TH AV,44TH AV,GOOD,464.7,0.395,0.3,0,0.3,359.8185918027467,0.8,0,1,1.0,0.494
40TH AV,CAMBIE ST,ALBERTA ST,VERY POOR,734.3,0.23,0.95,0,0.95,93.46693380025386,0.5,0,1,1.0,0.509
1ST AV,COLUMBIA ST,MANITOBA ST,VERY POOR,38.6,0.926,0.95,0,0.95,91.67905929165465,0.5,0,1,1.0,0.614
26TH AV,ST. CATHERINES ST,WINDSOR ST,GOOD,1711.9,0.033,0.3,0,0.3,91.0030168277184,0.5,0,1,1.0,0.364
ASH ST,KING EDWARD AV,23RD AV,VERY GOOD,568.6,0.321,0.1,0,0.1,1.3905529424976635,0.8,0,1,1.0,0.448
ADERA ST,66TH AV,65TH AV,VERY GOOD,700.2,0.246,0.1,0,0.1,1.5212949564476048,0.8,0,1,1.0,0.436
ASH ST,71ST AV,70TH AV,VERY GOOD,352.6,0.494,0.1,0,0.1,2.3315965251585453,0.8,0,1,1.0,0.474
COLUMBIA ST,17TH AV,16TH AV,VERY POOR,949.9,0.15,0.95,0,0.95,1.8651367018891847,0.8,0,1,1.0,0.572
33RD AV,DUNBAR ST,COLLINGWOOD ST,VERY POOR,1609.0,0.04,0.95,0,0.95,90.39651408539106,0.5,0,1,1.0,0.48
8TH AV,SLOCAN ST,KASLO ST,POOR,445.7,0.41,0.8,0,0.8,90.27240240982388,0.5,0,1,1.0,0.51
ANGUS DR,64TH AV,63RD AV,VERY GOOD,581.0,0.313,0.1,0,0.1,1.5668978408073144,0.8,0,1,1.0,0.446
7TH AV,CAMBIE ST,YUKON ST,GOOD,279.3,0.572,0.3,0,0.3,94.33040151359353,0.5,0,1,1.0,0.446
34TH AV,BALACLAVA ST,CARNARVON ST,VERY GOOD,1528.3,0.047,0.1,0,0.1,90.467492230949,0.5,0,1,1.0,0.331
45TH AV,CHURCHILL ST,GRANVILLE ST,VERY GOOD,867.3,0.176,0.1,0,0.1,91.45367263053481,0.5,0,1,1.0,0.351
47TH AV,KERR ST,DOMAN ST,FAIR,1303.5,0.074,0.5,0,0.5,90.46941847826076,0.5,0,1,1.0,0.406
54TH AV,CHURCHILL ST,GRANVILLE ST,FAIR,1492.3,0.051,0.5,0,0.5,91.21421471839267,0.5,0,1,1.0,0.402
CHAMPLAIN CRES,MAQUINNA DRIVE,BLAKE ST,VERY GOOD,383.6,0.464,0.1,0,0.1,331.0184043055317,0.8,0,1,1.0,0.469
BURRARD ST,DUNSMUIR ST,PENDER ST,FAIR,232.4,0.628,0.5,0,0.5,44.81375851880455,0.8,0,1,1.0,0.565
51ST AV,DAWSON ST,RALEIGH ST,VERY GOOD,985.3,0.139,0.1,0,0.1,70.23458587195194,0.5,0,1,1.0,0.345
49TH AV,WALES ST,VIVIAN ST,POOR,1220.3,0.087,0.8,0,0.8,90.73126865699874,0.5,0,1,1.0,0.461
CARDERO ST,HASTINGS ST,COAL HARBOUR QUAY,FAIR,12.4,0.976,0.5,0,0.5,44.75235727918124,0.8,0,1,1.0,0.617
2ND AV,WALLACE ST,WALLACE ST,VERY POOR,184.8,0.691,0.95,0,0.95,90.68575176392295,0.5,0,1,1.0,0.578
32ND AV,CROWN ST,WALLACE ST,FAIR,1884.6,0.023,0.5,0,0.5,90.55594809225823,0.5,0,1,1.0,0.398
15TH AV,VINE ST,YEW ST,GOOD,1783.0,0.028,0.3,0,0.3,91.51295164663298,0.5,0,1,1.0,0.364
43RD AV,INVERNESS ST,CULLODEN ST,VERY POOR,2006.6,0.018,0.95,0,0.95,96.78408130015254,0.5,0,1,1.0,0.477
47TH AV,ELGIN ST,ROSS ST,FAIR,1691.3,0.034,0.5,0,0.5,91.15905549543095,0.5,0,1,1.0,0.4
33RD AV,ROSS ST,SHERBROOKE ST,POOR,1700.0,0.033,0.8,0,0.8,90.62177928601193,0.5,0,1,1.0,0.453
29TH AV,HENRY ST,KNIGHT ST,VERY GOOD,1495.8,0.05,0.1,0,0.1,90.69841714166353,0.5,0,1,1.0,0.332
29TH AV,GLADSTONE ST,EAST END,VERY POOR,1042.6,0.124,0.95,0,0.95,90.19716488209986,0.5,0,1,1.0,0.493
3RD AV,CYPRESS ST,BURRARD ST,POOR,458.6,0.4,0.8,0,0.8,91.53649022912793,0.5,0,1,1.0,0.508
ADERA ST,45TH AV,43RD AV,VERY POOR,780.6,0.21,0.95,0,0.95,1.4940145469781783,0.8,0,1,1.0,0.581
CAMBRIDGE ST,FELLOWES ST,KOOTENAY ST,FAIR,618.9,0.29,0.5,0,0.5,90.04465502884523,0.5,0,1,1.0,0.439
18TH AV,WELWYN ST,COMMERCIAL DRIVE / VICTORIA DIVERSION,POOR,386.8,0.461,0.8,0,0.8,85.82198040838722,0.5,0,1,1.0,0.517
CARRALL ST,ALEXANDER ST / POWELL ST,WATER ST,NO DATA,402.0,0.448,0.5,1,0.4,314.7200437928986,0.5,0,1,1.0,0.445
15TH AV,KINGSWAY TO E 15TH AV,KINGSWAY,POOR,1553.3,0.045,0.8,0,0.8,93.70506473268262,0.5,0,1,1.0,0.455
24TH AV,CASSIAR ST,SKEENA ST,POOR,493.1,0.373,0.8,0,0.8,89.0028504643895,0.5,0,1,1.0,0.504
38TH AV,CROWN ST,WALLACE ST,VERY POOR,1332.7,0.07,0.95,0,0.95,90.43841568453672,0.5,0,1,1.0,0.485
22ND AV,BALSAM ST,VINE ST,FAIR,2046.7,0.017,0.5,0,0.5,91.51148169670961,0.5,0,1,1.0,0.397
ANGUS DR,47TH AV,45TH AV,VERY GOOD,1140.2,0.102,0.1,0,0.1,1.4813011700945822,0.8,0,1,1.0,0.415
49TH AV,FLEMING ST,ARGYLE ST,VERY POOR,1829.9,0.026,0.95,0,0.95,90.94020355177793,0.5,0,1,1.0,0.478
17TH AV,INVERNESS ST,CLARK DRIVE,FAIR,1053.5,0.122,0.5,0,0.5,91.4097414391814,0.5,0,1,1.0,0.413
COLUMBIA ST,48TH AV,47TH AV,POOR,159.9,0.726,0.8,0,0.8,359.2019200855216,0.8,0,1,1.0,0.632
40TH AV,COLLINGWOOD ST,BLENHEIM ST,FAIR,860.4,0.179,0.5,0,0.5,90.48496823748638,0.5,0,1,1.0,0.422
33RD AV,ST. CATHERINES ST,SOMERVILLE ST,POOR,1377.0,0.064,0.8,0,0.8,90.64668146442244,0.5,0,1,1.0,0.457
26TH AV,ASH ST,CAMBIE ST,FAIR,366.5,0.48,0.5,0,0.5,91.60694262174707,0.5,0,1,1.0,0.467
CEDARHURST ST,47TH AV,45TH AV,VERY GOOD,506.6,0.363,0.1,0,0.1,0.590596858872857,0.8,0,1,1.0,0.454
BIRCH ST,8TH AV,7TH AV,POOR,106.9,0.808,0.8,0,0.8,1.4663687876347922,0.8,0,1,1.0,0.645
63RD AV,ONTARIO ST,MAIN ST,POOR,526.9,0.349,0.8,0,0.8,91.42885792486379,0.5,0,1,1.0,0.5
45TH AV,ELGIN ST,ROSS ST,FAIR,1676.0,0.035,0.5,0,0.5,89.49496789218279,0.5,0,1,1.0,0.4
62ND AV,MANITOBA ST,ONTARIO ST,POOR,313.5,0.534,0.8,0,0.8,90.89392581462079,0.5,0,1,1.0,0.528
7TH AV,VINE ST,YEW ST,VERY POOR,1247.4,0.083,0.95,0,0.95,91.48395325157776,0.5,0,1,1.0,0.487
35TH AV,CHESTER ST,PRINCE ALBERT ST,VERY GOOD,1204.9,0.09,0.1,0,0.1,91.18570900432036,0.5,0,1,1.0,0.338
61ST AV,ASH ST,CAMBIE ST,VERY POOR,288.0,0.562,0.95,0,0.95,92.53312149597048,0.5,0,1,1.0,0.559
8TH AV,VICTORIA DRIVE,SEMLIN DRIVE,FAIR,639.3,0.278,0.5,0,0.5,90.62949067922858,0.5,0,1,1.0,0.437
COLUMBIA ST,47TH AV,46TH AV,GOOD,257.2,0.598,0.3,0,0.3,359.2022434347998,0.8,0,1,1.0,0.525
18TH AV,HIGHBURY ST,DUNBAR ST,VERY POOR,1573.1,0.043,0.95,0,0.95,90.46787672757375,0.5,0,1,1.0,0.481
31ST AV,CROWN ST,WALLACE ST,FAIR,1981.3,0.019,0.5,0,0.5,90.3892731236345,0.5,0,1,1.0,0.398
BEECHWOOD ST,53RD AV,51ST AV,VERY POOR,529.1,0.347,0.95,0,0.95,1.4727617270822293,0.8,0,1,1.0,0.602
71ST AV,FREMLIN ST,LAUREL ST,VERY GOOD,518.8,0.354,0.1,0,0.1,91.32606557341938,0.5,0,1,1.0,0.378
CHILCO ST,SOUTHWEST END,ALBERNI ST,POOR,50.6,0.904,0.8,0,0.8,44.724418086752564,0.8,0,1,1.0,0.659
49TH AV,LANCASTER ST,KERR ST,VERY POOR,1270.9,0.079,0.95,0,0.95,89.94966144396494,0.5,0,1,1.0,0.486
8TH AV,PRINCE ALBERT ST,ST. CATHERINES ST,POOR,1288.6,0.076,0.8,0,0.8,90.78619605567059,0.5,0,1,1.0,0.459
AVERY AV,SW MARINE DRIVE,EAST END,VERY GOOD,464.5,0.395,0.1,0,0.1,93.90561785798593,0.5,0,1,1.0,0.384
43RD AV,MONTGOMERY ST,OAK ST,VERY POOR,746.7,0.225,0.95,0,0.95,93.08868785779009,0.5,0,1,1.0,0.508
COMMERCIAL ST,53RD AV,52ND AV,VERY GOOD,1505.9,0.049,0.1,0,0.1,1.2934920821263063,0.8,0,1,1.0,0.407
10TH AV,CAMBIE ST,YUKON ST,POOR,252.9,0.603,0.8,0,0.8,91.4864020343993,0.5,0,1,1.0,0.539
3RD AV,GARDEN DRIVE,NANAIMO ST,VERY GOOD,679.9,0.257,0.1,0,0.1,90.70951333831863,0.5,0,1,1.0,0.363
13TH AV,YEW ST,ARBUTUS ST,NO DATA,1515.3,0.048,0.5,1,0.4,91.48488783070661,0.5,0,1,1.0,0.384
54TH AV,GRANVILLE ST,CARTIER ST,VERY POOR,1623.2,0.039,0.95,0,0.95,91.35279041672345,0.5,0,1,1.0,0.48
ADANAC ST,VICTORIA DRIVE,SEMLIN DRIVE,VERY GOOD,1615.9,0.039,0.1,0,0.1,90.7108553755956,0.5,0,1,1.0,0.33
19TH AV,CLARK DRIVE,KNIGHT ST,GOOD,962.3,0.146,0.3,0,0.3,91.42774854519087,0.5,0,1,1.0,0.382
55TH AV,PRESCOTT ST,BALACLAVA ST,VERY POOR,33.1,0.936,0.95,0,0.95,91.00287581593113,0.5,0,1,1.0,0.615
1ST AV,CYPRESS ST,BURRARD ST,NO DATA,409.0,0.441,0.5,1,0.4,91.50632196062475,0.5,0,1,1.0,0.444
BALACLAVA ST,2ND AV,POINT GREY ROAD,GOOD,1409.0,0.06,0.3,0,0.3,1.5102641720309293,0.8,0,1,1.0,0.444
COLUMBIA ST,3RD AV,2ND AV,GOOD,130.7,0.77,0.3,0,0.3,0.26308483406086225,0.8,0,1,1.0,0.551
37TH AV,PRINCE ALBERT ST,ST. CATHERINES ST,GOOD,1316.0,0.072,0.3,0,0.3,91.01595775758034,0.5,0,1,1.0,0.37
61ST AV,FREMLIN ST,HEATHER ST,POOR,756.4,0.22,0.8,0,0.8,91.36914422057714,0.5,0,1,1.0,0.481
21ST AV,HIGHBURY ST,DUNBAR ST,POOR,1867.1,0.024,0.8,0,0.8,90.47734297417924,0.5,0,1,1.0,0.451
43RD AV,RUPERT ST,LANCASTER ST,VERY GOOD,902.4,0.165,0.1,0,0.1,90.68023251251333,0.5,0,1,1.0,0.349
CARTIER ST,PARK DRIVE,59TH AV,GOOD,1422.2,0.058,0.3,0,0.3,1.4089127511913375,0.8,0,1,1.0,0.443
16TH AV,LARCH ST,BALSAM ST,FAIR,2088.9,0.015,0.5,0,0.5,91.4953224605311,0.5,0,1,1.0,0.397
53RD AV,PRINCE EDWARD ST,ST. GEORGE ST,VERY GOOD,745.5,0.225,0.1,0,0.1,91.41766955905337,0.5,0,1,1.0,0.358
43RD AV,ARGYLE ST,COMMERCIAL ST,FAIR,1498.0,0.05,0.5,0,0.5,91.01529176296174,0.5,0,1,1.0,0.402
CAMBIE ST,PENDER ST,HASTINGS ST,VERY GOOD,184.7,0.691,0.1,0,0.1,15.607831433006368,0.8,0,1,1.0,0.503
BELLEVUE DR,2ND AV,3RD AV,GOOD,799.3,0.202,0.3,0,0.3,143.37956448826333,0.2,0,1,1.0,0.315
7TH AV,DUNBAR ST,COLLINGWOOD ST,FAIR,829.7,0.19,0.5,0,0.5,91.52428801837192,0.5,0,1,1.0,0.424
48TH AV,BALACLAVA ST,SW MARINE DRIVE,VERY GOOD,303.4,0.545,0.1,0,0.1,81.96312912978277,0.5,0,1,1.0,0.406
37TH AV,MAIN ST,SOPHIA ST,GOOD,357.3,0.489,0.3,0,0.3,91.72567115027698,0.5,0,1,1.0,0.433
18TH AV,DUMFRIES ST,FLEMING ST,VERY GOOD,587.0,0.309,0.1,0,0.1,91.37314879915198,0.5,0,1,1.0,0.371
29TH AV,OSLER ST,OAK ST,VERY POOR,560.8,0.326,0.95,0,0.95,91.54258499735954,0.5,0,1,1.0,0.523
COLLINGWOOD ST,40TH AV,MAYFAIR AV,POOR,872.0,0.175,0.8,0,0.8,0.49054148484390225,0.8,0,1,1.0,0.549
COMMERCIAL DR,16TH AV,14TH AV,FAIR,460.0,0.399,0.5,0,0.5,358.45481896082345,0.8,0,1,1.0,0.53
CELTIC AV,CARRINGTON ST,BLENHEIM ST,POOR,65.4,0.877,0.8,0,0.8,103.27359655282737,0.5,0,1,1.0,0.58
22ND AV,BALFOUR AV / OAK ST,LAUREL ST,POOR,917.7,0.16,0.8,0,0.8,91.71331906445755,0.5,0,1,1.0,0.472
51ST AV,COMMERCIAL ST,VICTORIA DRIVE,GOOD,1656.3,0.036,0.3,0,0.3,91.16388396270048,0.5,0,1,1.0,0.365
CONNAUGHT DR,34TH AV / ROXBURGH CRESCENT,33RD AV,GOOD,450.6,0.406,0.3,0,0.3,1.4079279414082748,0.8,0,1,1.0,0.496
BLENHEIM ST,31ST AV,30TH AV,GOOD,1815.9,0.026,0.3,0,0.3,0.5001029198741662,0.8,0,1,1.0,0.439
COLLINGWOOD ST,19TH AV,18TH AV,VERY POOR,1738.2,0.031,0.95,0,0.95,0.49234959789191635,0.8,0,1,1.0,0.554
3RD AV,LILLOOET ST,WINDERMERE ST,VERY POOR,572.4,0.318,0.95,0,0.95,90.38827524231635,0.5,0,1,1.0,0.522
53RD AV,BEATRICE ST,VICTORIA DRIVE,GOOD,1541.0,0.046,0.3,0,0.3,91.01371029994982,0.5,0,1,1.0,0.366
49TH AV,CULLODEN ST,KNIGHT ST,GOOD,1829.5,0.026,0.3,0,0.3,91.13430139021324,0.5,0,1,1.0,0.363
15TH AV,SASAMAT ST,TRIMBLE ST,VERY POOR,1429.5,0.057,0.95,0,0.95,91.50313903279232,0.5,0,1,1.0,0.483
62ND AV,CAMBIE ST,YUKON ST,GOOD,110.6,0.802,0.3,0,0.3,91.46302909528367,0.5,0,1,1.0,0.48
33RD AV,NARVAEZ DRIVE,YEW ST,VERY POOR,1539.2,0.046,0.95,0,0.95,91.65526155945838,0.5,0,1,1.0,0.481
29TH AV,WALLACE ST,HIGHBURY ST,VERY GOOD,2110.6,0.015,0.1,0,0.1,90.52100019074078,0.5,0,1,1.0,0.326
BRIDGEWAY,SOUTH OF MCGILL OP,NORTH OF MCGILL OP,FAIR,214.5,0.651,0.5,0,0.5,359.5360071122607,0.8,0,1,1.0,0.568
13TH AV,LAUREL ST,WILLOW ST,VERY POOR,26.7,0.948,0.95,0,0.95,91.49197115364814,0.5,0,1,1.0,0.617
52ND AV,HEATHER ST,NEAL ST,VERY GOOD,795.7,0.204,0.1,0,0.1,85.32096666572517,0.5,0,1,1.0,0.355
54TH AV,NANAIMO ST,BERKELEY ST,POOR,992.1,0.137,0.8,0,0.8,90.51909959146445,0.5,0,1,1.0,0.468
CLARENDON ST,39TH AV,38TH AV,FAIR,394.2,0.455,0.5,0,0.5,0.34086323199835533,0.8,0,1,1.0,0.538
35TH AV,QUEBEC ST,MAIN ST,VERY POOR,164.5,0.72,0.95,0,0.95,91.77388037527413,0.5,0,1,1.0,0.583
43RD AV,BALACLAVA ST,CARNARVON ST,GOOD,624.6,0.287,0.3,0,0.3,90.33225948468288,0.5,0,1,1.0,0.403
LAUREL ST,26TH AV,KING EDWARD AV,FAIR,846.1,0.184,0.5,0,0.5,1.5129809774949194,0.8,0,1,1.0,0.498
13TH AV,COMMERCIAL DRIVE,VICTORIA DRIVE,GOOD,251.2,0.605,0.3,0,0.3,90.71572592879465,0.5,0,1,1.0,0.451
HAMILTON ST,DAVIE ST,HELMCKEN ST,VERY POOR,233.1,0.627,0.95,0,0.95,44.79472696560424,0.8,0,1,1.0,0.644
MAIN ST,39TH AV,38TH AV,POOR,421.4,0.43,0.8,0,0.8,358.73365667444517,0.8,0,1,1.0,0.588
DUNKIRK ST,27TH AV,26TH AV,GOOD,2250.5,0.011,0.3,0,0.3,0.5151265630863122,0.8,0,1,1.0,0.436
HEATLEY AV,CORDOVA ST,POWELL ST,VERY POOR,708.0,0.243,0.95,0,0.95,1.7078386473275486,0.8,0,1,1.0,0.586
MARGUERITE ST,47TH AV,45TH AV,VERY POOR,1009.7,0.133,0.95,0,0.95,1.4885804729735241,0.8,0,1,1.0,0.569
MANITOBA ST,63RD AV,62ND AV,GOOD,278.6,0.573,0.3,0,0.3,1.3888132171048255,0.8,0,1,1.0,0.521
EAST BLVD,44TH AV,43RD AV,FAIR,1176.7,0.095,0.5,0,0.5,1.4713374659365286,0.8,0,1,1.0,0.484
HELMCKEN ST,BURRARD ST,HORNBY ST,GOOD,129.8,0.771,0.3,0,0.3,134.7613152257453,0.5,0,1,1.0,0.476
KERR ST,52ND AV,51ST AV,FAIR,1032.2,0.127,0.5,0,0.5,2.0415966522382973,0.8,0,1,1.0,0.489
LARCH ST,43RD AV,41ST AV,GOOD,1009.0,0.133,0.3,0,0.3,1.480817194544727,0.8,0,1,1.0,0.455
KINGS AV,PICTON ST,SOUTHEAST END,POOR,793.8,0.204,0.8,0,0.8,122.16484433442446,0.5,0,1,1.0,0.479
LILLOOET ST,19TH AV,18TH AV,GOOD,492.6,0.373,0.3,0,0.3,0.1352306915733834,0.8,0,1,1.0,0.491
HURST PL,SOUTHWEST END,FRONTENAC ST / HURST AV,FAIR,893.9,0.167,0.5,0,0.5,51.37518621924238,0.5,0,1,1.0,0.42
GEORGIA ST,SALSBURY DRIVE,VICTORIA DRIVE,POOR,1440.1,0.056,0.8,0,0.8,93.11325084126031,0.5,0,1,1.0,0.456
HEATHER ST,SW MARINE DRIVE,70TH AV,GOOD,500.1,0.368,0.3,0,0.3,355.5772196970817,0.8,0,1,1.0,0.49
LARCH ST,8TH AV,7TH AV,VERY GOOD,1721.7,0.032,0.1,0,0.1,1.5163561392466818,0.8,0,1,1.0,0.404
FRONTENAC ST,SOUTH END,47TH AV,GOOD,1422.5,0.058,0.3,0,0.3,1.044753596428734,0.8,0,1,1.0,0.443
HUDSON ST,48TH AV,47TH AV,POOR,1075.9,0.116,0.8,0,0.8,1.38192424233074,0.8,0,1,1.0,0.54
HASTINGS ST,THURLOW ST,BURRARD ST,GOOD,199.1,0.671,0.3,0,0.3,114.2665237630307,0.5,0,1,1.0,0.461
MAPLE ST,14TH AV,13TH AV,POOR,1414.7,0.059,0.8,0,0.8,1.5036559035977461,0.8,0,1,1.0,0.532
JASPER CRES,60TH AV,59TH AV,GOOD,796.7,0.203,0.3,0,0.3,15.526447479948786,0.8,0,1,1.0,0.465
DUMFRIES ST,59TH AV,58TH AV,FAIR,835.0,0.188,0.5,0,0.5,0.7772355313239245,0.8,0,1,1.0,0.498
LILLOOET ST,PARKER ST,VENABLES ST,VERY GOOD,578.8,0.314,0.1,0,0.1,359.36183836908305,0.8,0,1,1.0,0.447
CROWE ST,2ND AV,1ST AV,POOR,232.8,0.628,0.8,0,0.8,323.1853030529783,0.8,0,1,1.0,0.617
KOOTENAY ST,TURNER ST,PENDER ST,VERY POOR,629.1,0.284,0.95,0,0.95,0.11463733505831897,0.8,0,1,1.0,0.592
MAIN ST,21ST AV,20TH AV,VERY POOR,1186.1,0.093,0.95,0,0.95,1.3750067321575443,0.8,0,1,1.0,0.563
MAPLE ST,41ST AV,39TH AV,FAIR,1100.6,0.111,0.5,0,0.5,1.4625903704005623,0.8,0,1,1.0,0.487
HEATLEY AV,KEEFER ST,PENDER ST,GOOD,402.9,0.447,0.3,0,0.3,358.3237900100131,0.8,0,1,1.0,0.502
HULL ST,20TH AV,19TH AV,VERY POOR,148.4,0.743,0.95,0,0.95,23.100314252442672,0.8,0,1,1.0,0.661
CROWN ST,20TH AV,19TH AV,VERY GOOD,1624.7,0.039,0.1,0,0.1,0.4996793145261904,0.8,0,1,1.0,0.405
LABURNUM ST,63RD AV,62ND AV,GOOD,494.9,0.372,0.3,0,0.3,1.4658632796195548,0.8,0,1,1.0,0.491
MAIN ST,36TH AV,35TH AV,VERY POOR,301.2,0.548,0.95,0,0.95,1.7299741931855692,0.8,0,1,1.0,0.632
DISCOVERY ST,12TH AV,11TH AV,GOOD,974.7,0.142,0.3,0,0.3,1.4836692352506589,0.8,0,1,1.0,0.456
ELGIN ST,47TH AV,47TH AV,NO DATA,1640.4,0.038,0.5,1,0.4,358.4175363307569,0.8,0,1,1.0,0.458
GLEN DR,19TH AV,18TH AV,VERY POOR,1347.7,0.068,0.95,0,0.95,1.351499274143805,0.8,0,1,1.0,0.559
INVERNESS ST,61ST AV,60TH AV,VERY GOOD,699.9,0.247,0.1,0,0.1,0.7000197308033762,0.8,0,1,1.0,0.436
JOHN ST,28TH AV,26TH AV,VERY POOR,923.6,0.158,0.95,0,0.95,2.1690480486758474,0.8,0,1,1.0,0.573
LOCARNO CRES,3RD AV,DISCOVERY ST,GOOD,393.2,0.455,0.3,0,0.3,126.8045806617294,0.5,0,1,1.0,0.428
LAKEWOOD DR,PARKER ST,VENABLES ST,FAIR,1528.8,0.047,0.5,0,0.5,0.7694921770071801,0.8,0,1,1.0,0.477
MAPLE ST,6TH AV,5TH AV,GOOD,852.6,0.182,0.3,0,0.3,359.8119224182096,0.8,0,1,1.0,0.462
MAPLE ST,46TH AV,45TH AV,VERY GOOD,1189.7,0.093,0.1,0,0.1,1.4762907720760836,0.8,0,1,1.0,0.413
CYPRESS ST,CREELMAN AV,WHYTE AV,VERY GOOD,243.8,0.614,0.1,0,0.1,1.5212641109986862,0.8,0,1,1.0,0.492
LATTA ST,45TH AV,44TH AV,VERY POOR,1426.5,0.058,0.95,0,0.95,359.9071492241441,0.8,0,1,1.0,0.558
EUCLID AV,SLOCAN ST,DUCHESS ST,VERY POOR,541.4,0.339,0.95,0,0.95,122.54635969052254,0.5,0,1,1.0,0.525
MAIN ST,WOODSTOCK AV,40TH AV,POOR,583.5,0.311,0.8,0,0.8,358.75222863394407,0.8,0,1,1.0,0.57
GLADSTONE ST,24TH AV,STAINSBURY AV / VANNESS AV,POOR,494.5,0.372,0.8,0,0.8,1.1897936556222817,0.8,0,1,1.0,0.579
INVERNESS ST,62ND AV,61ST AV,VERY POOR,609.2,0.296,0.95,0,0.95,0.6727625782254449,0.8,0,1,1.0,0.594
EVELEIGH ST,THURLOW ST,SOUTHEAST END,FAIR,131.2,0.769,0.5,0,0.5,134.32316246990166,0.5,0,1,1.0,0.511
KERR ST,41ST AV,SCHOOL AV,VERY POOR,837.9,0.187,0.95,0,0.95,359.84212164033875,0.8,0,1,1.0,0.577
KERR ST,49TH AV,48TH AV,VERY POOR,1309.1,0.073,0.95,0,0.95,2.0729231396453542,0.8,0,1,1.0,0.56
KASLO ST,5TH AV,4TH AV,VERY POOR,759.6,0.219,0.95,0,0.95,0.5252524226127093,0.8,0,1,1.0,0.582
DUNBAR ST,13TH AV,12TH AV,NO DATA,1171.8,0.096,0.5,1,0.4,1.4801783171652119,0.8,0,1,1.0,0.467
MAPLE ST,18TH AV,17TH AV,VERY POOR,1614.0,0.04,0.95,0,0.95,1.4911997022268793,0.8,0,1,1.0,0.555
DUCHESS ST,EUCLID AV,NORTHEAST END,FAIR,541.4,0.339,0.5,0,0.5,32.21975662658468,0.8,0,1,1.0,0.521
FRASER ST,SE MARINE DRIVE,65TH AV,POOR,518.1,0.355,0.8,0,0.8,1.293313762600576,0.8,0,1,1.0,0.576
GEORGIA ST,WINDERMERE ST,RUPERT ST,VERY POOR,428.4,0.425,0.95,0,0.95,90.08696380172279,0.5,0,1,1.0,0.538
KENT AV S,SHAUGHNESSY ST,LAUREL ST,VERY POOR,199.3,0.671,0.95,0,0.95,70.49683147930511,0.5,0,1,1.0,0.575
HORLEY ST,FAIRMONT ST,KILLARNEY ST,GOOD,459.9,0.399,0.3,0,0.3,121.52213383292235,0.5,0,1,1.0,0.42
MARPOLE AV,PINE CRESCENT,FIR ST,VERY POOR,1102.6,0.11,0.95,0,0.95,81.98539223373706,0.5,0,1,1.0,0.491
KAMLOOPS ST,NAPIER ST,PARKER ST,FAIR,1109.3,0.109,0.5,0,0.5,0.07479610492026723,0.8,0,1,1.0,0.486
CROWN ST,34TH AV,33RD AV,FAIR,1797.9,0.027,0.5,0,0.5,0.7356726706210566,0.8,0,1,1.0,0.474
MARGUERITE ST,54TH AV,52ND AV,NO DATA,1258.9,0.081,0.5,1,0.4,1.5621809351563343,0.8,0,1,1.0,0.464
KING EDWARD AV,PINE CRESCENT,ANGUS DRIVE,VERY GOOD,1178.6,0.095,0.1,0,0.1,91.47647298182767,0.5,0,1,1.0,0.339
JOYCE ST,CHURCH ST,CHERRY ST,POOR,1049.8,0.123,0.8,0,0.8,32.8571426713213,0.8,0,1,1.0,0.541
MAIN ST,33RD AV,32ND AV,FAIR,332.9,0.514,0.5,0,0.5,1.8008923861096378,0.8,0,1,1.0,0.547
DUNLEVY AV,POWELL ST,ALEXANDER ST,VERY POOR,662.6,0.266,0.95,0,0.95,1.3844262329197363,0.8,0,1,1.0,0.589
MACDONALD ST,SOUTH END,53RD AV,FAIR,89.4,0.836,0.5,0,0.5,358.7884211483264,0.8,0,1,1.0,0.596
LANCASTER ST,54TH AV,52ND AV,GOOD,793.0,0.205,0.3,0,0.3,2.016693269639177,0.8,0,1,1.0,0.465
ELGIN ST,28TH AV,27TH AV,VERY POOR,1720.8,0.032,0.95,0,0.95,0.7697746173960809,0.8,0,1,1.0,0.554
GLEN DR,17TH AV,15TH AV,POOR,1323.6,0.071,0.8,0,0.8,1.488341908048426,0.8,0,1,1.0,0.533
FRANKLIN ST,WOODLAND DRIVE,COMMERCIAL DRIVE,GOOD,1321.6,0.071,0.3,0,0.3,91.17928140091328,0.5,0,1,1.0,0.37
DUNSMUIR ST,HAMILTON ST,HOMER ST,FAIR,125.8,0.778,0.5,0,0.5,314.7758205515418,0.5,0,1,1.0,0.512
KERSLAND DR,35TH AV,33RD AV,POOR,214.4,0.651,0.8,0,0.8,323.96452217174146,0.8,0,1,1.0,0.621
DAVIE ST,DENMAN ST,BIDWELL ST,VERY GOOD,733.7,0.231,0.1,0,0.1,134.799743350747,0.5,0,1,1.0,0.359
KING EDWARD AV,LANARK ST,DUMFRIES ST,VERY POOR,1041.9,0.124,0.95,0,0.95,91.16429440501702,0.5,0,1,1.0,0.493
KING EDWARD AV,BALACLAVA ST,QUESNEL DRIVE,NO DATA,2476.3,0.007,0.5,1,0.4,90.4306893412022,0.5,0,1,1.0,0.378
JERICHO CIRCLE,3RD AV,DISCOVERY ST,VERY POOR,363.9,0.483,0.95,0,0.95,128.14920250632775,0.5,0,1,1.0,0.547
CYPRESS ST,14TH AV,13TH AV,GOOD,1259.1,0.081,0.3,0,0.3,1.5101737171900709,0.8,0,1,1.0,0.447
HEATLEY AV,PRIOR ST,UNION ST,POOR,109.6,0.803,0.8,0,0.8,1.772043014977669,0.8,0,1,1.0,0.644
HAMILTON ST,NELSON ST,NORTHEAST END,NO DATA,257.8,0.597,0.5,1,0.4,44.8169698569356,0.8,0,1,1.0,0.542
DUNBAR ST,28TH AV,27TH AV,GOOD,2164.5,0.013,0.3,0,0.3,0.5045891283969013,0.8,0,1,1.0,0.437
FIR ST,4TH AV,3RD AV,POOR,210.8,0.656,0.8,0,0.8,1.4814163588459337,0.8,1,1,1.0,0.922
LAMEYS MILL RD,HEMLOCK COURT,FOUNTAIN WAY COURT,GOOD,157.8,0.729,0.3,0,0.3,124.01744592454577,0.5,0,1,1.0,0.469
INDUSTRIAL AV,STATION ST,EAST END,NO DATA,280.4,0.571,0.5,1,0.4,104.52091483043921,0.5,0,1,1.0,0.463
HIGHBURY ST,3RD AV,2ND AV,VERY GOOD,405.2,0.445,0.1,0,0.1,1.6485093162639828,0.8,0,1,1.0,0.466
MANOR ST,WELLINGTON AV,29TH AV,POOR,559.9,0.326,0.8,0,0.8,29.96388331006068,0.8,0,1,1.0,0.572
ETON ST,WALL ST,TEMPLETON DRIVE,VERY POOR,1422.5,0.058,0.95,0,0.95,96.84503937347279,0.5,0,1,1.0,0.483
KAMLOOPS ST,ETON ST,MCGILL ST,VERY POOR,1057.2,0.121,0.95,0,0.95,0.26710834159524666,0.8,0,1,1.0,0.567
COTTRELL ST,SOUTH END,TERMINAL AV EB ACCESS,POOR,672.3,0.261,0.8,0,0.8,14.518088290376113,0.8,0,1,1.0,0.562
CORDOVA ST,BUTE ST,THURLOW ST,VERY GOOD,143.6,0.75,0.1,0,0.1,114.53240479187104,0.5,0,1,1.0,0.437
DENMAN ST,BEACH AV,DAVIE ST,VERY GOOD,733.6,0.231,0.1,0,0.1,44.75567711973383,0.8,0,1,1.0,0.434
GLADSTONE ST,49TH AV,48TH AV,FAIR,1513.1,0.048,0.5,0,0.5,1.2134697112754225,0.8,0,1,1.0,0.477
HUDSON ST,43RD AV,41ST AV,FAIR,472.4,0.389,0.5,0,0.5,1.3986806529118212,0.8,0,1,1.0,0.528
CROWN ST,32ND AV,31ST AV,VERY GOOD,1977.7,0.019,0.1,0,0.1,0.48080130367759466,0.8,0,1,1.0,0.402
MAIN ST,PRIOR ST,UNION ST,FAIR,307.4,0.541,0.5,0,0.5,1.526834316173165,0.8,0,1,1.0,0.551
KERR ST,59TH AV,58TH AV,VERY GOOD,465.7,0.394,0.1,0,0.1,1.7916487807710837,0.8,0,1,1.0,0.459
CYPRESS ST,3RD AV,2ND AV,VERY GOOD,590.0,0.307,0.1,0,0.1,1.4975170709006989,0.8,0,1,1.0,0.446
GRANDVIEW HWY N,NANAIMO ST,KAMLOOPS ST,VERY GOOD,337.9,0.509,0.1,0,0.1,102.09816268344343,0.5,0,1,1.0,0.401
LAKEWOOD DR,1ST AV,GRAVELEY ST,GOOD,995.8,0.136,0.3,0,0.3,0.7750082988649183,0.8,0,1,1.0,0.455
CORNWALL AV,LABURNUM ST,MAPLE ST,VERY POOR,600.1,0.301,0.95,0,0.95,91.49142957787075,0.5,0,1,1.0,0.52
MACDONALD ST,21ST AV,20TH AV,POOR,2536.1,0.006,0.8,0,0.8,0.9664232632442804,0.8,0,1,1.0,0.524
MANITOBA ST,47TH AV,46TH AV,VERY POOR,264.4,0.589,0.95,0,0.95,1.5459735098714305,0.8,0,1,1.0,0.638
FRASER ST,31ST AV,30TH AV,VERY GOOD,1176.7,0.095,0.1,0,0.1,1.0313267121914578,0.8,0,1,1.0,0.414
MACDONALD ST,SW MARINE DRIVE,50TH AV,VERY GOOD,174.6,0.705,0.1,0,0.1,23.25687812703825,0.8,0,1,1.0,0.506
FREMLIN ST,44TH AV,NORTH END,VERY GOOD,736.1,0.229,0.1,0,0.1,1.3801785653813,0.8,0,1,1.0,0.434
FREMLIN ST,46TH AV,45TH AV,VERY GOOD,990.4,0.138,0.1,0,0.1,1.3760495353618012,0.8,0,1,1.0,0.42
LILLOOET ST,CHARLES ST,PARKER ST,POOR,618.7,0.29,0.8,0,0.8,0.5679939479649079,0.8,0,1,1.0,0.567
CYPRESS ST,BROADWAY,8TH AV,GOOD,891.4,0.168,0.3,0,0.3,1.5472850704747998,0.8,0,1,1.0,0.46
CREELMAN AV,MAPLE ST,WALNUT ST,FAIR,373.7,0.474,0.5,0,0.5,91.52619769523847,0.5,0,1,1.0,0.466
KAMLOOPS ST,GRAVELEY ST,GRANT ST,GOOD,981.2,0.141,0.3,0,0.3,0.2290156848628726,0.8,0,1,1.0,0.456
DURWARD AV,PRINCE ALBERT ST,ST. CATHERINES ST,VERY POOR,1301.6,0.074,0.95,0,0.95,90.66935436484721,0.5,0,1,1.0,0.485
MAQUINNA DR,STIKINE PLACE,CHAMPLAIN CRESCENT,GOOD,328.2,0.519,0.3,0,0.3,75.29356471929555,0.5,0,1,1.0,0.438
KING EDWARD AV,ARBUTUS ST,MAPLE CRESCENT,VERY GOOD,1550.5,0.045,0.1,0,0.1,121.6211005100165,0.5,0,1,1.0,0.331
JOYCE ST,EUCLID AV,CROWLEY DRIVE,FAIR,787.2,0.207,0.5,0,0.5,32.74220321435524,0.8,0,1,1.0,0.501
HAMILTON ST,GEORGIA ST,DUNSMUIR ST,POOR,31.1,0.94,0.8,0,0.8,44.76034484395274,0.8,0,1,1.0,0.664
DUNBAR ST,4TH AV,3RD AV,FAIR,698.7,0.247,0.5,0,0.5,1.0013410726391498,0.8,0,1,1.0,0.507
KILLARNEY ST,56TH AV,54TH AV,POOR,576.2,0.316,0.8,0,0.8,12.03277508809282,0.8,0,1,1.0,0.57
CYPRESS ST,39TH AV,37TH AV,VERY POOR,868.8,0.176,0.95,0,0.95,1.4638825581262722,0.8,0,1,1.0,0.576
GLEN DR,20TH AV,19TH AV,POOR,1369.8,0.065,0.8,0,0.8,1.4788661013088813,0.8,0,1,1.0,0.533
MARGUERITE ST,41ST AV,40TH AV,VERY POOR,617.0,0.291,0.95,0,0.95,1.4253985786633052,0.8,0,1,1.0,0.593
KAMLOOPS ST,19TH AV,18TH AV,VERY POOR,498.1,0.369,0.95,0,0.95,0.21660428091621498,0.8,0,1,1.0,0.605
HOLLAND ST,46TH AV,SW MARINE DRIVE,VERY GOOD,844.9,0.185,0.1,0,0.1,1.268200262656876,0.8,0,1,1.0,0.427
ETON ST,TEMPLETON DRIVE,GARDEN DRIVE,FAIR,1282.7,0.077,0.5,0,0.5,90.2335216021188,0.5,0,1,1.0,0.406
LAUREL ST,66TH AV,64TH AV,GOOD,758.0,0.22,0.3,0,0.3,1.419577906531572,0.8,0,1,1.0,0.468
FIR ST,2ND AV,1ST AV,GOOD,79.2,0.854,0.3,0,0.3,340.54531234098164,0.8,0,1,1.0,0.563
EAST BLVD,62ND AV,61ST AV,VERY GOOD,767.6,0.215,0.1,0,0.1,342.0841457797259,0.8,0,1,1.0,0.432
KING EDWARD AV,OAK ST,LAUREL ST,GOOD,903.6,0.164,0.3,0,0.3,91.9755998228988,0.5,0,1,1.0,0.384
KOOTENAY ST,TRINITY ST,NORTH END,POOR,652.2,0.271,0.8,0,0.8,3.253700814402407,0.8,0,1,1.0,0.564
CYPRESS ST,45TH AV,44TH AV,NO DATA,1145.3,0.101,0.5,1,0.4,1.4597780349740788,0.8,0,1,1.0,0.467
ELLIOTT ST,KENT AV NORTH,SE MARINE DRIVE,VERY GOOD,33.8,0.935,0.1,0,0.1,359.61038647317633,0.8,0,1,1.0,0.54
GRANT ST,VICTORIA DRIVE,SEMLIN DRIVE,GOOD,1228.6,0.086,0.3,0,0.3,90.73153511205209,0.5,0,1,1.0,0.372
GEORGIA ST,VERNON DRIVE,CLARK DRIVE,VERY GOOD,698.9,0.247,0.1,0,0.1,91.19275269782673,0.5,0,1,1.0,0.361
LILLOOET ST,GEORGIA ST,TURNER ST,GOOD,283.2,0.568,0.3,0,0.3,0.11257661780342687,0.8,0,1,1.0,0.52
KERR ST,50TH AV,49TH AV,VERY POOR,1217.3,0.088,0.95,0,0.95,2.045066270123982,0.8,0,1,1.0,0.562
KING EDWARD AV,FRASER ST,PRINCE ALBERT ST,FAIR,1532.5,0.047,0.5,0,0.5,91.08934684238233,0.5,0,1,1.0,0.402
KELOWNA ST,CHARLES ST,PARKER ST,FAIR,673.2,0.26,0.5,0,0.5,0.6939302937226444,0.8,0,1,1.0,0.509
LATTA ST,43RD AV,MARMION AV,GOOD,1347.8,0.067,0.3,0,0.3,0.03415722699321577,0.8,0,1,1.0,0.445
MACDONALD ST,OLIVER CRESCENT,ALAMEIN AV,FAIR,2472.3,0.007,0.5,0,0.5,0.9022572487708089,0.8,0,1,1.0,0.471
KAMLOOPS ST,2ND AV,1ST AV,GOOD,764.6,0.217,0.3,0,0.3,359.8144407854684,0.8,0,1,1.0,0.467
LAMEYS MILL RD,OLD BRIDGE COURT,HEMLOCK COURT,VERY POOR,137.5,0.76,0.95,0,0.95,143.08528725024928,0.2,0,1,1.0,0.514
GLADSTONE ST,NEWPORT AV,BONNYVALE AV,FAIR,986.0,0.139,0.5,0,0.5,1.2173322415620191,0.8,0,1,1.0,0.491
KING EDWARD AV,23RD AV,ARBUTUS ST,VERY GOOD,1691.4,0.034,0.1,0,0.1,89.5661327076611,0.5,0,1,1.0,0.329
EUCLID AV,DUCHESS ST,RAVINE ST,POOR,539.7,0.34,0.8,0,0.8,112.77150150937888,0.5,0,1,1.0,0.499
DUNDAS ST,KOOTENAY ST,BOUNDARY ROAD,VERY POOR,876.4,0.173,0.95,0,0.95,90.06625299926162,0.5,0,1,1.0,0.5
KASLO ST,27TH AV,26TH AV,FAIR,993.8,0.137,0.5,0,0.5,0.6413562912067619,0.8,0,1,1.0,0.49
CORNISH ST,70TH AV / SW MARINE DRIVE,68TH AV,GOOD,517.3,0.355,0.3,0,0.3,2.2270913764122042,0.8,0,1,1.0,0.488
LAUREL ST,22ND AV,21ST AV,FAIR,817.2,0.195,0.5,0,0.5,1.7105698087651717,0.8,0,1,1.0,0.499
DUMFRIES ST,26TH AV,KING EDWARD AV,POOR,1042.1,0.124,0.8,0,0.8,1.6533416896911035,0.8,0,1,1.0,0.542
MANITOBA ST,12TH AV,11TH AV,GOOD,836.4,0.188,0.3,0,0.3,1.736955838866038,0.8,0,1,1.0,0.463
MACDONALD ST,7TH AV,6TH AV,VERY GOOD,1845.5,0.025,0.1,0,0.1,1.4672389042180498,0.8,0,1,1.0,0.403
KITCHENER ST,KAMLOOPS ST,PENTICTON ST,FAIR,1187.8,0.093,0.5,0,0.5,90.1562202997485,0.5,0,1,1.0,0.409
MAIN ST,UNION ST,GEORGIA ST,POOR,249.6,0.607,0.8,0,0.8,1.7336598640790157,0.8,0,1,1.0,0.614
ELGIN ST,37TH AV,35TH AV,FAIR,1615.3,0.04,0.5,0,0.5,1.0338485552514385,0.8,0,1,1.0,0.476
MACKENZIE ST,45TH AV,44TH AV,VERY POOR,707.9,0.243,0.95,0,0.95,0.5239793997430411,0.8,0,1,1.0,0.586
KENT AV N,YUKON ST,MANITOBA ST,VERY POOR,154.9,0.734,0.95,0,0.95,82.5366959587954,0.5,0,1,1.0,0.585
HIGHBURY ST,31ST AV,30TH AV,GOOD,1909.4,0.022,0.3,0,0.3,0.5702393796852334,0.8,0,1,1.0,0.438
MAIN ST,49TH AV,48TH AV,VERY POOR,333.0,0.514,0.95,0,0.95,2.290892682361516,0.8,0,1,1.0,0.627
DUNDAS ST,KAMLOOPS ST,PENTICTON ST,VERY POOR,804.0,0.2,0.95,0,0.95,90.15055950831095,0.5,0,1,1.0,0.504
LYNBROOK DR,MUIRFIELD DRIVE,ELLIOTT ST,VERY GOOD,534.3,0.343,0.1,0,0.1,78.57453810992183,0.5,0,1,1.0,0.376
HIGHBURY ST,18TH AV,16TH AV,VERY POOR,1414.3,0.059,0.95,0,0.95,0.40442725629179677,0.8,0,1,1.0,0.558
DUNLEVY AV,ALEXANDER ST,NORTH END,GOOD,726.7,0.234,0.3,0,0.3,1.673115194593663,0.8,0,1,1.0,0.47
MAPLE ST,48TH AV,47TH AV,GOOD,1084.8,0.114,0.3,0,0.3,1.4543645200117794,0.8,0,1,1.0,0.452
GLEN DR,23RD AV,22ND AV,POOR,1459.6,0.054,0.8,0,0.8,1.4511609988323357,0.8,0,1,1.0,0.531
HUDSON ST,32ND AV,CONNAUGHT DRIVE,VERY POOR,303.2,0.545,0.95,0,0.95,10.983230441694275,0.8,0,1,1.0,0.631
KING EDWARD AV,YUKON ST,COLUMBIA ST,POOR,470.7,0.39,0.8,0,0.8,90.92382802255065,0.5,0,1,1.0,0.507
DENMAN ST,HARO ST,ROBSON ST,FAIR,275.1,0.577,0.5,0,0.5,44.73348833685242,0.8,0,1,1.0,0.557
KAMLOOPS ST,TURNER ST,PENDER ST,VERY GOOD,919.3,0.159,0.1,0,0.1,0.22386582573011538,0.8,0,1,1.0,0.423
CYPRESS ST,44TH AV,43RD AV,NO DATA,1083.5,0.115,0.5,1,0.4,1.5073946523189647,0.8,0,1,1.0,0.469
LAMEYS MILL RD,FOUNTAIN WAY COURT,ALDER BAY COURT,GOOD,195.8,0.676,0.3,0,0.3,112.18459381658738,0.5,0,1,1.0,0.461
KEVIN PL,29TH AV,DONCASTER WAY,FAIR,2436.8,0.008,0.5,0,0.5,349.4387485367689,0.8,0,1,1.0,0.471
FRASER ST,44TH AV,43RD AV,VERY POOR,1241.2,0.084,0.95,0,0.95,1.2431290150603331,0.8,0,1,1.0,0.562
MAPLE ST,CORNWALL AV,CREELMAN AV,FAIR,440.9,0.414,0.5,0,0.5,1.571136258746776,0.8,0,1,1.0,0.532
ELM ST,45TH AV,43RD AV,VERY GOOD,780.1,0.21,0.1,0,0.1,1.578768624637064,0.8,0,1,1.0,0.431
HOWE ST,BEACH AV,SOUTHWEST END,GOOD,530.0,0.346,0.3,0,0.3,224.7704826883969,0.2,0,1,1.0,0.337
DUNLEVY AV,CORDOVA ST,POWELL ST,VERY POOR,608.3,0.296,0.95,0,0.95,1.9165662427705001,0.8,0,1,1.0,0.594
ETON ST,NANAIMO ST,KAMLOOPS ST,POOR,1057.3,0.121,0.8,0,0.8,90.26781699680828,0.5,0,1,1.0,0.466
GRANDVIEW HWY N,LAKEWOOD DRIVE,11TH AV,VERY GOOD,349.6,0.497,0.1,0,0.1,119.3211066649194,0.5,0,1,1.0,0.399
GRANT ST,SLOCAN ST,KASLO ST,GOOD,1165.8,0.097,0.3,0,0.3,90.17431583356597,0.5,0,1,1.0,0.374
JERVIS ST,ROBSON ST,ALBERNI ST,VERY POOR,383.3,0.465,0.95,0,0.95,44.77370859253875,0.8,0,1,1.0,0.619
MAIN ST,20TH AV,19TH AV,VERY POOR,1263.2,0.08,0.95,0,0.95,1.6121643863131112,0.8,0,1,1.0,0.561
DEVONSHIRE CRES,SELKIRK ST,OSLER ST,VERY POOR,461.3,0.397,0.95,0,0.95,116.8727981608501,0.5,0,1,1.0,0.534
MAIN ST,KING EDWARD AV,24TH AV,VERY POOR,946.1,0.151,0.95,0,0.95,0.9315881257618344,0.8,0,1,1.0,0.572
FRASER ST,KENT AV NORTH,SE MARINE DRIVE,FAIR,244.1,0.614,0.5,0,0.5,1.179703313520065,0.8,0,1,1.0,0.562
KASLO ST,4TH AV,3RD AV,POOR,829.1,0.19,0.8,0,0.8,0.6187511976361861,0.8,0,1,1.0,0.551
GEORGIA ST,SEMLIN DRIVE,LAKEWOOD DRIVE,GOOD,1472.6,0.053,0.3,0,0.3,89.49198870218947,0.5,0,1,1.0,0.367
GLADSTONE ST,34TH AV,33RD AV,GOOD,898.9,0.166,0.3,0,0.3,1.2649137523037552,0.8,0,1,1.0,0.46
KILLARNEY ST,EUCLID AV,VANNESS AV,FAIR,651.4,0.272,0.5,0,0.5,31.711231188167176,0.8,0,1,1.0,0.511
DRAKE ST,SEYMOUR ST,RICHARDS ST,FAIR,534.5,0.343,0.5,0,0.5,134.80655543748708,0.5,0,1,1.0,0.447
COTTON DR,1ST AV,GRAVELEY ST,VERY GOOD,1287.7,0.076,0.1,0,0.1,0.7521846900349374,0.8,0,1,1.0,0.411
EAST BLVD,46TH AV,45TH AV,GOOD,1020.7,0.13,0.3,0,0.3,1.418869749888529,0.8,0,1,1.0,0.454
MACKENZIE ST,42ND AV,41ST AV,VERY GOOD,963.8,0.145,0.1,0,0.1,1.650174145108167,0.8,0,1,1.0,0.421
MANITOBA ST,13TH AV,12TH AV,FAIR,868.8,0.176,0.5,0,0.5,1.7044805804302428,0.8,0,1,1.0,0.496
KENT AV N,ONTARIO ST,MAIN ST,VERY POOR,182.2,0.695,0.95,0,0.95,82.46615511834801,0.5,0,1,1.0,0.579
HEATHER ST,31ST AV,30TH AV,POOR,419.1,0.432,0.8,0,0.8,1.477132133118971,0.8,0,1,1.0,0.588
HEATHER ST,28TH AV,27TH AV,FAIR,474.1,0.387,0.5,0,0.5,1.1255007537873212,0.8,0,1,1.0,0.528
HIGHBURY ST,10TH AV,BROADWAY,POOR,758.1,0.22,0.8,0,0.8,1.6411537965730076,0.8,0,1,1.0,0.556
CYPRESS ST,YORK AV,CORNWALL AV,VERY GOOD,516.7,0.356,0.1,0,0.1,1.5312058709331495,0.8,0,1,1.0,0.453
GALT ST,NANAIMO ST,CLARENDON ST,VERY POOR,499.1,0.369,0.95,0,0.95,124.36393979279495,0.5,0,1,1.0,0.53
HUDSON ST,46TH AV,45TH AV,FAIR,876.5,0.173,0.5,0,0.5,1.3764231750035947,0.8,0,1,1.0,0.496
KENT AV N,ASH ST,CAMBIE ST,VERY GOOD,169.5,0.712,0.1,0,0.1,74.42455086520056,0.5,1,1,1.0,0.732
MAPLE ST,10TH AV,BROADWAY,GOOD,1084.5,0.114,0.3,0,0.3,1.5021814606152475,0.8,0,1,1.0,0.452
KING EDWARD AV,29TH AV,EAST END,VERY GOOD,2271.4,0.011,0.1,0,0.1,75.92387725716526,0.5,0,1,1.0,0.326
EUCLID AV,MANOR ST,CHATHAM ST,GOOD,699.9,0.247,0.3,0,0.3,122.10890388269274,0.5,0,1,1.0,0.397
MAIN ST,40TH AV,39TH AV,POOR,498.4,0.369,0.8,0,0.8,358.724504003796,0.8,0,1,1.0,0.578
FRANKLIN ST,TEMPLETON DRIVE,GARDEN DRIVE,GOOD,1146.1,0.101,0.3,0,0.3,90.93489219821356,0.5,0,1,1.0,0.375
LARCH ST,37TH AV,36TH AV,NO DATA,1609.0,0.04,0.5,1,0.4,1.5280908417518049,0.8,0,1,1.0,0.458
KING EDWARD AV,GLEN DRIVE,INVERNESS ST,POOR,1442.6,0.056,0.8,0,0.8,91.06240072728531,0.5,0,1,1.0,0.456
HUDSON ST,67TH AV,64TH AV,VERY GOOD,1040.5,0.125,0.1,0,0.1,1.8510651354920924,0.8,0,1,1.0,0.418
GLADSTONE ST,61ST AV,NEWPORT AV,GOOD,901.6,0.165,0.3,0,0.3,1.196017292417821,0.8,0,1,1.0,0.459
LABURNUM ST,49TH AV,47TH AV,POOR,1127.6,0.105,0.8,0,0.8,1.465086948740236,0.8,0,1,1.0,0.539
MAIN ST,23RD AV,22ND AV,VERY POOR,1043.9,0.124,0.95,0,0.95,1.2986083403427529,0.8,0,1,1.0,0.568
COTTON DR,CHARLES ST,WILLIAM ST,POOR,1183.2,0.094,0.8,0,0.8,0.37521521537564695,0.8,0,1,1.0,0.537
HOSMER AV,CYPRESS ST,PINE CRESCENT,VERY POOR,1557.4,0.044,0.95,0,0.95,70.77545790368663,0.5,0,1,1.0,0.481
PRIOR ST,DUNLEVY AV,JACKSON AV / MALKIN AV,VERY POOR,354.9,0.492,0.95,0,0.95,91.62544061387194,0.5,0,1,1.0,0.548
OSLER ST,70TH AV,67TH AV,POOR,880.7,0.172,0.8,0,0.8,1.3085254126904147,0.8,0,1,1.0,0.549
THE CRESCENT,ANGUS DRIVE,HUDSON ST,POOR,1014.1,0.132,0.8,0,0.8,119.98493329700455,0.5,0,1,1.0,0.468
SELKIRK ST,32ND AV,CONNAUGHT DRIVE,VERY POOR,264.6,0.589,0.95,0,0.95,15.799196020120803,0.8,0,1,1.0,0.638
RENFREW ST,DUNDAS ST,OXFORD ST,VERY POOR,311.6,0.536,0.95,0,0.95,0.08797929275482375,0.8,0,1,1.0,0.63
TRUTCH ST,12TH AV,11TH AV,VERY GOOD,1523.2,0.048,0.1,0,0.1,1.4970340645444935,0.8,0,1,1.0,0.406
ST GEORGE ST,61ST AV,60TH AV,VERY GOOD,1005.6,0.134,0.1,0,0.1,1.201021430844321,0.8,0,1,1.0,0.419
ST CATHERINES ST,10TH AV,BROADWAY,VERY POOR,1447.9,0.055,0.95,0,0.95,0.8179979188785182,0.8,0,1,1.0,0.558
MAYFAIR AV,DUNBAR ST,COLLINGWOOD ST,GOOD,1005.4,0.134,0.3,0,0.3,90.45359590780589,0.5,0,1,1.0,0.38
QUEBEC ST,52ND AV,51ST AV,POOR,253.3,0.603,0.8,0,0.8,1.502233453147653,0.8,0,1,1.0,0.614
PENDER ST,PRINCESS AV,HEATLEY AV,GOOD,497.1,0.37,0.3,0,0.3,91.94463454706556,0.5,0,1,1.0,0.415
SOPHIA ST,KING EDWARD AV,24TH AV,VERY POOR,1091.2,0.113,0.95,0,0.95,1.4841437283053551,0.8,0,1,1.0,0.566
PARK DR,MONTCALM ST,HUDSON ST,POOR,1434.5,0.057,0.8,0,0.8,113.71672940314556,0.5,0,1,1.0,0.456
ST GEORGE ST,16TH AV,15TH AV,POOR,1508.1,0.049,0.8,0,0.8,1.5057649514008062,0.8,0,1,1.0,0.53
ROBSON ST,RICHARDS ST,HOMER ST,VERY POOR,117.4,0.791,0.95,0,0.95,134.7035573604004,0.5,0,1,1.0,0.593
SOPHIA ST,50TH AV,49TH AV,VERY POOR,482.9,0.381,0.95,0,0.95,1.5945863940315235,0.8,0,1,1.0,0.607
PARK LANE,NELSON ST,LAGOON DRIVE,VERY GOOD,131.5,0.769,0.1,0,0.1,43.767315446763405,0.8,0,1,1.0,0.515
PRINCE ALBERT ST,13TH AV,12TH AV,FAIR,1550.8,0.045,0.5,0,0.5,0.8539045887733892,0.8,0,1,1.0,0.477
OXFORD ST,TEMPLETON DRIVE,GARDEN DRIVE,VERY POOR,1230.3,0.085,0.95,0,0.95,90.46398021785643,0.5,0,1,1.0,0.487
NELSON ST,BEATTY ST,EXPO BOULEVARD,NO DATA,92.5,0.831,0.5,1,0.4,128.41331454130136,0.5,0,1,1.0,0.502
NANAIMO ST,46TH AV,45TH AV,VERY POOR,1090.0,0.113,0.95,0,0.95,0.7976737950481265,0.8,0,1,1.0,0.566
PENDER ST,JERVIS ST,BUTE ST,FAIR,225.2,0.637,0.5,0,0.5,114.42224488615926,0.5,0,1,1.0,0.491
ROSS ST,48TH AV,WAVERLEY AV,POOR,1736.2,0.031,0.8,0,0.8,1.282439666066864,0.8,0,1,1.0,0.527
ROSSLAND ST,CHARLES ST,WILLIAM ST,VERY GOOD,841.0,0.186,0.1,0,0.1,0.7187576509226687,0.8,0,1,1.0,0.427
SLOCAN ST,GRANT ST,KITCHENER ST,FAIR,1148.5,0.101,0.5,0,0.5,0.6701009988758528,0.8,0,1,1.0,0.485
PENDER ST,CLARK DRIVE,MCLEAN DRIVE,VERY POOR,934.6,0.154,0.95,0,0.95,91.30689789955193,0.5,0,1,1.0,0.497
SEMLIN DR,BROADWAY,8TH AV,FAIR,553.4,0.331,0.5,0,0.5,0.7540895574798583,0.8,0,1,1.0,0.52
NANAIMO ST,34TH AV,33RD AV,FAIR,601.7,0.3,0.5,0,0.5,1.2634128172662713,0.8,0,1,1.0,0.515
PAYNE ST,SOUTHWEST END,WELLINGTON AV,FAIR,505.3,0.364,0.5,0,0.5,32.061829260563854,0.8,0,1,1.0,0.525
ODLUM DR,WILLIAM ST,NAPIER ST,POOR,854.5,0.181,0.8,0,0.8,1.161553109269903,0.8,0,1,1.0,0.55
STIRLING ST,45TH AV,44TH AV,FAIR,1046.0,0.123,0.5,0,0.5,2.3635433929905503,0.8,0,1,1.0,0.488
SPRUCE ST,13TH AV,12TH AV,VERY POOR,451.7,0.405,0.95,0,0.95,1.5001052651799682,0.8,0,1,1.0,0.61
NOOTKA ST,3RD AV,2ND AV,VERY GOOD,861.6,0.178,0.1,0,0.1,0.6849236331211728,0.8,0,1,1.0,0.426
MONS DR,NORMANDY DRIVE,NORTHEAST END,VERY POOR,740.9,0.227,0.95,0,0.95,45.50736128736082,0.5,0,1,1.0,0.508
PENDER ST,GORE AV,DUNLEVY AV,FAIR,402.7,0.447,0.5,0,0.5,91.75405902518236,0.5,0,1,1.0,0.462
TRIMBLE ST,7TH AV,6TH AV,FAIR,696.9,0.248,0.5,0,0.5,1.5008387108757688,0.8,0,1,1.0,0.507
PRINCE ALBERT ST,BROADWAY,8TH AV,VERY GOOD,1288.2,0.076,0.1,0,0.1,0.8516811811262528,0.8,0,1,1.0,0.411
NANAIMO ST,CHARLES ST,WILLIAM ST,VERY POOR,1298.4,0.075,0.95,0,0.95,0.10738527139307052,0.8,0,1,1.0,0.56
SELKIRK ST,39TH AV,38TH AV,NO DATA,295.1,0.554,0.5,1,0.4,1.398941025769318,0.8,0,1,1.0,0.536
QUEBEC ST,57TH AV,56TH AV,FAIR,404.6,0.445,0.5,0,0.5,1.6417799461360119,0.8,0,1,1.0,0.537
PACIFIC ST,BUTE ST,THURLOW ST,VERY GOOD,502.7,0.366,0.1,0,0.1,134.8065765443846,0.5,0,1,1.0,0.379
TEAHOUSE LANE,STANLEY PARK DRIVE,THIRD BEACH PARKING LANE,GOOD,981.4,0.14,0.3,0,0.3,278.28139279257493,0.5,0,1,1.0,0.381
OLIVER CRES,TRAFALGAR ST,VALLEY DRIVE,FAIR,2030.2,0.017,0.5,0,0.5,66.3690068713837,0.5,0,1,1.0,0.397
STEPHENS ST,3RD AV,2ND AV,VERY POOR,1704.6,0.033,0.95,0,0.95,1.3828210545965476,0.8,0,1,1.0,0.554
OSLER ST,39TH AV,38TH AV,FAIR,233.5,0.627,0.5,0,0.5,1.399446425857377,0.8,0,1,1.0,0.564
PINE ST,10TH AV,BROADWAY,GOOD,795.5,0.204,0.3,0,0.3,1.5634668285174484,0.8,0,1,1.0,0.465
THORNHILL DR,61ST AV,PRESTWICK DRIVE,VERY GOOD,740.2,0.228,0.1,0,0.1,0.7759508701977893,0.8,0,1,1.0,0.434
PRINCE ALBERT ST,50TH AV,49TH AV,VERY GOOD,1324.0,0.071,0.1,0,0.1,2.2160389749227534,0.8,0,1,1.0,0.41
PENDER ST,HOWE ST,GRANVILLE ST,FAIR,458.4,0.4,0.5,0,0.5,134.81891775877364,0.5,0,1,1.0,0.455
OSLER ST,CONNAUGHT DRIVE,DEVONSHIRE CRESCENT,FAIR,364.7,0.482,0.5,0,0.5,1.4213713824357228,0.8,0,1,1.0,0.543
PRINCE EDWARD ST,53RD AV,51ST AV,VERY GOOD,662.1,0.266,0.1,0,0.1,0.96785925940884,0.8,0,1,1.0,0.439
ST CATHERINES ST,41ST AV,40TH AV,VERY GOOD,1489.0,0.051,0.1,0,0.1,1.0250397389442583,0.8,0,1,1.0,0.407
SKEENA ST,LOUGHEED HIGHWAY,5TH AV,VERY GOOD,223.1,0.64,0.1,0,0.1,359.7629898673337,0.8,0,1,1.0,0.496
PARKER ST,NANAIMO ST,KAMLOOPS ST,GOOD,1109.0,0.109,0.3,0,0.3,90.19799861151682,0.5,0,1,1.0,0.376
ONTARIO ST,KENT AV NORTH,69TH AV,FAIR,182.1,0.695,0.5,0,0.5,2.0513682344276276,0.8,0,1,1.0,0.575
PRINCE EDWARD ST,39TH AV,38TH AV,FAIR,699.2,0.247,0.5,0,0.5,1.5372794534820855,0.8,0,1,1.0,0.507
OSLER ST,54TH AV,53RD AV,FAIR,1377.2,0.064,0.5,0,0.5,1.3907226171959906,0.8,0,1,1.0,0.479
ST CATHERINES ST,8TH AV,7TH AV,VERY GOOD,1244.1,0.083,0.1,0,0.1,0.8246296831198947,0.8,0,1,1.0,0.412
SITKA SQUARE,LAMEYS MILL ROAD,FORGE WALK / SCANTLINGS,NO DATA,319.4,0.528,0.5,1,0.4,355.86301619782296,0.8,0,1,1.0,0.532
ONTARIO ST,5TH AV,4TH AV,VERY GOOD,333.5,0.513,0.1,0,0.1,1.6589091357208758,0.8,0,1,1.0,0.477
SOPHIA ST,55TH AV,54TH AV,GOOD,685.9,0.254,0.3,0,0.3,1.2325878021573544,0.8,0,1,1.0,0.473
QUEENS AV,MCHARDY ST,MCGEER ST,VERY GOOD,532.2,0.345,0.1,0,0.1,122.25950273679285,0.5,0,1,1.0,0.376
SOPHIA ST,SOUTH END,29TH AV,POOR,625.2,0.286,0.8,0,0.8,1.7622551013864154,0.8,0,1,1.0,0.566
PENDER ST,LILLOOET ST,WINDERMERE ST,VERY POOR,158.3,0.729,0.95,0,0.95,90.11564168732752,0.5,0,1,1.0,0.584
TRAFALGAR ST,5TH AV,4TH AV,FAIR,1692.4,0.034,0.5,0,0.5,1.4450611674358242,0.8,0,1,1.0,0.475
SOPHIA ST,21ST AV,20TH AV,FAIR,1306.3,0.073,0.5,0,0.5,1.466030644128125,0.8,0,1,1.0,0.481
THORNTON ST,TERMINAL AV,EVANS AV,GOOD,437.3,0.417,0.3,0,0.3,14.517329389854979,0.8,0,1,1.0,0.497
PRINCE ALBERT ST,21ST AV,20TH AV,VERY GOOD,1804.0,0.027,0.1,0,0.1,1.487743305177844,0.8,0,1,1.0,0.403
STATION ST,INDUSTRIAL AV,SOUTHERN ST,FAIR,280.5,0.571,0.5,0,0.5,0.47581176217289567,0.8,0,1,1.0,0.556
RAE AV,NORTHWEST END,BOUNDARY ROAD,VERY POOR,846.0,0.184,0.95,0,0.95,122.13693797540441,0.5,0,1,1.0,0.502
ROSS ST,40TH AV,39TH AV,VERY POOR,1757.2,0.03,0.95,0,0.95,1.1582285318866639,0.8,0,1,1.0,0.554
OSLER ST,KING EDWARD AV,LAURIER AV,VERY POOR,975.1,0.142,0.95,0,0.95,1.4988863656338935,0.8,0,1,1.0,0.571
NANTON AV,ALEXANDRA ST,GRANVILLE ST,VERY POOR,729.4,0.232,0.95,0,0.95,91.47701922093233,0.5,0,1,1.0,0.509
SOPHIA ST,15TH AV,14TH AV,VERY POOR,1295.1,0.075,0.95,0,0.95,1.330856100251765,0.8,0,1,1.0,0.561
NANAIMO ST,2ND AV,1ST AV,POOR,780.2,0.21,0.8,0,0.8,0.12485958948411735,0.8,0,1,1.0,0.554
PENDER ST,TEMPLETON DRIVE,GARDEN DRIVE,VERY POOR,1154.1,0.099,0.95,0,0.95,91.04616711210917,0.5,0,1,1.0,0.489
SELKIRK ST,70TH AV,67TH AV,POOR,895.0,0.167,0.8,0,0.8,1.263120976675168,0.8,0,1,1.0,0.548
PINE ST,11TH AV,10TH AV,GOOD,832.0,0.189,0.3,0,0.3,1.5034680826248064,0.8,0,1,1.0,0.463
RUPERT ST,1ST AV,GRAVELEY ST,POOR,248.6,0.608,0.8,0,0.8,359.9712569269126,0.8,0,1,1.0,0.614
TRAFALGAR ST,4TH AV,3RD AV,VERY POOR,1637.4,0.038,0.95,0,0.95,1.4625330308792286,0.8,0,1,1.0,0.555
QUESNEL DR,23RD AV,22ND AV / VALDEZ ROAD,VERY GOOD,2335.1,0.009,0.1,0,0.1,321.08221629072546,0.8,0,1,1.0,0.401
PENDER ST,WOODLAND DRIVE,COMMERCIAL DRIVE,FAIR,1212.3,0.089,0.5,0,0.5,91.13435795392877,0.5,0,1,1.0,0.408
PRINCE ALBERT ST,28TH AV,27TH AV,POOR,1469.8,0.053,0.8,0,0.8,0.9610474080139397,0.8,0,1,1.0,0.531
PENTICTON ST,4TH AV,3RD AV,GOOD,609.5,0.296,0.3,0,0.3,0.6528498024468377,0.8,0,1,1.0,0.479
PRINCE EDWARD ST,43RD AV,WOODSTOCK AV,FAIR,870.4,0.175,0.5,0,0.5,1.6887356779257061,0.8,0,1,1.0,0.496
OAK ST,BROADWAY,8TH AV,FAIR,315.7,0.532,0.5,0,0.5,1.4763503857609521,0.8,0,1,1.0,0.55
STEPHENS ST,8TH AV,7TH AV,VERY GOOD,1972.6,0.019,0.1,0,0.1,1.4782078906704328,0.8,0,1,1.0,0.402
RICHARDS ST,SMITHE ST,NELSON ST,VERY GOOD,296.3,0.553,0.1,0,0.1,224.77865368270838,0.2,0,1,1.0,0.333
RUPERT ST,GRANDVIEW HWY,BROADWAY,VERY GOOD,40.3,0.923,0.1,0,0.1,0.17019398350169013,0.8,1,1,1.0,0.838
SEMANA CRES,SALISH DRIVE,END LOOP,POOR,1224.2,0.086,0.8,0,0.8,200.97719807798768,0.2,0,1,1.0,0.386
ONTARIO ST,SOUTH END,KENT AV SOUTH,NO DATA,112.4,0.799,0.5,1,0.4,1.956782675830766,0.8,0,1,1.0,0.573
QUEEN ELIZABETH PARK RD 1,QUEEN ELIZABETH PARK ROAD 3,MIDLOTHIAN AV,VERY GOOD,34.2,0.934,0.1,0,0.1,84.09709025653751,0.5,0,1,1.0,0.465
TOLMIE ST,LANGARA AV,BELMONT AV,FAIR,812.9,0.197,0.5,0,0.5,1.4567341249004357,0.8,0,1,1.0,0.499
NORTHERN ST,WESTERN ST,STATION ST,VERY GOOD,274.8,0.577,0.1,0,0.1,91.73949363207049,0.5,0,1,1.0,0.411
STANLEY PARK SHORTCUT 1,STANLEY PARK DRIVE (SOUTH),STANLEY PARK DRIVE (NORTH),VERY POOR,729.0,0.233,0.95,0,0.95,355.7392054976651,0.8,0,1,1.0,0.584
THURLOW ST,PENDRELL ST,DAVIE ST,VERY POOR,104.0,0.812,0.95,0,0.95,224.82777786961245,0.2,0,1,1.0,0.522
PENDRELL ST,DENMAN ST,BIDWELL ST,FAIR,655.8,0.269,0.5,0,0.5,133.46411645710606,0.5,0,1,1.0,0.435
TRIMBLE ST,4TH AV,3RD AV,FAIR,549.2,0.333,0.5,0,0.5,1.5077647167392456,0.8,0,1,1.0,0.52
RENFREW ST,VENABLES ST,ADANAC ST,POOR,466.0,0.394,0.8,0,0.8,0.6275996705432476,0.8,0,1,1.0,0.582
PANDORA ST,LAKEWOOD DRIVE,TEMPLETON DRIVE,POOR,1294.8,0.075,0.8,0,0.8,90.9480215847421,0.5,0,1,1.0,0.459
NOOTKA ST,16TH AV,15TH AV,FAIR,221.7,0.642,0.5,0,0.5,0.33804595947299276,0.8,0,1,1.0,0.567
STARBOARD SQUARE,MOBERLY ROAD,EAST END,NO DATA,9.8,0.981,0.5,1,0.4,74.30479341570526,0.5,0,1,1.0,0.525
RUPERT ST,EUCLID AV,VANNESS AV,FAIR,725.6,0.234,0.5,0,0.5,32.18268056715391,0.8,0,1,1.0,0.505
NANAIMO ST,HOYLAKE AV,BONNYVALE AV,VERY POOR,825.6,0.192,0.95,0,0.95,0.6570467765209855,0.8,0,1,1.0,0.578
PENTICTON ST,SOUTH END,25TH AV,GOOD,999.3,0.136,0.3,0,0.3,359.8819140030624,0.8,0,1,1.0,0.455
SOPHIA ST,13TH AV,12TH AV,VERY GOOD,1101.0,0.111,0.1,0,0.1,1.3360815958434955,0.8,0,1,1.0,0.416
SKEENA ST,26TH AV,25TH AV,FAIR,308.5,0.54,0.5,0,0.5,0.18957991276118946,0.8,0,1,1.0,0.551
TUPPER ST,21ST AV,20TH AV,VERY GOOD,851.2,0.182,0.1,0,0.1,1.2196930411904532,0.8,0,1,1.0,0.427
SOPHIA ST,48TH AV,47TH AV,POOR,502.1,0.366,0.8,0,0.8,2.335056817750626,0.8,0,1,1.0,0.578
MCMULLEN AV,TOWNLEY ST,VALLEY DRIVE,GOOD,1768.7,0.029,0.3,0,0.3,59.37716215367527,0.5,0,1,1.0,0.364
SHERBROOKE ST,45TH AV,43RD AV,POOR,1853.9,0.025,0.8,0,0.8,1.381015685216937,0.8,0,1,1.0,0.526
TURNER ST,KAMLOOPS ST,PENTICTON ST,VERY GOOD,764.7,0.217,0.1,0,0.1,90.1316011493949,0.5,0,1,1.0,0.357
RENFREW ST,BROADWAY,8TH AV,POOR,474.8,0.387,0.8,0,0.8,0.0727963595616643,0.8,0,1,1.0,0.581
PRINCE ALBERT ST,22ND AV,21ST AV,VERY GOOD,1828.9,0.026,0.1,0,0.1,1.4807751912503022,0.8,0,1,1.0,0.403
ST GEORGE ST,53RD AV,52ND AV,POOR,931.7,0.155,0.8,0,0.8,0.9951672791979718,0.8,0,1,1.0,0.546
SPRUCE ST,12TH AV,11TH AV,VERY POOR,364.0,0.483,0.95,0,0.95,1.5000616793934682,0.8,0,1,1.0,0.622
ROBSON ST,BIDWELL ST,CARDERO ST,GOOD,200.6,0.67,0.3,0,0.3,134.77258664755715,0.5,0,1,1.0,0.46
PENTICTON ST,11TH AV,10TH AV,POOR,175.7,0.704,0.8,0,0.8,359.9346829018991,0.8,0,1,1.0,0.629
POWELL ST,JACKSON AV,PRINCESS AV,POOR,780.2,0.21,0.8,0,0.8,91.58305759798247,0.5,0,1,1.0,0.479
THURLOW ST,HASTINGS ST,EVELEIGH ST,GOOD,131.1,0.769,0.3,0,0.3,224.73787872619204,0.2,0,1,1.0,0.401
NAPIER ST,SALSBURY DRIVE,VICTORIA DRIVE,POOR,1456.3,0.054,0.8,0,0.8,90.62685165494315,0.5,0,1,1.0,0.456
SPRUCE ST,BROADWAY,8TH AV,POOR,218.0,0.647,0.8,0,0.8,1.4801484569153445,0.8,0,1,1.0,0.62
TRINITY ST,KASLO ST,RENFREW ST,GOOD,392.0,0.457,0.3,0,0.3,90.06465380386294,0.5,0,1,1.0,0.428
RUPERT ST,GRANT ST,KITCHENER ST,GOOD,213.6,0.652,0.3,0,0.3,0.5470190969733721,0.8,0,1,1.0,0.533
SOPHIA ST,28TH AV,26TH AV,VERY POOR,830.5,0.19,0.95,0,0.95,1.5472550923574317,0.8,0,1,1.0,0.578
MELVILLE ST,DUNSMUIR ST,THURLOW ST,GOOD,21.7,0.957,0.3,0,0.3,305.93370973266815,0.5,0,1,1.0,0.504
RUPERT ST,51ST AV,49TH AV,GOOD,1071.3,0.117,0.3,0,0.3,2.0328949084803867,0.8,0,1,1.0,0.452
TODERICK ST,SOUTH END,45TH AV,GOOD,1662.2,0.036,0.3,0,0.3,0.9794425850438984,0.8,0,1,1.0,0.44
MCGEER ST,VANNESS AV,QUEENS AV,VERY GOOD,533.2,0.344,0.1,0,0.1,32.4698564199619,0.8,1,1,1.0,0.751
PENDRELL ST,JERVIS ST,BUTE ST,GOOD,153.0,0.736,0.3,0,0.3,133.37944965356525,0.5,0,1,1.0,0.471
TYNE ST,49TH AV,47TH AV,FAIR,1323.9,0.071,0.5,0,0.5,1.705320158132679,0.8,0,1,1.0,0.48
SALSBURY DR,NAPIER ST,PARKER ST,GOOD,1455.1,0.054,0.3,0,0.3,0.5549249572463282,0.8,0,1,1.0,0.443
QUEBEC ST,15TH AV,14TH AV,VERY POOR,1208.0,0.089,0.95,0,0.95,1.6592575748896934,0.8,0,1,1.0,0.563
TRINITY ST,GARDEN DRIVE,NANAIMO ST,GOOD,1225.8,0.086,0.3,0,0.3,89.99986358234435,0.5,0,1,1.0,0.373
NANAIMO ST,33RD AV,30TH AV,VERY POOR,630.1,0.284,0.95,0,0.95,1.2653665903309843,0.8,0,1,1.0,0.592
TRAFALGAR ST,39TH AV,38TH AV,POOR,1373.9,0.064,0.8,0,0.8,1.4791581129846918,0.8,0,1,1.0,0.532
NEON ST,CONTINENTAL ST,GRANVILLE BRIDGE,VERY POOR,577.2,0.315,0.95,0,0.95,134.6733330722094,0.5,0,1,1.0,0.522
PENTICTON ST,WILLIAM ST,NAPIER ST,VERY GOOD,1018.9,0.13,0.1,0,0.1,0.7725910246654735,0.8,0,1,1.0,0.419
NAPIER ST,NANAIMO ST,KAMLOOPS ST,VERY POOR,1163.8,0.098,0.95,0,0.95,90.15044210830911,0.5,0,1,1.0,0.489
PINE CRES,34TH AV,33RD AV,GOOD,763.8,0.217,0.3,0,0.3,3.5533412232048818,0.8,0,1,1.0,0.467
ONTARIO ST,60TH AV,59TH AV,POOR,276.2,0.576,0.8,0,0.8,2.407652281427829,0.8,0,1,1.0,0.61
PRINCE ALBERT ST,31ST AV,30TH AV,GOOD,1342.7,0.068,0.3,0,0.3,1.07654067219147,0.8,0,1,1.0,0.445
TURNER ST,SEMLIN DRIVE,LAKEWOOD DRIVE,GOOD,1453.5,0.055,0.3,0,0.3,90.4496523872246,0.5,0,1,1.0,0.368
PRIOR ST,PRINCESS AV,HEATLEY AV,VERY POOR,109.3,0.804,0.95,0,0.95,91.60081245201673,0.5,0,1,1.0,0.595
PENDER ST,MCLEAN DRIVE,WOODLAND DRIVE,VERY POOR,1119.8,0.107,0.95,0,0.95,90.94983995690217,0.5,0,1,1.0,0.49
PENTICTON ST,CHARLES ST,WILLIAM ST,VERY GOOD,1087.2,0.114,0.1,0,0.1,0.682782517230919,0.8,0,1,1.0,0.416
PARKER ST,RENFREW ST,KELOWNA ST,FAIR,672.8,0.26,0.5,0,0.5,90.15335010254535,0.5,0,1,1.0,0.434
PRIOR ST,HEATLEY AV,HAWKS AV,VERY POOR,91.5,0.833,0.95,0,0.95,91.61930916374865,0.5,0,1,1.0,0.6
ST GEORGE ST,47TH AV,46TH AV,GOOD,911.9,0.161,0.3,0,0.3,0.8834223344974816,0.8,0,1,1.0,0.459
MCKINNON ST,52ND AV,51ST AV,VERY GOOD,1109.8,0.109,0.1,0,0.1,2.0321075780854585,0.8,0,1,1.0,0.416
PINE ST,6TH AV,5TH AV,FAIR,459.5,0.399,0.5,0,0.5,1.5129074461452774,0.8,0,1,1.0,0.53
SOPHIA ST,45TH AV,44TH AV,VERY POOR,647.6,0.274,0.95,0,0.95,0.22812564021489834,0.8,0,1,1.0,0.591
OSLER ST,BALFOUR AV,MATTHEWS AV,POOR,882.7,0.171,0.8,0,0.8,343.1651932108603,0.8,0,1,1.0,0.549
ST CATHERINES ST,15TH AV,14TH AV,VERY POOR,1593.0,0.041,0.95,0,0.95,0.9354482160024986,0.8,0,1,1.0,0.555
ROBSON ST,JERVIS ST,BUTE ST,GOOD,322.6,0.525,0.3,0,0.3,134.8042728693249,0.5,0,1,1.0,0.439
SHAUGHNESSY ST,71ST AV,70TH AV,GOOD,632.3,0.282,0.3,0,0.3,1.2132638638865387,0.8,0,1,1.0,0.477
STIRLING ST,44TH AV,43RD AV,GOOD,971.4,0.143,0.3,0,0.3,0.9164807543773463,0.8,0,1,1.0,0.456
STANLEY PARK DR,PROSPECT POINT PICNIC SITE,HOLLOW TREE,VERY GOOD,888.6,0.169,0.1,0,0.1,220.372713673554,0.2,0,1,1.0,0.275
POWELL ST,SALSBURY DRIVE,VICTORIA DRIVE,GOOD,1711.8,0.033,0.3,0,0.3,70.78029578301249,0.5,0,1,1.0,0.364
PRINCE EDWARD ST,44TH AV,43RD AV,VERY GOOD,827.7,0.191,0.1,0,0.1,1.5325137906685882,0.8,0,1,1.0,0.428
SALSBURY DR,PENDER ST,HASTINGS ST,VERY GOOD,1501.1,0.05,0.1,0,0.1,1.2292544701916768,0.8,0,1,1.0,0.407
ONTARIO ST,11TH AV,10TH AV,VERY GOOD,883.9,0.171,0.1,0,0.1,1.7109209757676354,0.8,0,1,1.0,0.425
MELBOURNE ST,KINGSWAY,FOSTER AV,VERY POOR,1131.8,0.104,0.95,0,0.95,0.0058337732481845705,0.8,0,1,1.0,0.565
PICTON ST,KINGS AV,QUEENS AV,POOR,815.1,0.196,0.8,0,0.8,31.81213071653798,0.8,0,1,1.0,0.552
RUPERT ST,23RD AV,22ND AV,GOOD,675.4,0.259,0.3,0,0.3,0.023027510395593254,0.8,0,1,1.0,0.474
PUGET DR,KING EDWARD AV,ALAMEIN AV,NO DATA,2483.0,0.007,0.5,1,0.4,338.28785795730613,0.8,0,1,1.0,0.453
NANAIMO ST,3RD AV,2ND AV,VERY POOR,679.8,0.257,0.95,0,0.95,0.0882129145867907,0.8,0,1,1.0,0.588
RUPERT ST,19TH AV / SEAFORTH DRIVE,18TH AV,GOOD,649.4,0.273,0.3,0,0.3,0.04977965271098128,0.8,0,1,1.0,0.476
SOPHIA ST,54TH AV,53RD AV,VERY POOR,619.8,0.29,0.95,0,0.95,1.3578661918448915,0.8,0,1,1.0,0.593
TAUNTON ST,KERR ST / KINGSWAY,MCHARDY ST,VERY POOR,835.3,0.188,0.95,0,0.95,36.442983106994916,0.8,0,1,1.0,0.578
RUPERT ST,18TH AV,17TH AV,FAIR,576.2,0.316,0.5,0,0.5,0.23316799847566472,0.8,0,1,1.0,0.517
TYNE ST,54TH AV / CHAMPLAIN CRESCENT,53RD AV,POOR,817.4,0.195,0.8,0,0.8,1.6127212387661984,0.8,0,1,1.0,0.552
STEPHENS ST,6TH AV,5TH AV,VERY GOOD,1859.4,0.024,0.1,0,0.1,1.419243968265448,0.8,0,1,1.0,0.403
PENDRELL ST,BROUGHTON ST,JERVIS ST,VERY GOOD,304.3,0.544,0.1,0,0.1,134.8504444093271,0.5,0,1,1.0,0.406
SOPHIA ST,17TH AV,16TH AV,FAIR,1492.7,0.051,0.5,0,0.5,1.3679575727532551,0.8,0,1,1.0,0.477
NANAIMO ST,48TH AV,WAVERLEY AV,VERY GOOD,1312.2,0.072,0.1,0,0.1,0.9317013942450671,0.8,0,1,1.0,0.41
QUEBEC ST,4TH AV,3RD AV,POOR,179.4,0.699,0.8,0,0.8,1.6508019965386325,0.8,0,1,1.0,0.628
OSLER ST,52ND AV,51ST AV,FAIR,1399.2,0.061,0.5,0,0.5,1.3901930102516076,0.8,0,1,1.0,0.479
SMITHE ST,HORNBY ST,BURRARD ST,GOOD,89.2,0.837,0.3,0,0.3,314.75834086600537,0.5,0,1,1.0,0.486
PACIFIC BLVD,DRAKE ST,DAVIE ST,FAIR,225.6,0.637,0.5,0,0.5,68.8701376464549,0.5,0,1,1.0,0.491
NELSON ST,DENMAN ST,BIDWELL ST,FAIR,528.1,0.348,0.5,0,0.5,134.8010242379528,0.5,0,1,1.0,0.447
SLOCAN ST,2ND AV,1ST AV,FAIR,876.5,0.173,0.5,0,0.5,0.6041245091706742,0.8,0,1,1.0,0.496
STEPHENS ST,11TH AV,10TH AV,POOR,2090.5,0.015,0.8,0,0.8,1.4706600405356767,0.8,0,1,1.0,0.525
TRAFALGAR ST,11TH AV,10TH AV,FAIR,1989.8,0.019,0.5,0,0.5,1.4659860752762484,0.8,0,1,1.0,0.473
PRINCE EDWARD ST,55TH AV,54TH AV,VERY GOOD,801.6,0.201,0.1,0,0.1,1.5729780184281594,0.8,0,1,1.0,0.43
NANAIMO ST,15TH AV,GRANDVIEW HWY,FAIR,335.9,0.511,0.5,0,0.5,0.1500754991758413,0.8,0,1,1.0,0.547
TRIUMPH ST,PENTICTON ST,SLOCAN ST,GOOD,588.5,0.308,0.3,0,0.3,90.11462140308163,0.5,0,1,1.0,0.406
ONTARIO ST,50TH AV,49TH AV,FAIR,17.2,0.966,0.5,0,0.5,1.3436784197373868,0.8,0,1,1.0,0.615
SOPHIA ST,47TH AV,46TH AV,GOOD,538.4,0.341,0.3,0,0.3,0.07352001540959918,0.8,0,1,1.0,0.486
PARK DR,GRANVILLE ST,59TH AV,VERY POOR,1334.0,0.069,0.95,0,0.95,113.93337958780592,0.5,0,1,1.0,0.485
ST GEORGE ST,27TH AV,26TH AV,VERY GOOD,1170.0,0.096,0.1,0,0.1,1.0304772915945932,0.8,0,1,1.0,0.414
ST GEORGE ST,54TH AV,53RD AV,FAIR,967.8,0.144,0.5,0,0.5,0.9597778398375567,0.8,0,1,1.0,0.492
PENDER ST,RENFREW ST,NOOTKA ST,POOR,133.4,0.766,0.8,0,0.8,90.11528171422867,0.5,0,1,1.0,0.563
STANLEY PARK DR,PIPELINE ROAD,VANCOUVER AQUARIUM ST,VERY GOOD,64.9,0.878,0.1,0,0.1,83.78293879262839,0.5,1,1,1.0,0.757
MONTCALM ST,73RD AV,72ND AV,GOOD,425.7,0.427,0.3,0,0.3,2.659305045914209,0.8,0,1,1.0,0.499
ROBSON ST,HOWE ST,GRANVILLE ST,GOOD,61.1,0.885,0.3,0,0.3,134.80609775626783,0.5,0,1,1.0,0.493
NANAIMO ST,ADANAC ST,GEORGIA ST,POOR,1111.4,0.108,0.8,0,0.8,0.25356512592304625,0.8,0,1,1.0,0.539
SELKIRK ST,43RD AV,41ST AV,GOOD,521.5,0.352,0.3,0,0.3,1.3885084719555039,0.8,0,1,1.0,0.488
PRINCE EDWARD ST,59TH AV,58TH AV,VERY GOOD,858.2,0.18,0.1,0,0.1,1.2065504337329571,0.8,0,1,1.0,0.426
ST GEORGE ST,18TH AV,17TH AV,GOOD,1686.3,0.034,0.3,0,0.3,1.4885928642204362,0.8,0,1,1.0,0.44
PINE CRES,ANGUS DRIVE,36TH AV,POOR,718.3,0.238,0.8,0,0.8,1.084674926383343,0.8,0,1,1.0,0.559
STAINSBURY AV,GLENGYLE ST,SIDNEY ST,POOR,389.3,0.459,0.8,0,0.8,112.92338280644037,0.5,0,1,1.0,0.517
SELKIRK ST,NANTON AV,27TH AV,FAIR,627.0,0.285,0.5,0,0.5,1.4862514895512504,0.8,0,1,1.0,0.513
PRINCE ALBERT ST,52ND AV,51ST AV,VERY POOR,1339.6,0.069,0.95,0,0.95,1.000772926422826,0.8,0,1,1.0,0.56
ST GEORGE ST,12TH AV,11TH AV,VERY GOOD,1206.0,0.09,0.1,0,0.1,0.723547631838187,0.8,0,1,1.0,0.413
PORTSIDE DR,KENT AV NORTH,SOUTHSIDE DRIVE,VERY GOOD,37.6,0.928,0.1,0,0.1,2.657051312890303,0.8,0,1,1.0,0.539
MCGILL ST,FELLOWES ST,KOOTENAY ST,POOR,558.6,0.327,0.8,0,0.8,90.12118741317664,0.5,0,1,1.0,0.497
STANLEY PARK DR,N LAGOON DRIVE,BEACH AV / LAGOON DRIVE,VERY GOOD,248.7,0.608,0.1,0,0.1,153.5377875170078,0.2,0,1,1.0,0.341
SKEENA ST,SOUTH END,WILLIAM ST,GOOD,60.9,0.885,0.3,0,0.3,359.9548001059868,0.8,0,1,1.0,0.568
SLOCAN ST,5TH AV,4TH AV,FAIR,622.5,0.288,0.5,0,0.5,0.6541000062667877,0.8,0,1,1.0,0.513
ROSS ST,51ST AV,50TH AV,GOOD,1698.8,0.033,0.3,0,0.3,1.6015270687053658,0.8,0,1,1.0,0.44
VENABLES ST,CAMPBELL AV / PRIOR ST,RAYMUR AV,FAIR,219.8,0.644,0.5,0,0.5,77.87357841771706,0.5,0,1,1.0,0.492
WELLINGTON AV,RUBY ST,ABERDEEN ST,FAIR,614.5,0.293,0.5,0,0.5,122.17120186522521,0.5,0,1,1.0,0.439
WINDSOR ST,17TH AV,15TH AV,FAIR,1457.9,0.054,0.5,0,0.5,3.7120951906763935,0.8,0,1,1.0,0.478
VERNON DR,NAPIER ST,PARKER ST,VERY POOR,652.0,0.271,0.95,0,0.95,1.141399009071847,0.8,0,1,1.0,0.59
WILLIAM ST,ODLUM DRIVE,MCLEAN DRIVE,POOR,865.4,0.177,0.8,0,0.8,91.00096632028328,0.5,0,1,1.0,0.474
WILTSHIRE ST,43RD AV,41ST AV,NO DATA,791.4,0.205,0.5,1,0.4,1.5002674679780057,0.8,0,1,1.0,0.483
VANNESS AV,SPENCER ST,MCHARDY ST,FAIR,659.2,0.268,0.5,0,0.5,122.13914956354796,0.5,0,1,1.0,0.435
WINDERMERE ST,25TH AV,24TH AV,POOR,655.6,0.27,0.8,0,0.8,0.1251827776322898,0.8,0,1,1.0,0.563
VINE ST,5TH AV,4TH AV,VERY GOOD,1308.7,0.073,0.1,0,0.1,1.5358325947069602,0.8,0,1,1.0,0.41
WINDERMERE ST,GRAVELEY ST,GRANT ST,VERY GOOD,414.7,0.436,0.1,0,0.1,0.6486702809539224,0.8,0,1,1.0,0.465
VANNESS AV,ORMIDALE ST,BOUNDARY ROAD,VERY GOOD,1081.5,0.115,0.1,0,0.1,126.78346484864028,0.5,0,1,1.0,0.342
YUKON ST,5TH AV,4TH AV,GOOD,316.0,0.532,0.3,0,0.3,1.7567954232997636,0.8,0,1,1.0,0.515
WATERLOO ST,16TH AV,15TH AV,VERY GOOD,1585.7,0.042,0.1,0,0.1,1.4804750317820776,0.8,0,1,1.0,0.406
VICTORIA DR,TRIUMPH ST,POWELL ST,VERY POOR,1726.4,0.032,0.95,0,0.95,0.6085959525506723,0.8,0,1,1.0,0.554
WALLACE ST,33RD AV,32ND AV,VERY GOOD,1788.9,0.028,0.1,0,0.1,0.4678858713539853,0.8,0,1,1.0,0.403
VICTORIA DR,26TH AV,25TH AV,GOOD,685.6,0.254,0.3,0,0.3,1.1069474463169513,0.8,0,1,1.0,0.473
WALES ST,37TH AV,KINGSWAY,VERY POOR,74.9,0.861,0.95,0,0.95,4.294996818871425,0.8,0,1,1.0,0.679
WILLIAM ST,WEST END,VERNON DRIVE,GOOD,550.5,0.333,0.3,0,0.3,91.1755028885832,0.5,0,1,1.0,0.41
VERNON DR,PENDER ST,HASTINGS ST,VERY GOOD,819.1,0.194,0.1,0,0.1,1.3524477680167593,0.8,0,1,1.0,0.429
WILLOW ST,8TH AV,7TH AV,VERY POOR,233.4,0.627,0.95,0,0.95,1.5135215224389071,0.8,0,1,1.0,0.644
VALLEY DR,MCMULLEN AV,MCBAIN AV,POOR,1768.6,0.029,0.8,0,0.8,334.85140270194114,0.8,0,1,1.0,0.527
WILLIAM ST,RUPERT ST,CASSIAR ST,VERY POOR,190.6,0.683,0.95,0,0.95,90.35412607597993,0.5,0,1,1.0,0.577
WINDSOR ST,39TH AV,38TH AV,GOOD,1571.4,0.043,0.3,0,0.3,1.0268588196032624,0.8,0,1,1.0,0.441
WOLFE AV,BIRCH ST,15TH AV,FAIR,718.5,0.238,0.5,0,0.5,278.23789390630577,0.5,0,1,1.0,0.431
WINDERMERE ST,PARKER ST,VENABLES ST,POOR,568.1,0.321,0.8,0,0.8,0.5606924205203541,0.8,0,1,1.0,0.571
WELLINGTON AV,MCHARDY ST,MCGEER ST,GOOD,421.9,0.43,0.3,0,0.3,121.85504955750275,0.5,0,1,1.0,0.424
WALES ST,46TH AV,45TH AV,VERY GOOD,911.1,0.162,0.1,0,0.1,2.123007069763105,0.8,0,1,1.0,0.424
WOODLAND DR,BROADWAY,8TH AV,VERY GOOD,945.6,0.151,0.1,0,0.1,0.6400527424526103,0.8,0,1,1.0,0.422
WINDERMERE ST,3RD AV,2ND AV,VERY GOOD,527.4,0.348,0.1,0,0.1,0.6142075143854981,0.8,0,1,1.0,0.452
WILLOW ST,16TH AV,15TH AV,VERY GOOD,232.4,0.628,0.1,0,0.1,0.08647917048352838,0.8,0,1,1.0,0.494
WALLACE ST,10TH AV,10TH AV,NO DATA,762.2,0.218,0.5,1,0.4,1.3880871466054145,0.8,0,1,1.0,0.485
VICTORIA DR,FRANKLIN ST,PANDORA ST,VERY POOR,1708.5,0.033,0.95,0,0.95,0.7656057158520184,0.8,0,1,1.0,0.554
VICTORIA DR,32ND AV,31ST AV,VERY POOR,1145.4,0.101,0.95,0,0.95,1.3455956180122826,0.8,0,1,1.0,0.564
VINE ST,22ND AV,21ST AV,FAIR,2046.7,0.017,0.5,0,0.5,1.4798934114118651,0.8,0,1,1.0,0.472
VERNON DR,2ND AV,TERMINAL AV OP,VERY GOOD,899.5,0.165,0.1,0,0.1,1.668768316140472,0.8,1,1,1.0,0.724
VIVIAN ST,53RD AV,52ND AV,POOR,814.7,0.196,0.8,0,0.8,1.9659509020401629,0.8,0,1,1.0,0.552
UPLAND DR,DUFF ST,HUMM ST,FAIR,1181.0,0.094,0.5,0,0.5,91.4285476309388,0.5,0,1,1.0,0.409
WILLOW ST,38TH AV,37TH AV,FAIR,462.7,0.396,0.5,0,0.5,1.3755779398887285,0.8,0,1,1.0,0.53
WINDERMERE ST,19TH AV,18TH AV,VERY POOR,563.5,0.324,0.95,0,0.95,0.11693289207164526,0.8,0,1,1.0,0.598
VENABLES ST,GEORGE ST,VERNON DRIVE,POOR,573.1,0.318,0.8,0,0.8,91.24591539141733,0.5,0,1,1.0,0.496
VICTORIA DR,11TH AV,10TH AV,POOR,407.0,0.443,0.8,0,0.8,0.7620523117874427,0.8,0,1,1.0,0.59
WATERLOO ST,5TH AV,4TH AV,VERY POOR,996.4,0.136,0.95,0,0.95,1.5447876375697547,0.8,0,1,1.0,0.57
VICTORIA DR,42ND AV,41ST AV,POOR,1203.9,0.09,0.8,0,0.8,1.0922291290635258,0.8,0,1,1.0,0.536
WELLINGTON AV,HOY ST,BOUNDARY ROAD,GOOD,744.5,0.226,0.3,0,0.3,104.93023529730687,0.5,0,1,1.0,0.394
VERNON DR,WILLIAM ST,NAPIER ST,FAIR,653.3,0.271,0.5,0,0.5,0.7127181814715868,0.8,0,1,1.0,0.511
WOODLAND DR,3RD AV,2ND AV,VERY GOOD,1264.7,0.08,0.1,0,0.1,0.7984785556227507,0.8,0,1,1.0,0.411
WILTSHIRE ST,69TH AV,68TH AV,VERY POOR,416.1,0.435,0.95,0,0.95,1.393897372871038,0.8,0,1,1.0,0.615
WILLIAM ST,ROSSLAND ST,RENFREW ST,VERY GOOD,815.9,0.196,0.1,0,0.1,90.11708872634819,0.5,0,1,1.0,0.354
WINDERMERE ST,PENDER ST,HASTINGS ST,VERY GOOD,211.7,0.655,0.1,0,0.1,0.10723380412503047,0.8,0,1,1.0,0.498
WALLACE ST,39TH AV,38TH AV,VERY POOR,1232.7,0.085,0.95,0,0.95,0.3626686027834012,0.8,0,1,1.0,0.562
YEW ST,23RD AV,22ND AV,VERY GOOD,1848.5,0.025,0.1,0,0.1,1.5176120425257977,0.8,0,1,1.0,0.403
WILLIAM ST,LAKEWOOD DRIVE,TEMPLETON DRIVE,VERY POOR,1400.4,0.061,0.95,0,0.95,89.99716664720984,0.5,0,1,1.0,0.483
WALL ST,RENFREW ST,YALE ST,VERY GOOD,437.9,0.417,0.1,0,0.1,126.21067729928166,0.5,0,1,1.0,0.387
WILTSHIRE ST,52ND AV,51ST AV,NO DATA,1245.6,0.083,0.5,1,0.4,1.2025804821458905,0.8,0,1,1.0,0.465
VERNON DR,ADANAC ST,GEORGIA ST,VERY POOR,653.3,0.271,0.95,0,0.95,1.1943531171646669,0.8,0,1,1.0,0.59
YALE ST,RENFREW ST,WALL ST,VERY POOR,438.1,0.416,0.95,0,0.95,90.0333662900606,0.5,0,1,1.0,0.537
VENABLES ST,MCLEAN DRIVE,WOODLAND DRIVE,VERY POOR,969.1,0.144,0.95,0,0.95,91.23682794941004,0.5,0,1,1.0,0.496
WILLIAM ST,NANAIMO ST,KAMLOOPS ST,NO DATA,1223.0,0.087,0.5,1,0.4,90.15007388800922,0.5,0,1,1.0,0.39
VICTORIA DR,HULL ST,VICTORIA DIVERSION,FAIR,327.0,0.52,0.5,0,0.5,327.53005549900047,0.8,0,1,1.0,0.548
VICTORIA DR,KINGSWAY,28TH AV,FAIR,973.8,0.143,0.5,0,0.5,1.1071934627758537,0.8,0,1,1.0,0.491
WOODLAND DR,FRANKLIN ST,PANDORA ST,GOOD,1321.8,0.071,0.3,0,0.3,1.17476603172247,0.8,0,1,1.0,0.445
VALLEY DR_1,YEW ST,ARBUTUS ST,VERY POOR,1329.7,0.07,0.95,0,0.95,118.52818215762147,0.5,0,1,1.0,0.485
VIVIAN DR,BRIGHTWOOD PLACE,LYNBROOK DRIVE,POOR,301.0,0.548,0.8,0,0.8,27.53348424703023,0.8,0,1,1.0,0.605
WOODSTOCK AV,MAIN ST,SOPHIA ST,FAIR,672.1,0.261,0.5,0,0.5,91.8307286303355,0.5,0,1,1.0,0.434
WILLOW ST,41ST AV,39TH AV,VERY POOR,562.6,0.325,0.95,0,0.95,1.3754529523297947,0.8,0,1,1.0,0.598
YUKON ST,11TH AV,10TH AV,FAIR,385.0,0.463,0.5,0,0.5,1.4988487985199868,0.8,0,1,1.0,0.54
YUKON ST,14TH AV,13TH AV,VERY GOOD,567.9,0.321,0.1,0,0.1,1.4949518035633105,0.8,0,1,1.0,0.448
VIVIAN ST,46TH AV,45TH AV,VERY GOOD,912.2,0.161,0.1,0,0.1,2.0511732831217273,0.8,0,1,1.0,0.424
YUKON ST,KENT AV NORTH,SW MARINE DRIVE,FAIR,42.8,0.918,0.5,0,0.5,0.3644712864990538,0.8,0,1,1.0,0.608
WALLACE ST,16TH AV,15TH AV,VERY POOR,1258.4,0.081,0.95,0,0.95,1.5146199731573233,0.8,0,1,1.0,0.561
VENABLES ST,LAKEWOOD DRIVE,TEMPLETON DRIVE,FAIR,1398.8,0.061,0.5,0,0.5,90.71426141933074,0.5,0,1,1.0,0.404
WOODLAND DR,SOUTH END,15TH AV,GOOD,786.0,0.208,0.3,0,0.3,1.48957748209898,0.8,0,1,1.0,0.466
WALES ST,WAVERLEY AV,47TH AV,FAIR,1113.0,0.108,0.5,0,0.5,2.02837387119132,0.8,0,1,1.0,0.486
YUKON ST,63RD AV,62ND AV,VERY POOR,28.3,0.945,0.95,0,0.95,1.5214488630538767,0.8,0,1,1.0,0.692
WHITHORN CRT,NORTHWEST END,ARLINGTON ST,VERY GOOD,831.8,0.189,0.1,0,0.1,120.0863736100556,0.5,0,1,1.0,0.353
YUKON ST,6TH AV,5TH AV,FAIR,363.7,0.483,0.5,0,0.5,1.7348007824043066,0.8,0,1,1.0,0.543
12TH AV,ALMA ST,DUNBAR ST,NO DATA,1089.3,0.113,0.5,1,0.4,91.52608057547803,0.5,0,1,1.0,0.394
55TH AV,KNIGHT ST,LANARK ST,VERY POOR,1189.5,0.093,0.95,0,0.95,90.49739178020047,0.5,0,1,1.0,0.488
COLLINGWOOD ST,COLLINGWOOD PLACE,43RD AV,GOOD,441.0,0.414,0.3,0,0.3,0.49386023237047993,0.8,0,1,1.0,0.497
BARCLAY ST,BUTE ST,THURLOW ST,POOR,198.9,0.672,0.8,0,0.8,134.7982564921399,0.5,0,1,1.0,0.549
20TH AV,CAROLINA ST,FRASER ST,VERY POOR,1745.8,0.03,0.95,0,0.95,91.4006824301594,0.5,0,1,1.0,0.479
7TH AV,MANITOBA ST,ONTARIO ST,FAIR,575.4,0.316,0.5,0,0.5,91.73172909100543,0.5,0,1,1.0,0.443
CAMBIE ST,DUNSMUIR ST,PENDER ST,VERY GOOD,135.6,0.762,0.1,0,0.1,44.5267196203381,0.8,0,1,1.0,0.514
23RD AV,MAIN ST,SOPHIA ST,FAIR,1043.5,0.124,0.5,0,0.5,90.46638642618927,0.5,0,1,1.0,0.414
43RD AV,CHURCHILL ST,GRANVILLE ST,VERY POOR,665.6,0.264,0.95,0,0.95,91.45530559968779,0.5,0,1,1.0,0.514
62ND AV,ST. GEORGE ST,FRASER ST,FAIR,847.6,0.184,0.5,0,0.5,91.70069748139207,0.5,0,1,1.0,0.423
CHAMPLAIN CRES,MARQUETTE CRESCENT,MAQUINNA DRIVE,GOOD,229.8,0.631,0.3,0,0.3,352.669333069508,0.8,0,1,1.0,0.53
CAMBIE ST,EXPO BOULEVARD / PACIFIC BOULEVARD,NELSON ST,FAIR,47.7,0.909,0.5,0,0.5,23.034144772564503,0.8,0,1,1.0,0.607
BORDEN ST,64TH AV,63RD AV,POOR,363.3,0.484,0.8,0,0.8,0.6405673734540187,0.8,0,1,1.0,0.596
15TH AV,NANAIMO ST,COPLEY ST,VERY GOOD,335.9,0.511,0.1,0,0.1,113.05055488342555,0.5,0,1,1.0,0.401
19TH AV,DUMFRIES ST,EAST END,GOOD,688.4,0.252,0.3,0,0.3,91.41509446630471,0.5,0,1,1.0,0.398
22ND AV,NOOTKA ST,LILLOOET ST,POOR,852.9,0.182,0.8,0,0.8,90.16400907839108,0.5,0,1,1.0,0.475
49TH AV,MARGUERITE ST,ADERA ST,VERY GOOD,1332.5,0.07,0.1,0,0.1,91.22266649294914,0.5,0,1,1.0,0.335
63RD AV,ST. GEORGE ST,POPLAR ST,VERY GOOD,800.8,0.202,0.1,0,0.1,96.26779885882456,0.5,0,1,1.0,0.355
ASH ST,52ND AV,50TH AV,POOR,518.2,0.355,0.8,0,0.8,1.5640727811054376,0.8,0,1,1.0,0.576
CARTIER ST,BALFOUR AV,MATTHEWS AV,VERY POOR,1211.2,0.089,0.95,0,0.95,354.09766566016253,0.8,0,1,1.0,0.563
61ST AV,HEATHER ST,ASH ST,VERY POOR,479.1,0.384,0.95,0,0.95,91.18631038604241,0.5,0,1,1.0,0.532
36TH AV,BALACLAVA ST,CARNARVON ST,NO DATA,1322.4,0.071,0.5,1,0.4,90.47886545102608,0.5,0,1,1.0,0.388
8TH AV,HEMLOCK ST,BIRCH ST,VERY POOR,106.8,0.808,0.95,0,0.95,91.48247010073169,0.5,0,1,1.0,0.596
3RD AV,COMMERCIAL DRIVE,VICTORIA DRIVE,FAIR,1012.6,0.132,0.5,0,0.5,90.77655847009345,0.5,0,1,1.0,0.415
CAROLINA ST,SOUTH END,EVANS AV,VERY GOOD,376.2,0.471,0.1,0,0.1,14.558481339605635,0.8,0,1,1.0,0.47
64TH AV,SELKIRK ST,OSLER ST,VERY GOOD,1170.7,0.096,0.1,0,0.1,91.41535510056156,0.5,0,1,1.0,0.339
ARBOR AV,MATHESON CRESCENT,BOUNDARY ROAD,VERY GOOD,781.0,0.21,0.1,0,0.1,89.88331379210723,0.5,0,1,1.0,0.356
7TH AV,LARCH ST,BALSAM ST,FAIR,1560.8,0.044,0.5,0,0.5,91.50416095324772,0.5,0,1,1.0,0.401
11TH AV,KINGSWAY,PRINCE EDWARD ST,POOR,1015.0,0.131,0.8,0,0.8,91.32457382247793,0.5,0,1,1.0,0.468
CEDAR CRES,17TH AV,PINE ST,POOR,1221.0,0.087,0.8,0,0.8,91.40980374282509,0.5,0,1,1.0,0.461
34TH AV,MACKENZIE ST,MACDONALD ST,VERY GOOD,1656.6,0.036,0.1,0,0.1,90.46754484259634,0.5,0,1,1.0,0.33
28TH AV,MACKENZIE ST,QUESNEL DRIVE,VERY GOOD,2245.2,0.011,0.1,0,0.1,90.47818223253239,0.5,0,1,1.0,0.326
27TH AV,CROWN ST,CHALDECOTT ST,FAIR,2409.1,0.008,0.5,0,0.5,90.55299464234247,0.5,0,1,1.0,0.396
2ND AV,WATERLOO ST,BLENHEIM ST,VERY POOR,982.0,0.14,0.95,0,0.95,91.52938597248237,0.5,0,1,1.0,0.495
11TH AV,ALBERTA ST,COLUMBIA ST,FAIR,555.1,0.33,0.5,0,0.5,91.48527207810776,0.5,0,1,1.0,0.445
BURRARD ST,HARWOOD ST,BURNABY ST,FAIR,404.1,0.446,0.5,0,0.5,44.7741878310851,0.8,0,1,1.0,0.537
46TH AV,FREMLIN ST,WILLOW ST,VERY GOOD,1056.7,0.121,0.1,0,0.1,93.14225948467868,0.5,0,1,1.0,0.342
21ST AV,CLARK DRIVE,KNIGHT ST,POOR,1032.7,0.127,0.8,0,0.8,91.28713953511624,0.5,0,1,1.0,0.467
23RD AV,24TH AV / CAMBIE ST,YUKON ST,VERY POOR,589.9,0.307,0.95,0,0.95,91.14533488228551,0.5,0,1,1.0,0.521
5TH AV,HERMON DRIVE,SKEENA ST,VERY POOR,467.0,0.393,0.95,0,0.95,89.98796179446015,0.5,0,1,1.0,0.533
4TH AV,BURRARD ST,GRANVILLE BRIDGE SB TO W 4TH WB RAMP,GOOD,363.5,0.483,0.3,0,0.3,91.84953917066815,0.5,0,1,1.0,0.432
17TH AV,PRINCE EDWARD ST,ST. GEORGE ST,VERY POOR,1622.8,0.039,0.95,0,0.95,91.3639736802262,0.5,0,1,1.0,0.48
COMMERCIAL ST,52ND AV,51ST AV,GOOD,1594.9,0.041,0.3,0,0.3,1.2903168173663744,0.8,0,1,1.0,0.441
CAMOSUN ST,SW MARINE DRIVE,40TH AV,POOR,1414.1,0.059,0.8,0,0.8,15.895667056966545,0.8,0,1,1.0,0.532
ALBERNI ST,THURLOW ST,BURRARD ST,VERY POOR,139.7,0.756,0.95,0,0.95,134.81147053053098,0.5,0,1,1.0,0.588
50TH AV,OSLER ST,OAK ST,FAIR,1294.4,0.075,0.5,0,0.5,91.34781863628336,0.5,0,1,1.0,0.406
37TH AV,YEW ST,EAST BOULEVARD,GOOD,1291.2,0.076,0.3,0,0.3,91.5002209358712,0.5,0,1,1.0,0.371
16TH AV,OAK ST,LAUREL ST,POOR,331.0,0.516,0.8,0,0.8,90.52812015211379,0.5,0,1,1.0,0.526
56TH AV,KILLARNEY ST,SHAWNEE PLACE,FAIR,555.9,0.329,0.5,0,0.5,126.10416998663163,0.5,0,1,1.0,0.444
43RD AV,GRANVILLE ST,CARTIER ST,FAIR,648.4,0.273,0.5,0,0.5,92.7494170926418,0.5,0,1,1.0,0.436
COMMERCIAL DR,PARKER ST,VENABLES ST,POOR,1315.6,0.072,0.8,0,0.8,0.8508574169407552,0.8,0,1,1.0,0.534
4TH AV,KOOTENAY ST,BOUNDARY ROAD,VERY GOOD,473.2,0.388,0.1,0,0.1,90.17508419433369,0.5,0,1,1.0,0.383
22ND AV,PUGET DRIVE,CARNARVON ST,VERY GOOD,2411.2,0.008,0.1,0,0.1,90.52171226041412,0.5,0,1,1.0,0.325
35TH AV,CULLODEN ST,KNIGHT ST,VERY POOR,1892.7,0.023,0.95,0,0.95,91.49148860388226,0.5,0,1,1.0,0.478
45TH AV,KNIGHT ST,LANARK ST,GOOD,2058.3,0.016,0.3,0,0.3,91.13980527958665,0.5,0,1,1.0,0.362
17TH AV,ST. CATHERINES ST,WINDSOR ST,VERY POOR,1472.4,0.053,0.95,0,0.95,91.49567585209377,0.5,0,1,1.0,0.482
BEACH AV,LAGOON DRIVE / STANLEY PARK DRIVE,PARK LANE,FAIR,333.3,0.513,0.5,0,0.5,160.95118533548919,0.2,0,1,1.0,0.397
21ST AV,PRINCE EDWARD ST,ST. GEORGE ST,FAIR,1413.4,0.059,0.5,0,0.5,91.41797782351802,0.5,0,1,1.0,0.404
48TH AV,ELLIOTT ST,WALES ST,VERY GOOD,1294.2,0.075,0.1,0,0.1,90.51294018836961,0.5,0,1,1.0,0.336
3RD AV,WATERLOO ST,BLENHEIM ST,POOR,984.5,0.14,0.8,0,0.8,91.55784262272692,0.5,0,1,1.0,0.469
BARCLAY ST,JERVIS ST,BUTE ST,GOOD,243.4,0.615,0.3,0,0.3,134.79820879029864,0.5,0,1,1.0,0.452
ALEXANDRA ST,BEVERLY CRESCENT,28TH AV,VERY POOR,615.0,0.292,0.95,0,0.95,1.3750709506063004,0.8,0,1,1.0,0.593
CAMOSUN ST,40TH AV,39TH AV,POOR,1478.3,0.052,0.8,0,0.8,358.9131012602436,0.8,0,1,1.0,0.531
10TH AV,BALACLAVA ST,CARNARVON ST,VERY GOOD,1592.2,0.041,0.1,0,0.1,91.4930447030938,0.5,0,1,1.0,0.33
CAROLINA ST,11TH AV,10TH AV,FAIR,1211.4,0.089,0.5,0,0.5,0.6833849271798726,0.8,0,1,1.0,0.483
2ND AV,TEMPLETON DRIVE,GARDEN DRIVE,VERY GOOD,798.4,0.203,0.1,0,0.1,90.70499832142059,0.5,0,1,1.0,0.355
BRUCE ST,32ND AV,30TH AV,POOR,1329.7,0.07,0.8,0,0.8,1.64067769299362,0.8,0,1,1.0,0.533
10TH AV,ONTARIO ST,QUEBEC ST,GOOD,864.5,0.177,0.3,0,0.3,91.6362056680884,0.5,0,1,1.0,0.386
49TH AV,MAIN ST,SOPHIA ST,POOR,333.6,0.513,0.8,0,0.8,91.7847040208469,0.5,0,1,1.0,0.525
26TH AV,FRASER ST,PRINCE ALBERT ST,POOR,1458.0,0.054,0.8,0,0.8,92.83515583447081,0.5,0,1,1.0,0.456
COMMERCIAL ST,51ST AV,50TH AV,GOOD,1685.0,0.034,0.3,0,0.3,1.2909614424235656,0.8,0,1,1.0,0.44
39TH AV,ELIZABETH ST,COLUMBIA ST,VERY POOR,490.2,0.375,0.95,0,0.95,87.16822366817638,0.5,0,1,1.0,0.531
CAROLINA ST,SOUTH END,TERMINAL AV,VERY GOOD,500.1,0.368,0.1,0,0.1,14.518549290452029,0.8,1,1,1.0,0.755
45TH AV,MACDONALD ST,TRAFALGAR ST,VERY GOOD,744.6,0.226,0.1,0,0.1,89.06656467829362,0.5,0,1,1.0,0.358
COMMERCIAL DR,18TH AV / FINDLAY ST,16TH AV,FAIR,386.5,0.462,0.5,0,0.5,331.291188822967,0.8,0,1,1.0,0.539
60TH AV,MAIN ST,PRINCE EDWARD ST,VERY POOR,601.2,0.3,0.95,0,0.95,91.92672521737904,0.5,0,1,1.0,0.52
13TH AV,VICTORIA DRIVE,SEMLIN DRIVE,VERY GOOD,162.2,0.723,0.1,0,0.1,90.65367704632376,0.5,0,1,1.0,0.433
7TH AV,KAMLOOPS ST,PENTICTON ST,VERY POOR,255.7,0.6,0.95,0,0.95,90.07965327790384,0.5,0,1,1.0,0.565
40TH AV,QUEBEC ST,MAIN ST,VERY POOR,514.6,0.357,0.95,0,0.95,91.84810733183753,0.5,0,1,1.0,0.528
11TH AV,WALLACE ST,HIGHBURY ST,GOOD,862.0,0.178,0.3,0,0.3,91.44769730030691,0.5,0,1,1.0,0.386
6TH AV,BLENHEIM ST,TRUTCH ST,FAIR,1184.0,0.094,0.5,0,0.5,91.44609139115124,0.5,0,1,1.0,0.409
59TH AV,FREMLIN ST,LAUREL ST,GOOD,969.3,0.144,0.3,0,0.3,91.31946987350489,0.5,0,1,1.0,0.381
CAMOSUN ST,13TH AV,12TH AV,POOR,970.1,0.144,0.8,0,0.8,1.445264342407711,0.8,0,1,1.0,0.544
BALACLAVA ST,23RD AV,QUESNEL DRIVE,GOOD,2293.5,0.01,0.3,0,0.3,0.532681278250152,0.8,0,1,1.0,0.436
COMOX ST,BIDWELL ST,CARDERO ST,FAIR,640.5,0.278,0.5,0,0.5,134.80031489159637,0.5,0,1,1.0,0.437
CHESTNUT ST,MCNICOLL AV,PARKING LOT,FAIR,62.0,0.883,0.5,0,0.5,1.689836578410052,0.8,0,1,1.0,0.603
51ST AV,QUEBEC ST,MAIN ST,VERY POOR,253.4,0.602,0.95,0,0.95,91.8915757758312,0.5,0,1,1.0,0.565
COLUMBIA ST,49TH AV,48TH AV,VERY POOR,72.0,0.866,0.95,0,0.95,359.211632380075,0.8,0,1,1.0,0.68
39TH AV,FRASER ST,CHESTER ST,VERY GOOD,1203.7,0.09,0.1,0,0.1,91.3257099203239,0.5,0,1,1.0,0.338
36TH AV,ARGYLE ST,COMMERCIAL ST,VERY POOR,1300.2,0.074,0.95,0,0.95,92.48364839865076,0.5,0,1,1.0,0.485
62ND AV,PRINCE ALBERT ST,WINDSOR ST,POOR,698.3,0.247,0.8,0,0.8,92.13702094172339,0.5,0,1,1.0,0.485
23RD AV,SKEENA ST,KOOTENAY ST,POOR,595.9,0.304,0.8,0,0.8,89.2208916710751,0.5,0,1,1.0,0.494
64TH AV,LABURNUM ST,ANGUS DRIVE,VERY POOR,468.6,0.392,0.95,0,0.95,84.89012129256406,0.5,0,1,1.0,0.533
57TH AV,ASH CRESCENT,CAMBIE ST,GOOD,445.9,0.41,0.3,0,0.3,91.20134167320657,0.5,0,1,1.0,0.421
ATHLETES WAY,COLUMBIA ST,MANITOBA ST,NO DATA,11.9,0.977,0.5,1,0.4,91.67779001999645,0.5,0,1,1.0,0.524
4TH AV,GRANVILLE ST 2,HEMLOCK ST,POOR,203.5,0.666,0.8,0,0.8,120.49269364761705,0.5,0,1,1.0,0.548
18TH AV,WALLACE ST,HIGHBURY ST,POOR,1536.8,0.046,0.8,0,0.8,90.4910094680655,0.5,0,1,1.0,0.455
CONNAUGHT DR,OSLER ST,OAK ST,FAIR,355.0,0.492,0.5,0,0.5,93.83880834418306,0.5,0,1,1.0,0.469
43RD AV,CAMBIE ST,ALBERTA ST,FAIR,712.2,0.241,0.5,0,0.5,93.46934786786625,0.5,0,1,1.0,0.431
16TH AV,ARBUTUS ST,MAPLE ST,VERY GOOD,1557.6,0.044,0.1,0,0.1,91.48885143835014,0.5,0,1,1.0,0.331
31ST AV,ELM ST,PUGET DRIVE,GOOD,1964.9,0.02,0.3,0,0.3,91.72481777479959,0.5,0,1,1.0,0.362
61ST AV,JASPER CRESCENT,THORNHILL DRIVE,VERY GOOD,709.0,0.242,0.1,0,0.1,90.92086249052886,0.5,0,1,1.0,0.361
CHAMBERS ST,SOUTH END,38TH AV,VERY GOOD,252.3,0.604,0.1,0,0.1,359.4296811159132,0.8,0,1,1.0,0.49
54TH AV,LANARK ST,DUMFRIES ST,GOOD,1283.6,0.077,0.3,0,0.3,91.22513735883172,0.5,0,1,1.0,0.371
BURRARD ST,NELSON ST,SMITHE ST,POOR,38.1,0.927,0.8,0,0.8,44.77623832019202,0.8,0,1,1.0,0.662
72ND AV,SELKIRK ST,OSLER ST,POOR,581.0,0.313,0.8,0,0.8,91.5263557447941,0.5,0,1,1.0,0.495
52ND AV,CYPRESS ST,ANGUS DRIVE,VERY GOOD,1064.2,0.119,0.1,0,0.1,91.22065000684694,0.5,0,1,1.0,0.342
4TH AV,FIR ST,GRANVILLE BRIDGE SB TO W 4TH EB RAMP,FAIR,243.7,0.614,0.5,0,0.5,91.59329491882613,0.5,1,1,1.0,0.787
58TH AV,CARTIER ST,HUDSON ST,GOOD,1535.2,0.046,0.3,0,0.3,92.17648402406684,0.5,0,1,1.0,0.367
AVISON WAY,AVISON WAY TO VAN AQUARIUM ST,STANLEY PARK DRIVE,VERY POOR,134.7,0.764,0.95,0,0.95,78.59381157926668,0.5,0,1,1.0,0.589
15TH AV,ONTARIO ST,QUEBEC ST,GOOD,1135.0,0.103,0.3,0,0.3,91.62489742509837,0.5,0,1,1.0,0.375
45TH AV,WINDSOR ST,ELGIN ST,FAIR,1583.3,0.042,0.5,0,0.5,91.17548636693698,0.5,0,1,1.0,0.401
17TH AV,COLUMBIA ST,MANITOBA ST,POOR,1012.5,0.132,0.8,0,0.8,91.74299893669468,0.5,0,1,1.0,0.468
ALEXANDER ST,JACKSON AV,PRINCESS AV / RAILWAY ST,VERY GOOD,836.2,0.188,0.1,0,0.1,91.6749287963857,0.5,0,1,1.0,0.353
5TH AV,MAIN ST,SCOTIA ST,GOOD,384.8,0.463,0.3,0,0.3,91.6869306150997,0.5,0,1,1.0,0.429
CAMOSUN ST,34TH AV,33RD AV,POOR,1933.8,0.021,0.8,0,0.8,0.8121667207473706,0.8,0,1,1.0,0.526
CLARK DR 1,CLARK DRIVE,14TH AV,POOR,1037.1,0.126,0.8,0,0.8,188.73643486031472,0.2,0,1,1.0,0.392
2ND AV,KAMLOOPS ST,PENTICTON ST,VERY POOR,764.8,0.217,0.95,0,0.95,90.09350190224131,0.5,0,1,1.0,0.507
57TH AV,MARGUERITE ST,ADERA ST,VERY GOOD,1187.6,0.093,0.1,0,0.1,91.19635138220991,0.5,0,1,1.0,0.338
39TH AV,OLYMPIC ST,HIGHBURY ST,FAIR,1114.1,0.108,0.5,0,0.5,90.40596100306152,0.5,0,1,1.0,0.411
7TH AV,ALDER ST,SPRUCE ST,FAIR,116.5,0.792,0.5,0,0.5,91.49996391611,0.5,0,1,1.0,0.514
8TH AV,KAMLOOPS ST,PENTICTON ST,VERY POOR,158.5,0.728,0.95,0,0.95,90.07974414124823,0.5,0,1,1.0,0.584
4TH AV,LILLOOET ST,WINDERMERE ST,VERY POOR,630.7,0.283,0.95,0,0.95,90.38659356468054,0.5,0,1,1.0,0.517
46TH AV,MAIN ST,SOPHIA ST,GOOD,471.3,0.39,0.3,0,0.3,91.793660532834,0.5,0,1,1.0,0.418
42ND AV,YEW ST,WEST BOULEVARD,VERY POOR,1206.1,0.09,0.95,0,0.95,91.46663755826216,0.5,0,1,1.0,0.488
CARTIER ST,SOUTH END,33RD AV,VERY GOOD,59.7,0.887,0.1,0,0.1,0.5364059708700211,0.8,0,1,1.0,0.533
38TH AV,SOPHIA ST,PRINCE EDWARD ST,POOR,552.3,0.331,0.8,0,0.8,91.62783672082963,0.5,0,1,1.0,0.498
BURRARD ST,PACIFIC ST,HARWOOD ST,FAIR,487.3,0.377,0.5,0,0.5,44.77993429040288,0.8,0,1,1.0,0.527
28TH AV,ROSS ST,INVERNESS ST,VERY POOR,1638.2,0.038,0.95,0,0.95,90.50337852064155,0.5,0,1,1.0,0.48
11TH AV,MAPLE ST,CYPRESS ST,VERY GOOD,1145.8,0.101,0.1,0,0.1,91.50438139377252,0.5,0,1,1.0,0.339
45TH AV,COLUMBIA ST,MANITOBA ST,VERY GOOD,454.4,0.403,0.1,0,0.1,93.10264069374307,0.5,0,1,1.0,0.385
BEACH AV EB,BEACH AV,BEACH AV,POOR,503.0,0.366,0.8,0,0.8,146.56548517217323,0.2,0,1,1.0,0.428
13TH AV,WILLOW ST,HEATHER ST,GOOD,34.2,0.934,0.3,0,0.3,91.47040277211573,0.5,0,1,1.0,0.5
CAROLINA ST,BROADWAY,8TH AV,GOOD,1061.5,0.12,0.3,0,0.3,0.6214062032672132,0.8,0,1,1.0,0.453
BONACCORD DR,BURQUITLAM DRIVE,HARRISON DRIVE,VERY POOR,469.3,0.391,0.95,0,0.95,77.97540731895748,0.5,0,1,1.0,0.533
14TH AV,CARNARVON ST,MACKENZIE ST,VERY POOR,1927.0,0.021,0.95,0,0.95,91.49215530647899,0.5,0,1,1.0,0.477
11TH AV,MACKENZIE ST,KITSILANO DIVERSION / MACDONALD ST,VERY GOOD,1889.1,0.023,0.1,0,0.1,89.96685509333281,0.5,0,1,1.0,0.328
BURNABY ST,CARDERO ST,NICOLA ST,VERY POOR,626.1,0.286,0.95,0,0.95,134.8000293896099,0.5,0,1,1.0,0.517
11TH AV,QUEBEC ST,WATSON ST,GOOD,963.6,0.146,0.3,0,0.3,91.65304910994632,0.5,0,1,1.0,0.381
39TH AV,LARCH ST,BALSAM ST,NO DATA,1406.5,0.06,0.5,1,0.4,91.42032207688652,0.5,0,1,1.0,0.386
61ST AV,PRINCE EDWARD ST,ST. GEORGE ST,VERY POOR,916.5,0.16,0.95,0,0.95,91.63475751032433,0.5,0,1,1.0,0.498
59TH AV,PARK DRIVE,CARTIER ST,VERY GOOD,1353.4,0.067,0.1,0,0.1,83.19562349343573,0.5,0,1,1.0,0.334
BURNABY ST,JERVIS ST,BUTE ST,FAIR,314.4,0.533,0.5,0,0.5,135.014217645285,0.2,0,1,1.0,0.4
14TH AV,DUNBAR ST,COLLINGWOOD ST,NO DATA,1337.1,0.069,0.5,1,0.4,91.5528252543001,0.5,0,1,1.0,0.388
45TH AV,JOYCE ST,DOMAN ST,FAIR,1331.0,0.07,0.5,0,0.5,90.22159449388118,0.5,0,1,1.0,0.405
18TH AV,BALSAM ST,VINE ST,POOR,2065.9,0.016,0.8,0,0.8,91.52611797297862,0.5,0,1,1.0,0.45
14TH AV,BURRARD ST,PINE ST,VERY GOOD,1009.9,0.133,0.1,0,0.1,91.48717484432802,0.5,0,1,1.0,0.344
COMOX ST,JERVIS ST,BUTE ST,FAIR,140.4,0.755,0.5,0,0.5,134.79509871171496,0.5,0,1,1.0,0.509
CHESTER ST,SOUTH END,43RD AV,VERY GOOD,1346.1,0.068,0.1,0,0.1,1.099467429003539,0.8,0,1,1.0,0.409
BLENHEIM ST,51ST AV,49TH AV,GOOD,89.7,0.836,0.3,0,0.3,1.1805035001542592,0.8,0,1,1.0,0.561
12TH AV,MAPLE ST,CYPRESS ST,GOOD,1221.1,0.087,0.3,0,0.3,91.52447816866112,0.5,0,1,1.0,0.373
47TH AV,WILTSHIRE ST,MARGUERITE ST,NO DATA,1189.1,0.093,0.5,1,0.4,91.46189178009877,0.5,0,1,1.0,0.391
20TH AV,NOOTKA ST,LILLOOET ST,POOR,661.4,0.266,0.8,0,0.8,90.14049908608376,0.5,0,1,1.0,0.488
10TH AV,VINE ST,YEW ST,VERY GOOD,1413.8,0.059,0.1,0,0.1,91.5292671265097,0.5,0,1,1.0,0.333
49TH AV,WILTSHIRE ST,MARGUERITE ST,VERY GOOD,1370.4,0.065,0.1,0,0.1,91.21231608079495,0.5,0,1,1.0,0.334
45TH AV,MACKENZIE ST,MCCLEERY ST,VERY GOOD,707.8,0.243,0.1,0,0.1,90.6953569994634,0.5,0,1,1.0,0.361
BOBOLINK AV,MUIRFIELD DRIVE,ELLIOTT ST,VERY POOR,459.0,0.399,0.95,0,0.95,94.88322553546828,0.5,0,1,1.0,0.534
13TH AV,CROWN ST,WALLACE ST,NO DATA,1041.0,0.125,0.5,1,0.4,91.40943580025817,0.5,0,1,1.0,0.396
6TH AV,PINE ST,FIR ST,NO DATA,463.5,0.396,0.5,1,0.4,91.532431045225,0.5,0,1,1.0,0.437
BEATTY ST,DUNSMUIR ST,PENDER ST,GOOD,59.2,0.888,0.3,0,0.3,44.73403126281312,0.8,0,1,1.0,0.568
7TH AV,NANAIMO ST,KAMLOOPS ST,GOOD,250.6,0.606,0.3,0,0.3,90.07515378232392,0.5,0,1,1.0,0.451
63RD AV,CHESTER ST,PRINCE ALBERT ST,POOR,668.0,0.263,0.8,0,0.8,91.60647783612308,0.5,0,1,1.0,0.487
1ST AV,TOLMIE ST,SASAMAT ST,POOR,759.1,0.219,0.8,0,0.8,91.85447783981607,0.5,0,1,1.0,0.481
24TH AV,NANAIMO ST,KAMLOOPS ST,GOOD,715.6,0.239,0.3,0,0.3,89.34281233471006,0.5,0,1,1.0,0.396
BURRARD ST,BROADWAY,8TH AV,VERY GOOD,789.9,0.206,0.1,0,0.1,1.4954263860299761,0.8,0,1,1.0,0.43
65TH AV,ADERA ST,GRANVILLE ST,FAIR,783.3,0.209,0.5,0,0.5,91.53822446851484,0.5,0,1,1.0,0.426
17TH AV,SOPHIA ST,PRINCE EDWARD ST,VERY POOR,1591.3,0.041,0.95,0,0.95,91.38782977008589,0.5,0,1,1.0,0.48
37TH AV,SELKIRK ST,OSLER ST,POOR,131.5,0.769,0.8,0,0.8,93.08729775931573,0.5,0,1,1.0,0.564
CHARLESON,LAMEYS MILL ROAD,MOBERLY ROAD,GOOD,43.8,0.916,0.3,0,0.3,91.4482629151504,0.5,1,1,1.0,0.798
COLLINGWOOD ST,7TH AV,6TH AV,POOR,910.1,0.162,0.8,0,0.8,1.5143918770165783,0.8,0,1,1.0,0.547
20TH AV,FLEMING ST,BELLA-VISTA ST,POOR,629.1,0.284,0.8,0,0.8,91.29156761251244,0.5,0,1,1.0,0.491
ALDER CROSSING,6TH AV,LAMEYS MILL ROAD,FAIR,199.2,0.671,0.5,0,0.5,1.5255739605527765,0.8,0,1,1.0,0.571
12TH AV,FRASER ST,PRINCE ALBERT ST,VERY GOOD,1455.4,0.054,0.1,0,0.1,90.79159666789849,0.5,0,1,1.0,0.332
BEACH AV,PARK LANE,CHILCO ST,VERY GOOD,484.0,0.38,0.1,0,0.1,130.1829501560111,0.5,0,1,1.0,0.382
21ST AV,SOPHIA ST,PRINCE EDWARD ST,POOR,1306.4,0.073,0.8,0,0.8,91.43238663736383,0.5,0,1,1.0,0.459
43RD AV,ARLINGTON ST,LINCOLN ST,VERY GOOD,1491.4,0.051,0.1,0,0.1,90.48541279373262,0.5,0,1,1.0,0.332
BLENHEIM ST,30TH AV,29TH AV,GOOD,1921.8,0.021,0.3,0,0.3,0.4675924431097087,0.8,0,1,1.0,0.438
43RD AV,HUDSON ST,SELKIRK ST,GOOD,671.4,0.261,0.3,0,0.3,93.1209602498273,0.5,0,1,1.0,0.399
22ND AV,WINDERMERE ST,RUPERT ST,VERY POOR,768.8,0.215,0.95,0,0.95,90.00732111305138,0.5,0,1,1.0,0.507
53RD AV,INVERNESS ST,CULLODEN ST,VERY POOR,1456.8,0.054,0.95,0,0.95,91.22839879196295,0.5,0,1,1.0,0.482
8TH AV,SCOTIA ST,BRUNSWICK ST,VERY POOR,716.3,0.239,0.95,0,0.95,91.68277247740451,0.5,0,1,1.0,0.51
49TH AV,HUDSON ST,MONTGOMERY ST,FAIR,1278.4,0.078,0.5,0,0.5,93.20834854327188,0.5,0,1,1.0,0.407
55TH AV,ONTARIO ST,QUEBEC ST,GOOD,1224.1,0.086,0.3,0,0.3,86.6829877895853,0.5,0,1,1.0,0.373
BARCLAY ST,CHILCO ST,GILFORD ST,VERY GOOD,213.5,0.652,0.1,0,0.1,134.81099124022154,0.5,0,1,1.0,0.423
50TH AV,HEATHER ST,NEAL ST,FAIR,878.9,0.172,0.5,0,0.5,93.31685923521616,0.5,0,1,1.0,0.421
7TH AV,FRASER ST,PRINCE ALBERT ST,VERY GOOD,1114.4,0.108,0.1,0,0.1,90.76617503436341,0.5,0,1,1.0,0.34
52ND AV,CARTIER ST,HUDSON ST,POOR,1576.6,0.043,0.8,0,0.8,91.35571637046172,0.5,0,1,1.0,0.454
35TH AV,GLADSTONE ST,NANAIMO ST,FAIR,587.0,0.309,0.5,0,0.5,90.55532376424509,0.5,0,1,1.0,0.441
16TH AV,MANITOBA ST,ONTARIO ST,POOR,1083.4,0.115,0.8,0,0.8,92.2593307386378,0.5,0,1,1.0,0.465
AVISON WAY,VANCOUVER AQUARIUM ST,AVISON WAY TO VAN AQUARIUM ST,VERY POOR,78.3,0.855,0.95,0,0.95,78.89638898713406,0.5,0,1,1.0,0.603
51ST AV,PRINCE ALBERT ST,WINDSOR ST,POOR,1339.5,0.069,0.8,0,0.8,91.23945389415138,0.5,0,1,1.0,0.458
42ND AV,CLARENDON ST,WALES ST,GOOD,645.2,0.275,0.3,0,0.3,90.40505613358596,0.5,0,1,1.0,0.401
28TH AV,SIDNEY ST,GLADSTONE ST,VERY POOR,948.9,0.15,0.95,0,0.95,90.30963259671171,0.5,0,1,1.0,0.497
11TH AV,CAROLINA ST,FRASER ST,VERY POOR,1288.2,0.076,0.95,0,0.95,90.7404809412538,0.5,0,1,1.0,0.486
38TH AV,CAMBIE ST,ALBERTA ST,FAIR,564.1,0.324,0.5,0,0.5,93.44689456750268,0.5,0,1,1.0,0.444
46TH AV,NANAIMO ST,ELLIOTT ST,GOOD,1048.3,0.123,0.3,0,0.3,90.25338336489216,0.5,0,1,1.0,0.378
50TH AV,TYNE ST,TODERICK ST,FAIR,1178.5,0.095,0.5,0,0.5,109.91784153186262,0.5,0,1,1.0,0.409
CARRALL ST,HASTINGS ST,CORDOVA ST,FAIR,200.1,0.67,0.5,0,0.5,1.6130970766180894,0.8,0,1,1.0,0.571
54TH AV,KILLARNEY ST,RUPERT ST,VERY POOR,718.8,0.238,0.95,0,0.95,90.38245457543076,0.5,0,1,1.0,0.51
46TH AV,ELLIOTT ST,WALES ST,FAIR,1012.3,0.132,0.5,0,0.5,90.52654472034294,0.5,0,1,1.0,0.415
COMOX ST,NORTHWEST END,CHILCO ST,VERY GOOD,321.3,0.526,0.1,0,0.1,134.82320450491807,0.5,0,1,1.0,0.404
24TH AV,BALACLAVA ST,QUESNEL DRIVE,NO DATA,2486.8,0.007,0.5,1,0.4,90.41267979787597,0.5,0,1,1.0,0.378
COLUMBIA ST,62ND AV,59TH AV,GOOD,139.0,0.757,0.3,0,0.3,1.494915445564743,0.8,0,1,1.0,0.549
36TH AV,MACKENZIE ST,MACDONALD ST,GOOD,1469.0,0.053,0.3,0,0.3,90.47853101453939,0.5,0,1,1.0,0.368
5TH AV,SEMLIN DRIVE,LAKEWOOD DRIVE,GOOD,669.9,0.262,0.3,0,0.3,90.76059536670698,0.5,0,1,1.0,0.399
49TH AV,BEATRICE ST,VICTORIA DRIVE,POOR,1757.4,0.03,0.8,0,0.8,90.79912719428899,0.5,0,1,1.0,0.452
57TH AV,SHERBROOKE ST,INVERNESS ST,VERY POOR,1076.8,0.116,0.95,0,0.95,90.59088971549392,0.5,0,1,1.0,0.492
62ND AV,ONTARIO ST,MAIN ST,FAIR,481.2,0.382,0.5,0,0.5,91.39987021822981,0.5,0,1,1.0,0.452
CAMBRIDGE ST,NANAIMO ST,KAMLOOPS ST,VERY GOOD,1051.8,0.122,0.1,0,0.1,90.05266341450664,0.5,0,1,1.0,0.343
CAROLINA ST,22ND AV,21ST AV,VERY POOR,1620.3,0.039,0.95,0,0.95,1.4226183620033908,0.8,0,1,1.0,0.555
11TH AV,SKEENA ST,BOUNDARY ROAD,GOOD,142.5,0.752,0.3,0,0.3,89.79304485444521,0.5,0,1,1.0,0.473
CLARENDON ST_1,KINGSWAY,GALT ST / GOTHARD ST,GOOD,403.9,0.446,0.3,0,0.3,0.2990259149024155,0.8,0,1,1.0,0.502
13TH AV,TOLMIE ST,SASAMAT ST,NO DATA,1357.8,0.066,0.5,1,0.4,91.50855495050502,0.5,0,1,1.0,0.387
BLENHEIM ST,33RD AV,32ND AV,VERY GOOD,1605.3,0.04,0.1,0,0.1,0.5516159868627142,0.8,0,1,1.0,0.405
ARCHIMEDES ST,JOYCE ST,STAMFORD ST,FAIR,1002.9,0.135,0.5,0,0.5,121.63725651166976,0.5,0,1,1.0,0.415
37TH AV,ELIZABETH ST,COLUMBIA ST,FAIR,376.0,0.471,0.5,0,0.5,83.01523921956334,0.5,0,1,1.0,0.466
49TH AV,LANARK ST,DUMFRIES ST,POOR,1823.3,0.026,0.8,0,0.8,91.10616223723821,0.5,0,1,1.0,0.452
20TH AV,PENTICTON ST,SLOCAN ST,VERY POOR,705.0,0.244,0.95,0,0.95,90.10207690015943,0.5,0,1,1.0,0.511
ARGYLE ST,56TH AV,55TH AV,GOOD,1157.5,0.099,0.3,0,0.3,0.361950462007826,0.8,0,1,1.0,0.449
5TH AV,SKEENA ST,EAST END,VERY GOOD,467.1,0.393,0.1,0,0.1,87.504384246141,0.5,0,1,1.0,0.383
17TH AV,KNIGHT ST,EAST END,GOOD,810.2,0.198,0.3,0,0.3,87.17231563145123,0.5,0,1,1.0,0.389
23RD AV,PENTICTON ST,SLOCAN ST,FAIR,847.1,0.184,0.5,0,0.5,90.08063400706624,0.5,0,1,1.0,0.423
54TH AV,CYPRESS ST,ANGUS DRIVE,FAIR,952.7,0.149,0.5,0,0.5,91.21536049967614,0.5,0,1,1.0,0.417
8TH AV,VINE ST,YEW ST,NO DATA,1293.7,0.075,0.5,1,0.4,91.50288418717673,0.5,0,1,1.0,0.389
49TH AV,LAUREL ST,HEATHER ST,FAIR,994.2,0.137,0.5,0,0.5,93.32126215595753,0.5,0,1,1.0,0.415
55TH AV,ROSS ST,SHERBROOKE ST,VERY GOOD,1259.1,0.081,0.1,0,0.1,90.63545254191939,0.5,0,1,1.0,0.336
5TH AV,HIGHBURY ST,ALMA ST,VERY GOOD,483.1,0.38,0.1,0,0.1,91.58012160743027,0.5,0,1,1.0,0.382
10TH AV,CYPRESS ST,BURRARD ST,VERY POOR,972.6,0.143,0.95,0,0.95,91.4926190723616,0.5,0,1,1.0,0.496
6TH AV,CAMBIE ST NB TO W 2ND RAMP,YUKON ST,POOR,350.6,0.496,0.8,0,0.8,91.6679813316299,0.5,0,1,1.0,0.523
CARNARVON ST,13TH AV,12TH AV,POOR,1814.8,0.027,0.8,0,0.8,1.4895761585157743,0.8,0,1,1.0,0.527
21ST AV,MACDONALD ST,TRAFALGAR ST,POOR,2531.5,0.006,0.8,0,0.8,90.51776241068609,0.5,0,1,1.0,0.449
COLUMBIA ST,46TH AV,45TH AV,GOOD,355.6,0.491,0.3,0,0.3,358.5118766892259,0.8,0,1,1.0,0.509
45TH AV,CLARENDON ST / ELLIOTT ST,WALES ST,POOR,911.1,0.162,0.8,0,0.8,90.40758457104948,0.5,0,1,1.0,0.472
14TH AV,COLUMBIA ST,MANITOBA ST,GOOD,810.5,0.198,0.3,0,0.3,91.57552878150386,0.5,0,1,1.0,0.389
20TH AV,EAST END,PENTICTON ST,POOR,462.7,0.396,0.8,0,0.8,89.53768064210345,0.5,0,1,1.0,0.508
35TH AV,CARNARVON ST,MACKENZIE ST,GOOD,1481.8,0.052,0.3,0,0.3,90.47447697194366,0.5,0,1,1.0,0.367
15TH AV,COLUMBIA ST,MANITOBA ST,FAIR,875.6,0.174,0.5,0,0.5,92.92969914995024,0.5,0,1,1.0,0.421
23RD AV,COLLINGWOOD ST,BLENHEIM ST,VERY POOR,2193.3,0.012,0.95,0,0.95,90.47957006130878,0.5,0,1,1.0,0.476
49TH AV,MARINE CRESCENT 1,BALSAM ST,GOOD,402.7,0.447,0.3,0,0.3,91.15717610298043,0.5,0,1,1.0,0.427
5TH AV,ALMA ST,DUNBAR ST,GOOD,604.7,0.298,0.3,0,0.3,91.60836027371181,0.5,0,1,1.0,0.405
46TH AV,YEW ST,WEST BOULEVARD,NO DATA,848.3,0.183,0.5,1,0.4,91.47917247320186,0.5,0,1,1.0,0.405
KAMLOOPS ST,24TH AV,23RD AV,POOR,721.9,0.236,0.8,0,0.8,0.2870011361065963,0.8,0,1,1.0,0.558
LAKEWOOD DR,GEORGIA ST,FERNDALE ST,GOOD,1444.0,0.056,0.3,0,0.3,359.4001280214163,0.8,0,1,1.0,0.443
HAWKS AV,MALKIN AV,PRIOR ST,FAIR,13.6,0.973,0.5,0,0.5,1.6657982264725888,0.8,0,1,1.0,0.617
MAPLE ST,15TH AV,14TH AV,FAIR,1460.6,0.054,0.5,0,0.5,1.5461741590555675,0.8,0,1,1.0,0.478
LABURNUM ST,54TH AV,52ND AV,POOR,852.7,0.182,0.8,0,0.8,1.575769869646706,0.8,0,1,1.0,0.55
INVERNESS ST,27TH AV,26TH AV,GOOD,1500.3,0.05,0.3,0,0.3,1.3018779578339945,0.8,0,1,1.0,0.442
LAKEWOOD DR,NAPIER ST,PARKER ST,FAIR,1538.7,0.046,0.5,0,0.5,2.6488314022020063,0.8,0,1,1.0,0.477
GLEN DR,10TH AV,BROADWAY,FAIR,1398.4,0.061,0.5,0,0.5,0.845953047350406,0.8,0,1,1.0,0.479
CORNWALL AV,ARBUTUS ST,LABURNUM ST,VERY POOR,655.8,0.269,0.95,0,0.95,91.53724808291935,0.5,0,1,1.0,0.515
MANITOBA ST,BROADWAY,8TH AV,FAIR,674.6,0.259,0.5,0,0.5,1.6808442031939421,0.8,0,1,1.0,0.509
FLEMING ST,45TH AV,43RD AV,POOR,1794.9,0.028,0.8,0,0.8,1.2700080641085378,0.8,0,1,1.0,0.527
DUNBAR ST,30TH AV,29TH AV,FAIR,1957.2,0.02,0.5,0,0.5,0.48578081472180656,0.8,0,1,1.0,0.473
DUMFRIES ST,18TH AV,15TH AV,VERY POOR,680.3,0.257,0.95,0,0.95,1.6144043886458803,0.8,0,1,1.0,0.588
ELM ST,42ND AV,41ST AV,VERY GOOD,1076.5,0.116,0.1,0,0.1,1.4263933499876202,0.8,0,1,1.0,0.417
DUNSMUIR ST,BEATTY ST,CAMBIE ST,POOR,77.4,0.857,0.8,0,0.8,313.90762681752676,0.5,0,1,1.0,0.577
JACKSON AV,PRIOR ST,UNION ST,GOOD,354.6,0.492,0.3,0,0.3,1.777449341288559,0.8,0,1,1.0,0.509
LANCASTER PL,SOUTH END,56TH AV,GOOD,534.3,0.344,0.3,0,0.3,1.0198920196052654,0.8,0,1,1.0,0.486
COURTENAY ST,11TH AV,10TH AV,VERY POOR,816.0,0.196,0.95,0,0.95,1.480817694909149,0.8,0,1,1.0,0.579
FIR ST,15TH AV,14TH AV,VERY GOOD,877.9,0.173,0.1,0,0.1,1.505208837652333,0.8,0,1,1.0,0.425
KENT AV S,ST. GEORGE ST,FRASER ST,VERY POOR,216.6,0.648,0.95,0,0.95,82.77946906962904,0.5,0,1,1.0,0.572
HEATHER ST,67TH AV,66TH AV,GOOD,619.7,0.29,0.3,0,0.3,1.258444046167483,0.8,0,1,1.0,0.478
GLEN DR,GEORGIA ST,KEEFER ST,POOR,548.3,0.334,0.8,0,0.8,0.9253777844663773,0.8,0,1,1.0,0.573
FLEMING ST,57TH AV,55TH AV,VERY POOR,1034.0,0.126,0.95,0,0.95,0.4954897427998617,0.8,0,1,1.0,0.568
FRANCES ST,WOODLAND DRIVE,COMMERCIAL DRIVE,NO DATA,1169.1,0.097,0.5,1,0.4,90.92264347173642,0.5,0,1,1.0,0.392
INVERNESS ST,26TH AV,KING EDWARD AV,FAIR,1442.6,0.056,0.5,0,0.5,1.2672640361404888,0.8,0,1,1.0,0.478
HELMCKEN ST,GRANVILLE ST,SEYMOUR ST,FAIR,306.3,0.542,0.5,0,0.5,134.7791768066282,0.5,0,1,1.0,0.477
LILLOOET ST,17TH AV,16TH AV,GOOD,326.2,0.521,0.3,0,0.3,0.24923617622380334,0.8,0,1,1.0,0.513
KASLO ST,10TH AV,BROADWAY,VERY GOOD,533.7,0.344,0.1,0,0.1,0.04294775295176123,0.8,0,1,1.0,0.451
CYPRESS ST,49TH AV,47TH AV,VERY GOOD,1219.6,0.087,0.1,0,0.1,1.466469897686693,0.8,0,1,1.0,0.412
LAUREL ST,43RD AV,42ND AV,GOOD,747.2,0.224,0.3,0,0.3,3.3494217081122315,0.8,0,1,1.0,0.468
KEEFER ST,PRINCESS AV,HEATLEY AV,VERY GOOD,394.4,0.454,0.1,0,0.1,93.45792009940959,0.5,0,1,1.0,0.393
LOGAN ST,SW MARINE DRIVE,70TH AV,VERY POOR,474.9,0.387,0.95,0,0.95,1.4130792375642045,0.8,0,1,1.0,0.608
MACKENZIE ST,23RD AV,22ND AV,POOR,2561.4,0.006,0.8,0,0.8,0.5349033861027692,0.8,0,1,1.0,0.524
HARO ST,SMITHE ST,SOUTHEAST END,FAIR,214.1,0.652,0.5,0,0.5,129.0468184955622,0.5,0,1,1.0,0.493
CROWN ST,18TH AV,16TH AV,FAIR,1352.7,0.067,0.5,0,0.5,0.408177868367261,0.8,0,1,1.0,0.48
JOYCE ST,VANNESS AV,WELLINGTON AV,POOR,463.7,0.396,0.8,0,0.8,32.185847337352186,0.8,1,1,1.0,0.882
KULLAHUN DR,SOUTHWEST END,SW MARINE DRIVE,GOOD,1223.9,0.086,0.3,0,0.3,42.85351948551687,0.8,0,1,1.0,0.448
MAIN ST,13TH AV,12TH AV,FAIR,1068.1,0.118,0.5,0,0.5,1.6839905330321017,0.8,0,1,1.0,0.488
INVERNESS ST,35TH AV,33RD AV,GOOD,1856.5,0.024,0.3,0,0.3,0.22678325032819657,0.8,0,1,1.0,0.438
KERR ST,51ST AV,50TH AV,FAIR,1123.6,0.106,0.5,0,0.5,2.0169388813861246,0.8,0,1,1.0,0.486
FREMLIN ST,63RD AV / PARK DRIVE,62ND AV,VERY GOOD,896.4,0.166,0.1,0,0.1,1.3986115963830912,0.8,0,1,1.0,0.424
KENT AV N,CROMPTON ST,KNIGHT ST OP,FAIR,79.8,0.852,0.5,0,0.5,82.72104608985,0.5,1,1,1.0,0.823
MAPLE ST,17TH AV,16TH AV,VERY POOR,1557.6,0.044,0.95,0,0.95,1.4808223974362136,0.8,0,1,1.0,0.556
JACKSON AV,POWELL ST,ALEXANDER ST,VERY POOR,780.6,0.21,0.95,0,0.95,2.0828580134974573,0.8,0,1,1.0,0.581
LILLOOET ST,VENABLES ST,ADANAC ST,FAIR,464.0,0.395,0.5,0,0.5,1.7820736422327172,0.8,0,1,1.0,0.529
MANOR ST,EUCLID AV,VANNESS AV,GOOD,699.8,0.247,0.3,0,0.3,32.11864353188287,0.8,0,1,1.0,0.472
LANGARA AV,TOLMIE ST,SASAMAT ST,FAIR,772.4,0.213,0.5,0,0.5,91.66879466040172,0.5,0,1,1.0,0.427
HOSMER AV,PINE CRESCENT,ANGUS DRIVE WB,POOR,1504.4,0.049,0.8,0,0.8,81.8953519300436,0.5,0,1,1.0,0.455
HEATHER ST,7TH AV,6TH AV,VERY POOR,219.2,0.645,0.95,0,0.95,1.4835060212521398,0.8,0,1,1.0,0.646
CROWN ST 1,CROWN CRESCENT,CROWN ST,POOR,634.6,0.281,0.8,0,0.8,92.94796820988489,0.5,0,1,1.0,0.49
CREEKSIDE DR,1ST AV,NORTH END,VERY GOOD,58.4,0.89,0.1,0,0.1,356.49396534860375,0.8,0,1,1.0,0.533
FREDERICK ST,50TH AV,49TH AV,VERY POOR,1036.2,0.126,0.95,0,0.95,1.0157033559771662,0.8,0,1,1.0,0.568
CORDOVA ST,RAYMUR AV,GLEN DRIVE,FAIR,812.3,0.197,0.5,0,0.5,91.69810152814574,0.5,0,1,1.0,0.425
HOMER ST,SMITHE ST,ROBSON ST,VERY POOR,117.6,0.79,0.95,0,0.95,44.9740709100156,0.8,0,1,1.0,0.668
GARDEN DR,CAMBRIDGE ST,ETON ST,VERY GOOD,1270.4,0.079,0.1,0,0.1,0.800177072972815,0.8,0,1,1.0,0.411
FERNDALE ST,VICTORIA DRIVE,SEMLIN DRIVE,POOR,1586.0,0.042,0.8,0,0.8,91.6964907491573,0.5,0,1,1.0,0.454
HEATHER ST,59TH AV,57TH AV,GOOD,826.0,0.192,0.3,0,0.3,1.351241277847123,0.8,0,1,1.0,0.463
HIGHBURY ST,6TH AV,5TH AV,VERY GOOD,482.8,0.381,0.1,0,0.1,1.6229492080455543,0.8,0,1,1.0,0.457
HARWOOD ST,BUTE ST,THURLOW ST,GOOD,392.7,0.456,0.3,0,0.3,134.78740037395056,0.5,0,1,1.0,0.428
LILLOOET ST,2ND AV,1ST AV,VERY GOOD,648.5,0.273,0.1,0,0.1,0.5553602156056741,0.8,0,1,1.0,0.44
HENRY ST,31ST AV,29TH AV,VERY POOR,1561.0,0.044,0.95,0,0.95,1.0616891812238691,0.8,0,1,1.0,0.556
KAMLOOPS ST,TRINITY ST,WALL ST,VERY POOR,1098.0,0.111,0.95,0,0.95,0.008669864346870781,0.8,0,1,1.0,0.566
GRAVELEY ST,NOOTKA ST,LILLOOET ST,VERY POOR,614.6,0.293,0.95,0,0.95,89.94345148210368,0.5,0,1,1.0,0.518
GRANVILLE ST,ROBSON ST,GEORGIA ST,NO DATA,135.2,0.763,0.5,1,0.4,44.77173795630051,0.8,0,1,1.0,0.567
KAMLOOPS ST,BROADWAY,8TH AV,VERY GOOD,64.6,0.879,0.1,0,0.1,0.1616895190772425,0.8,0,1,1.0,0.532
DUNBAR ST,43RD AV,42ND AV,VERY GOOD,667.7,0.263,0.1,0,0.1,0.867198172883036,0.8,0,1,1.0,0.439
GEORGIA ST,PRINCESS AV,HEATLEY AV,VERY GOOD,298.0,0.551,0.1,0,0.1,92.19605866701227,0.5,0,1,1.0,0.407
EAST BLVD,48TH AV,47TH AV,VERY GOOD,913.1,0.161,0.1,0,0.1,353.33493573108103,0.8,0,1,1.0,0.424
FRASER ST,50TH AV,49TH AV,VERY POOR,1123.3,0.106,0.95,0,0.95,1.0463283683614577,0.8,0,1,1.0,0.565
DAVIE ST,PACIFIC BOULEVARD,MARINASIDE CRESCENT,FAIR,205.6,0.663,0.5,0,0.5,134.77435973960917,0.5,0,1,1.0,0.495
DRUMMOND DR,FANNIN AV,BLANCA ST,VERY POOR,255.7,0.6,0.95,0,0.95,108.36639467629084,0.5,0,1,1.0,0.565
COTTON DR,3RD AV,2ND AV,VERY POOR,1323.0,0.071,0.95,0,0.95,0.7627375194438173,0.8,0,1,1.0,0.56
HENNEPIN AV,FRONTENAC ST,RADISSON ST,FAIR,1122.7,0.106,0.5,0,0.5,105.13262186273283,0.5,0,1,1.0,0.411
KING EDWARD AV,ST. CATHERINES ST,WINDSOR ST,FAIR,1693.3,0.034,0.5,0,0.5,91.07360570581773,0.5,0,1,1.0,0.4
JASPER CRES,62ND AV,61ST AV,GOOD,642.6,0.277,0.3,0,0.3,337.768516630501,0.8,0,1,1.0,0.476
CROWLEY DR,MELBOURNE ST,ABERDEEN ST,VERY GOOD,928.1,0.156,0.1,0,0.1,124.85939953322071,0.5,0,1,1.0,0.348
MANITOBA ST,WALTER HARDWICK AV,ATHLETES WAY,NO DATA,123.3,0.781,0.5,1,0.4,1.677773314890942,0.8,0,1,1.0,0.57
KERR ST,63RD AV,62ND AV,VERY GOOD,111.7,0.8,0.1,0,0.1,1.7896822795047456,0.8,0,1,1.0,0.52
JOYCE ST,PRICE ST,TANNER ST,VERY POOR,210.0,0.657,0.95,0,0.95,32.086865912002224,0.8,0,1,1.0,0.648
DUCHESS ST,WARD ST,CHEYENNE AV,POOR,356.8,0.49,0.8,0,0.8,43.21662786738813,0.8,0,1,1.0,0.597
FLEMING ST,22ND AV,21ST AV,FAIR,763.0,0.217,0.5,0,0.5,1.3612729912975396,0.8,0,1,1.0,0.503
KING EDWARD AV,SOPHIA ST,JOHN ST,GOOD,1069.2,0.118,0.3,0,0.3,91.54106529178819,0.5,0,1,1.0,0.377
HOWE ST,PACIFIC ST,BEACH AV,NO DATA,613.6,0.293,0.5,1,0.4,224.77013648743943,0.2,0,1,1.0,0.346
LILLOOET ST,28TH AV,27TH AV,VERY GOOD,717.7,0.238,0.1,0,0.1,0.1867721388543373,0.8,0,1,1.0,0.435
DOMAN ST,54TH AV,53RD AV,VERY POOR,859.6,0.179,0.95,0,0.95,1.6967643829171948,0.8,0,1,1.0,0.576
FRONTENAC ST,BERING AV,49TH AV,POOR,1046.0,0.123,0.8,0,0.8,21.229229423804668,0.8,0,1,1.0,0.541
MARGUERITE ST,35TH AV / ROXBURGH CRESCENT,33RD AV,FAIR,544.0,0.337,0.5,0,0.5,1.407838311917601,0.8,0,1,1.0,0.521
GRAVELEY ST,VICTORIA DRIVE,SEMLIN DRIVE,FAIR,1156.8,0.099,0.5,0,0.5,89.6790815199318,0.5,0,1,1.0,0.41
MACKENZIE ST,14TH AV,13TH AV,POOR,1987.0,0.019,0.8,0,0.8,1.4848567926958935,0.8,0,1,1.0,0.526
CYPRESS ST,47TH AV,45TH AV,NO DATA,1218.2,0.087,0.5,1,0.4,1.5806516168060512,0.8,0,1,1.0,0.465
HOMER ST,PENDER ST,HASTINGS ST,POOR,312.7,0.535,0.8,0,0.8,44.7897212338666,0.8,0,1,1.0,0.603
DUNBAR ST,32ND AV,31ST AV,GOOD,1750.8,0.03,0.3,0,0.3,0.6054517294979291,0.8,0,1,1.0,0.439
KAMLOOPS ST,GRANT ST,KITCHENER ST,GOOD,1084.1,0.114,0.3,0,0.3,0.19293234615378196,0.8,0,1,1.0,0.452
KASLO ST,TRIUMPH ST,DUNDAS ST,FAIR,424.9,0.428,0.5,0,0.5,0.11218544172425027,0.8,0,1,1.0,0.534
GARDEN DR,19TH AV,18TH AV,GOOD,249.8,0.607,0.3,0,0.3,8.327310858181477,0.8,0,1,1.0,0.526
KASLO ST,25TH AV,24TH AV,FAIR,1146.9,0.101,0.5,0,0.5,359.94119974127005,0.8,0,1,1.0,0.485
CORNWALL AV,WALNUT ST,CYPRESS ST,VERY POOR,516.6,0.356,0.95,0,0.95,91.54656294303044,0.5,0,1,1.0,0.528
GLEN DR,21ST AV,20TH AV,FAIR,1395.2,0.061,0.5,0,0.5,1.518233815422775,0.8,0,1,1.0,0.479
GREAT NORTHERN WAY,2ND AV,THORNTON ST,GOOD,528.4,0.348,0.3,0,0.3,95.6979261568676,0.5,0,1,1.0,0.412
MACKENZIE ST,38TH AV,37TH AV,POOR,1287.8,0.076,0.8,0,0.8,0.4598305333797157,0.8,0,1,1.0,0.534
INVERNESS ST,64TH AV,63RD AV,GOOD,416.3,0.435,0.3,0,0.3,0.7852066968060853,0.8,0,1,1.0,0.5
MAPLE ST,19TH AV,18TH AV,POOR,1674.4,0.035,0.8,0,0.8,1.5109216523208602,0.8,0,1,1.0,0.528
FRANKLIN ST,SEMLIN DRIVE,LAKEWOOD DRIVE,GOOD,1427.8,0.058,0.3,0,0.3,92.14503872687675,0.5,0,1,1.0,0.368
LANARK ST,47TH AV,45TH AV,FAIR,2058.5,0.016,0.5,0,0.5,1.3514251529614967,0.8,0,1,1.0,0.472
KITCHENER ST,ODLUM DRIVE,MCLEAN DRIVE,VERY POOR,919.4,0.159,0.95,0,0.95,91.33734619682247,0.5,0,1,1.0,0.498
HEMLOCK ST,8TH AV,7TH AV,VERY GOOD,278.8,0.573,0.1,0,0.1,1.5134048553958905,0.8,0,1,1.0,0.486
GLEN DR,14TH AV,13TH AV,VERY GOOD,1317.8,0.072,0.1,0,0.1,0.8306999065678724,0.8,0,1,1.0,0.41
ELLIOTT ST,54TH AV,53RD AV,VERY GOOD,853.3,0.181,0.1,0,0.1,2.0863847433546425,0.8,0,1,1.0,0.427
ELM ST,33RD AV,31ST AV,POOR,1975.1,0.019,0.8,0,0.8,355.5109097816757,0.8,0,1,1.0,0.526
MAIN ST,59TH AV,58TH AV,POOR,557.4,0.328,0.8,0,0.8,1.4901658140518634,0.8,0,1,1.0,0.572
DUNBAR ST,3RD AV,2ND AV,VERY POOR,695.1,0.249,0.95,0,0.95,1.5288769085734657,0.8,0,1,1.0,0.587
FRASER ST,26TH AV,KING EDWARD AV,VERY GOOD,1457.8,0.054,0.1,0,0.1,0.19691732670167994,0.8,0,1,1.0,0.407
DRAKE ST,GRANVILLE ST,SEYMOUR ST,POOR,536.7,0.342,0.8,0,0.8,134.80660258822394,0.5,0,1,1.0,0.499
GALIANO RD,QUESNEL DRIVE,PUGET DRIVE,VERY POOR,2097.7,0.015,0.95,0,0.95,114.45417343107192,0.5,0,1,1.0,0.477
ETON ST,KASLO ST,RENFREW ST,GOOD,305.4,0.543,0.3,0,0.3,90.45200923740981,0.5,0,1,1.0,0.441
LANARK ST,54TH AV,53RD AV,FAIR,1285.4,0.076,0.5,0,0.5,1.5556158014704806,0.8,0,1,1.0,0.481
CORDOVA ST,CAMBIE ST,ABBOTT ST,POOR,368.5,0.479,0.8,0,0.8,111.15314599858016,0.5,0,1,1.0,0.52
MACKENZIE ST,22ND AV,21ST AV,VERY GOOD,2487.1,0.007,0.1,0,0.1,0.5345182005590914,0.8,0,1,1.0,0.4
EDGAR CRES,MCBAIN AV,HAGGART ST,FAIR,1891.9,0.023,0.5,0,0.5,116.22417267053106,0.5,0,1,1.0,0.398
LAKEWOOD DR,8TH AV,7TH AV,GOOD,504.8,0.364,0.3,0,0.3,0.6958477973066124,0.8,0,1,1.0,0.489
HEATHER ST,22ND AV,21ST AV,VERY POOR,827.5,0.191,0.95,0,0.95,1.4534578915004772,0.8,0,1,1.0,0.578
MANITOBA ST,48TH AV,47TH AV,GOOD,176.9,0.702,0.3,0,0.3,1.5392330966616896,0.8,0,1,1.0,0.54
FRASER ST,17TH AV,16TH AV,POOR,1725.7,0.032,0.8,0,0.8,1.4348812969399773,0.8,0,1,1.0,0.528
MACKENZIE ST,32ND AV,31ST AV,POOR,1849.6,0.025,0.8,0,0.8,0.45984676314145645,0.8,0,1,1.0,0.526
DUNSMUIR ST 1,NORTHWEST END,EXPO BOULEVARD,GOOD,42.6,0.918,0.3,0,0.3,134.79461309150076,0.5,0,1,1.0,0.498
MAPLE ST,13TH AV,12TH AV,GOOD,1327.9,0.07,0.3,0,0.3,1.510743034395432,0.8,0,1,1.0,0.445
JOYCE ST,KINGSWAY,CHURCH ST,POOR,1131.3,0.104,0.8,0,0.8,32.66558833283,0.8,0,1,1.0,0.538
GARDEN DR,2ND AV,1ST AV,GOOD,798.1,0.203,0.3,0,0.3,0.815387567631376,0.8,0,1,1.0,0.465
HUDSON ST,49TH AV,48TH AV,FAIR,1176.0,0.095,0.5,0,0.5,1.4239785503673374,0.8,0,1,1.0,0.484
HEATHER ST,18TH AV,17TH AV,POOR,441.3,0.414,0.8,0,0.8,1.4860190596065195,0.8,0,1,1.0,0.585
DUNBAR ST,39TH AV,38TH AV,GOOD,1018.3,0.13,0.3,0,0.3,0.3496448943972723,0.8,0,1,1.0,0.454
MAIN ST,BROADWAY,8TH AV,FAIR,681.4,0.256,0.5,0,0.5,1.6686742656642082,0.8,0,1,1.0,0.508
EARLES ST,41ST AV,40TH AV,VERY POOR,413.5,0.437,0.95,0,0.95,0.7351710726139231,0.8,0,1,1.0,0.615
INVERNESS ST,60TH AV,59TH AV,GOOD,793.7,0.204,0.3,0,0.3,0.4740989706294272,0.8,0,1,1.0,0.465
KITCHENER ST,KASLO ST,RENFREW ST,VERY POOR,980.1,0.141,0.95,0,0.95,90.1004122993723,0.5,0,1,1.0,0.495
MANITOBA ST,WOODSTOCK AV,40TH AV,FAIR,498.3,0.369,0.5,0,0.5,1.6821694306469226,0.8,0,1,1.0,0.525
MACKENZIE ST,31ST AV,30TH AV,POOR,1947.0,0.02,0.8,0,0.8,0.42064224988195065,0.8,0,1,1.0,0.526
HIGHBURY ST,27TH AV,26TH AV,NO DATA,2313.4,0.01,0.5,1,0.4,0.5137236780443573,0.8,0,1,1.0,0.454
GRANVILLE ST,DUNSMUIR ST,PENDER ST,NO DATA,428.1,0.425,0.5,1,0.4,44.77146892867131,0.8,0,1,1.0,0.516
LABURNUM ST,64TH AV,63RD AV,POOR,468.8,0.392,0.8,0,0.8,330.2558792060867,0.8,0,1,1.0,0.582
MACKENZIE ST,39TH AV,38TH AV,POOR,1200.7,0.091,0.8,0,0.8,0.45707393843457567,0.8,0,1,1.0,0.536
HORNBY ST,PENDER ST,HASTINGS ST,GOOD,325.0,0.522,0.3,0,0.3,44.79056738628691,0.8,0,1,1.0,0.513
GLADSTONE ST,30TH AV / 31ST AV,KINGSWAY,VERY GOOD,1042.9,0.124,0.1,0,0.1,36.49136615149098,0.8,0,1,1.0,0.418
MARPOLE AV,FIR ST,GRANVILLE ST,VERY GOOD,969.6,0.144,0.1,0,0.1,53.77486562449019,0.5,0,1,1.0,0.346
GRAVELEY ST,KOOTENAY ST,BOUNDARY ROAD,VERY GOOD,164.2,0.72,0.1,0,0.1,90.33040126873948,0.5,0,1,1.0,0.433
MACKENZIE ST,13TH AV,12TH AV,VERY POOR,1935.9,0.021,0.95,0,0.95,1.4853251698917234,0.8,0,1,1.0,0.552
EUCLID AV,JOYCE ST,TYNE ST,GOOD,918.6,0.159,0.3,0,0.3,121.43934349723042,0.5,0,1,1.0,0.384
FIR ST,13TH AV,12TH AV,VERY GOOD,751.1,0.223,0.1,0,0.1,1.4982399809428557,0.8,0,1,1.0,0.433
LAKEWOOD ST,VANNESS AV,20TH AV,VERY POOR,287.0,0.563,0.95,0,0.95,23.153865272228586,0.8,0,1,1.0,0.634
CYPRESS ST,57TH AV,54TH AV,VERY POOR,894.1,0.167,0.95,0,0.95,1.5734699532503669,0.8,0,1,1.0,0.574
HUDSON ST,64TH AV,62ND AV,VERY GOOD,1246.7,0.083,0.1,0,0.1,1.0803328027993189,0.8,0,1,1.0,0.412
FRANKLIN ST,KOOTENAY ST,BOUNDARY ROAD,POOR,944.3,0.151,0.8,0,0.8,90.08117549321952,0.5,0,1,1.0,0.471
MANOR ST,SOUTHWEST END,QUEENS AV,VERY POOR,722.6,0.236,0.95,0,0.95,31.906192594843105,0.8,0,1,1.0,0.585
CYPRESS ST,17TH AV,16TH AV,FAIR,1411.0,0.059,0.5,0,0.5,1.517914158375845,0.8,0,1,1.0,0.479
GLEN DR,11TH AV,10TH AV,POOR,1368.6,0.065,0.8,0,0.8,0.8342844462274002,0.8,0,1,1.0,0.533
DUNDAS ST,CASSIAR ST,SKEENA ST,GOOD,618.1,0.291,0.3,0,0.3,90.08886999642357,0.5,0,1,1.0,0.403
CROWN ST,37TH AV,36TH AV,FAIR,1544.6,0.046,0.5,0,0.5,0.32565820176989746,0.8,0,1,1.0,0.477
MAIN ST,27TH AV,26TH AV,VERY POOR,858.5,0.18,0.95,0,0.95,3.342110860066157,0.8,0,1,1.0,0.576
FRANKLIN ST,SKEENA ST,KOOTENAY ST,POOR,753.4,0.222,0.8,0,0.8,90.0898432606964,0.5,0,1,1.0,0.481
EARLES ST,44TH AV,43RD AV,GOOD,721.9,0.236,0.3,0,0.3,0.3505879766595399,0.8,0,1,1.0,0.47
LARCH ST,13TH AV,12TH AV,VERY GOOD,1953.7,0.02,0.1,0,0.1,1.527886718744071,0.8,0,1,1.0,0.402
DUMFRIES ST,55TH AV,54TH AV,GOOD,1190.5,0.092,0.3,0,0.3,1.0717249607644135,0.8,0,1,1.0,0.448
KITCHENER ST,SEMLIN DRIVE,LAKEWOOD DRIVE,GOOD,1253.3,0.082,0.3,0,0.3,89.98575632241068,0.5,0,1,1.0,0.372
HUDSON ST,62ND AV,PARK DRIVE,GOOD,1411.5,0.059,0.3,0,0.3,1.0507651389395392,0.8,0,1,1.0,0.443
EUCLID AV,RAVINE ST,TODD ST,FAIR,536.9,0.342,0.5,0,0.5,121.65560333662927,0.5,0,1,1.0,0.446
FRASER ST,49TH AV,48TH AV,VERY POOR,1123.4,0.106,0.95,0,0.95,1.256506160568847,0.8,0,1,1.0,0.565
DAVIE ST,BEACH AV,DENMAN ST,NO DATA,694.5,0.249,0.5,1,0.4,134.79749391059153,0.5,0,1,1.0,0.415
JOYCE ST,44TH AV,43RD AV,GOOD,1196.5,0.091,0.3,0,0.3,359.8848351779429,0.8,0,1,1.0,0.448
FRANCES ST,CLARK DRIVE,MCLEAN DRIVE,NO DATA,879.4,0.172,0.5,1,0.4,91.33300784372233,0.5,0,1,1.0,0.403
FRANCES ST,COMMERCIAL DRIVE,SALSBURY DRIVE,NO DATA,1321.1,0.071,0.5,1,0.4,91.28734596652072,0.5,0,1,1.0,0.388
ELGIN ST,27TH AV,26TH AV,FAIR,1653.8,0.037,0.5,0,0.5,0.7553731219686028,0.8,0,1,1.0,0.475
FIR ST,11TH AV,10TH AV,GOOD,665.3,0.264,0.3,0,0.3,1.4986241874085522,0.8,0,1,1.0,0.474
KILLARNEY ST,ROSEMONT DRIVE,ELMHURST DRIVE,POOR,399.1,0.45,0.8,0,0.8,31.97203710355427,0.8,0,1,1.0,0.591
LAUREL ST,KENT AV NORTH,71ST AV,GOOD,230.2,0.631,0.3,0,0.3,330.33390961288313,0.8,0,1,1.0,0.53
KINGS AV,MANOR ST,REID ST,POOR,706.2,0.244,0.8,0,0.8,122.36889190065199,0.5,0,1,1.0,0.484
GLENGYLE ST,22ND AV,STAINSBURY AV,VERY POOR,389.7,0.459,0.95,0,0.95,0.9515670185203362,0.8,0,1,1.0,0.618
KOOTENAY ST,4TH AV,2ND AV,GOOD,290.4,0.559,0.3,0,0.3,347.10109586885915,0.8,0,1,1.0,0.519
MANNERING AV,VICTORIA DRIVE,GLADSTONE ST,FAIR,945.9,0.151,0.5,0,0.5,90.47424688028912,0.5,0,1,1.0,0.418
FRANKLIN ST,COMMERCIAL DRIVE,SALSBURY DRIVE,POOR,1457.4,0.054,0.8,0,0.8,91.17412452503186,0.5,0,1,1.0,0.456
FRASER ST,39TH AV,38TH AV,FAIR,1169.0,0.097,0.5,0,0.5,1.06238415479703,0.8,0,1,1.0,0.484
ELM ST,49TH AV,47TH AV,POOR,384.6,0.463,0.8,0,0.8,1.6305739194667126,0.8,0,1,1.0,0.593
CORDOVA ST,RICHARDS ST / WATER ST,HOMER ST,POOR,463.9,0.395,0.8,0,0.8,133.51147759479454,0.5,0,1,1.0,0.507
LILLOOET ST,27TH AV,26TH AV,VERY GOOD,738.7,0.228,0.1,0,0.1,0.1589337935055255,0.8,0,1,1.0,0.434
CULLODEN ST,51ST AV,NORTH END,VERY GOOD,1632.3,0.038,0.1,0,0.1,1.4537496490327726,0.8,0,1,1.0,0.405
LAKEWOOD DR,4TH AV,3RD AV,FAIR,744.4,0.226,0.5,0,0.5,0.7439582784554091,0.8,0,1,1.0,0.504
MALTA AV,MALTA PLACE,DIEPPE DRIVE,VERY GOOD,627.1,0.285,0.1,0,0.1,45.12162636797376,0.5,0,1,1.0,0.367
HORNBY ST,BEACH AV,PACIFIC ST,FAIR,628.9,0.284,0.5,0,0.5,44.760093763213945,0.8,0,1,1.0,0.513
GRANT ST,GARDEN DRIVE,NANAIMO ST,GOOD,1067.1,0.118,0.3,0,0.3,90.86441681972701,0.5,0,1,1.0,0.377
FRASER ST,46TH AV,45TH AV,VERY POOR,1170.2,0.096,0.95,0,0.95,0.9973372166560921,0.8,0,1,1.0,0.564
HAMILTON ST,DRAKE ST,DAVIE ST,FAIR,308.1,0.54,0.5,0,0.5,44.8617359182295,0.8,0,1,1.0,0.551
MANITOBA ST,6TH AV,5TH AV,VERY GOOD,379.0,0.469,0.1,0,0.1,1.6526428036019638,0.8,0,1,1.0,0.47
GARDEN DR,10TH AV,BROADWAY,VERY GOOD,193.3,0.679,0.1,0,0.1,0.7622172157318232,0.8,0,1,1.0,0.502
CYPRESS ST,1ST AV,YORK AV,GOOD,580.9,0.313,0.3,0,0.3,1.4834810965901966,0.8,0,1,1.0,0.482
JACKSON AV,UNION ST,GEORGIA ST,VERY GOOD,392.7,0.456,0.1,0,0.1,1.5505357888770845,0.8,0,1,1.0,0.468
HELMCKEN ST,HORNBY ST,HOWE ST,VERY POOR,150.7,0.74,0.95,0,0.95,134.76169436127566,0.5,0,1,1.0,0.586
EXPO BLVD,DUNSMUIR ST 1,GRIFFITHS WAY,VERY POOR,122.7,0.782,0.95,0,0.95,236.06499672981613,0.5,0,1,1.0,0.592
CROWN ST,36TH AV,35TH AV,GOOD,1626.5,0.039,0.3,0,0.3,0.367939472405169,0.8,0,1,1.0,0.44
GEORGIA ST,CASSIAR ST,SKEENA ST,GOOD,529.9,0.346,0.3,0,0.3,90.21390383383033,0.5,0,1,1.0,0.412
LILLOOET ST,GRAVELEY ST,GRANT ST,VERY GOOD,597.9,0.302,0.1,0,0.1,0.691018393869058,0.8,0,1,1.0,0.445
HELMCKEN ST,HOMER ST,MAINLAND ST,POOR,178.1,0.7,0.8,0,0.8,134.86519187939638,0.5,0,1,1.0,0.553
KING EDWARD AV,ST. GEORGE ST,CAROLINA ST,POOR,1329.2,0.07,0.8,0,0.8,91.01593106004407,0.5,0,1,1.0,0.458
HOY ST,MOSCROP ST,29TH AV,VERY POOR,304.3,0.544,0.95,0,0.95,359.83518512463314,0.8,0,1,1.0,0.631
DUNKIRK ST,26TH AV,KING EDWARD AV,GOOD,2353.3,0.009,0.3,0,0.3,0.5046076987418928,0.8,0,1,1.0,0.436
LILLOOET ST,29TH AV,28TH AV,VERY GOOD,708.1,0.243,0.1,0,0.1,0.22190228845715865,0.8,0,1,1.0,0.436
CYPRESS ST,36TH AV,NORTH END,FAIR,851.7,0.182,0.5,0,0.5,1.4440513706438765,0.8,0,1,1.0,0.497
MACDONALD ST,19TH AV,18TH AV,FAIR,2394.0,0.008,0.5,0,0.5,352.50004452988367,0.8,0,1,1.0,0.471
KEEFER ST,WEST END,VERNON DRIVE,FAIR,578.2,0.315,0.5,0,0.5,90.44475130426974,0.5,0,1,1.0,0.442
GARDEN DR,15TH AV,GRANDVIEW HWY,POOR,224.2,0.639,0.8,0,0.8,2.03128407441568,0.8,0,1,1.0,0.619
LILLOOET ST,PENDER ST,HASTINGS ST,VERY GOOD,57.7,0.891,0.1,0,0.1,0.15931538768882092,0.8,0,1,1.0,0.534
KINGS AV,EARLES ST,MOSS ST,POOR,869.3,0.176,0.8,0,0.8,122.16865209412538,0.5,0,1,1.0,0.474
MAIN ST,61ST AV,60TH AV,POOR,601.5,0.3,0.8,0,0.8,1.5844329428165906,0.8,0,1,1.0,0.568
CROWN ST,13TH AV,12TH AV,GOOD,940.6,0.152,0.3,0,0.3,1.4730524751892062,0.8,0,1,1.0,0.458
MACKENZIE ST,12TH AV,11TH AV,VERY GOOD,1889.2,0.023,0.1,0,0.1,1.4849791726928743,0.8,0,1,1.0,0.403
HOY ST,WELLINGTON AV,MONMOUTH AV,GOOD,593.3,0.305,0.3,0,0.3,2.3277493195745933,0.8,0,1,1.0,0.481
FIR ST,MARPOLE AV,16TH AV,VERY POOR,1030.5,0.127,0.95,0,0.95,335.95341165609847,0.8,0,1,1.0,0.568
CROWN ST,38TH AV,37TH AV,VERY POOR,1462.5,0.054,0.95,0,0.95,1.1739458582422913,0.8,0,1,1.0,0.557
LABURNUM ST,61ST AV,60TH AV,VERY GOOD,616.3,0.292,0.1,0,0.1,1.724213987387941,0.8,0,1,1.0,0.443
GLADSTONE ST,33RD AV,MANNERING AV,FAIR,917.7,0.16,0.5,0,0.5,1.2649005784682004,0.8,0,1,1.0,0.494
EXPO BLVD,SMITHE ST,NELSON ST,VERY POOR,146.4,0.746,0.95,0,0.95,220.89053090825482,0.2,0,1,1.0,0.512
INVERNESS ST,45TH AV,43RD AV,GOOD,1952.1,0.02,0.3,0,0.3,1.406370247347411,0.8,0,1,1.0,0.438
KILLARNEY ST,40TH AV,KINGSWAY,GOOD,365.5,0.481,0.3,0,0.3,0.03503117369831443,0.8,0,1,1.0,0.507
LARCH ST,4TH AV,3RD AV,GOOD,1500.6,0.05,0.3,0,0.3,1.5296325599116471,0.8,0,1,1.0,0.442
EUCLID AV,CHATHAM ST,RUPERT ST,FAIR,753.1,0.222,0.5,0,0.5,121.56844048963512,0.5,0,1,1.0,0.428
HARO ST,NORTHWEST END,CHILCO ST,VERY GOOD,105.2,0.81,0.1,0,0.1,134.81889981028786,0.5,0,1,1.0,0.446
FRANKLIN ST,SALSBURY DRIVE,VICTORIA DRIVE,VERY POOR,1590.4,0.042,0.95,0,0.95,91.16444459202506,0.5,0,1,1.0,0.48
CYPRESS ST,KING EDWARD AV,MATTHEWS AV,NO DATA,1320.8,0.071,0.5,1,0.4,3.370522872568017,0.8,0,1,1.0,0.463
DISCOVERY ST,16TH AV,15TH AV,VERY GOOD,1358.2,0.066,0.1,0,0.1,0.9058140519851463,0.8,0,1,1.0,0.409
HEMLOCK ST,6TH AV,4TH AV,GOOD,245.3,0.612,0.3,0,0.3,359.8713141342973,0.8,0,1,1.0,0.527
KERR ST,ROSEMONT DRIVE,59TH AV,VERY GOOD,363.5,0.483,0.1,0,0.1,1.7958046798784721,0.8,0,1,1.0,0.472
HASTINGS ST,BROUGHTON ST,JERVIS ST,VERY GOOD,168.5,0.714,0.1,0,0.1,114.12846136668128,0.5,0,1,1.0,0.432
EARLES ST,40TH AV,38TH AV,VERY POOR,231.1,0.63,0.95,0,0.95,358.1403115702442,0.8,0,1,1.0,0.644
HAWKS AV,CORDOVA ST,ALEXANDER ST,FAIR,712.6,0.24,0.5,0,0.5,1.69974042110465,0.8,0,1,1.0,0.506
GRANT ST,COMMERCIAL DRIVE,SALSBURY DRIVE,GOOD,1384.8,0.063,0.3,0,0.3,93.59433788230024,0.5,0,1,1.0,0.369
GARDEN DR,TRIUMPH ST,DUNDAS ST,GOOD,1172.8,0.096,0.3,0,0.3,0.6905443282715282,0.8,0,1,1.0,0.449
KEITH DR,7TH AV,6TH AV,VERY GOOD,1281.4,0.077,0.1,0,0.1,0.7053571095462416,0.8,0,1,1.0,0.411
LATTA ST,MARMION AV,SCHOOL AV,VERY GOOD,1335.9,0.069,0.1,0,0.1,8.693169548490516,0.8,0,1,1.0,0.41
EUCLID AV,EARLES ST,MOSS ST,POOR,549.4,0.333,0.8,0,0.8,121.09827993423534,0.5,0,1,1.0,0.498
DUNBAR ST,44TH AV,43RD AV,GOOD,611.5,0.294,0.3,0,0.3,1.1518026989514851,0.8,0,1,1.0,0.479
GARDEN DR,ETON ST,MCGILL ST,FAIR,1282.3,0.077,0.5,0,0.5,0.9041800705147125,0.8,0,1,1.0,0.481
FALAISE AV,FALAISE PLACE,DIEPPE DRIVE,VERY POOR,503.9,0.365,0.95,0,0.95,45.121171365147006,0.5,0,1,1.0,0.529
HASTINGS ST,HORNBY ST,HOWE ST,FAIR,325.2,0.522,0.5,0,0.5,134.75421420013538,0.5,0,1,1.0,0.473
EARLES ST,45TH AV,44TH AV,VERY GOOD,810.4,0.198,0.1,0,0.1,0.23506785838804944,0.8,0,1,1.0,0.429
HIGHBURY ST,15TH AV,14TH AV,FAIR,1213.6,0.088,0.5,0,0.5,1.4786392308333802,0.8,0,1,1.0,0.483
DAVIE ST,HAMILTON ST,PACIFIC BOULEVARD,POOR,225.6,0.637,0.8,0,0.8,134.8285062885227,0.5,0,1,1.0,0.544
DRUMMOND DR,2ND AV,FANNIN AV,VERY GOOD,228.3,0.633,0.1,0,0.1,4.685682079964295,0.8,0,1,1.0,0.495
COURTENAY ST,14TH AV,13TH AV,POOR,1110.7,0.108,0.8,0,0.8,1.4116051523487272,0.8,0,1,1.0,0.539
HASTINGS ST,NICOLA ST,BROUGHTON ST,VERY GOOD,75.7,0.859,0.1,0,0.1,114.12759355530744,0.5,0,1,1.0,0.454
LILLOOET ST,24TH AV,23RD AV,FAIR,864.1,0.178,0.5,0,0.5,0.6697878342304762,0.8,0,1,1.0,0.497
KENT AV N,DUDLEY ST,BOUNDARY ROAD,VERY GOOD,270.5,0.582,0.1,0,0.1,101.33449107633612,0.5,0,1,1.0,0.412
EAST BLVD,KING EDWARD AV,20TH AV,FAIR,1657.6,0.036,0.5,0,0.5,1.6750404254427167,0.8,0,1,1.0,0.475
JERVIS ST,ALBERNI ST,MELVILLE ST,GOOD,314.7,0.533,0.3,0,0.3,48.12331064565274,0.5,0,1,1.0,0.44
FANNIN AV,BELMONT AV,DRUMMOND DRIVE,VERY POOR,124.0,0.78,0.95,0,0.95,111.71434313986106,0.5,0,1,1.0,0.592
DUCHESS ST,CHEYENNE AV,EUCLID AV,POOR,470.4,0.39,0.8,0,0.8,33.03057397789007,0.8,0,1,1.0,0.582
GORE AV,CORDOVA ST,POWELL ST,VERY POOR,470.5,0.39,0.95,0,0.95,354.7931318764976,0.8,0,1,1.0,0.608
DUNBAR ST,18TH AV,16TH AV,VERY GOOD,1489.2,0.051,0.1,0,0.1,0.5294569057133458,0.8,0,1,1.0,0.407
ROSS ST,45TH AV,43RD AV,VERY GOOD,1756.0,0.03,0.1,0,0.1,1.297299400311772,0.8,0,1,1.0,0.404
NOOTKA ST,5TH AV,4TH AV,POOR,744.3,0.226,0.8,0,0.8,0.612379745012106,0.8,0,1,1.0,0.557
NOOTKA ST,29TH AV,28TH AV,GOOD,900.2,0.165,0.3,0,0.3,22.075681442388998,0.8,0,1,1.0,0.459
TYNE ST,53RD AV,52ND AV,FAIR,934.3,0.154,0.5,0,0.5,1.2111124999965455,0.8,0,1,1.0,0.493
PENTICTON ST,6TH AV,5TH AV,GOOD,421.2,0.431,0.3,0,0.3,0.5319962154919153,0.8,0,1,1.0,0.499
QUESNEL DR,KING EDWARD AV,24TH AV,VERY GOOD,2522.1,0.006,0.1,0,0.1,329.92340040636356,0.8,0,1,1.0,0.4
PENDRELL ST,BUTE ST,THURLOW ST,VERY GOOD,62.7,0.882,0.1,0,0.1,133.9354304758176,0.5,0,1,1.0,0.457
RENFREW ST,21ST AV,20TH AV,POOR,707.0,0.243,0.8,0,0.8,0.05918548991201078,0.8,0,1,1.0,0.559
RUPERT ST,45TH AV,44TH AV,FAIR,984.3,0.14,0.5,0,0.5,0.2881315807200622,0.8,0,1,1.0,0.491
ST GEORGE ST,29TH AV,28TH AV,VERY GOOD,1032.0,0.127,0.1,0,0.1,1.048276764395382,0.8,0,1,1.0,0.418
SOPHIA ST,20TH AV,19TH AV,FAIR,1376.7,0.064,0.5,0,0.5,1.4938853424320087,0.8,0,1,1.0,0.479
SELKIRK ST,45TH AV,43RD AV,VERY GOOD,706.5,0.243,0.1,0,0.1,1.3986221869726023,0.8,0,1,1.0,0.436
SIDNEY ST,27TH AV,26TH AV,FAIR,750.1,0.223,0.5,0,0.5,1.2385114547074636,0.8,0,1,1.0,0.503
PERRY ST,29TH AV,KINGSWAY,GOOD,968.3,0.144,0.3,0,0.3,1.2577258490128997,0.8,0,1,1.0,0.456
NANAIMO ST,BROCK ST,29TH AV,VERY GOOD,804.7,0.2,0.1,0,0.1,0.14630348334486598,0.8,0,1,1.0,0.429
SCALES PL,PRICE ST,EAST END,VERY GOOD,483.8,0.38,0.1,0,0.1,61.92746588556963,0.5,0,1,1.0,0.382
OAK ST,7TH AV,6TH AV,POOR,193.4,0.679,0.8,0,0.8,1.4766729584327436,0.8,0,1,1.0,0.625
ROSS ST,61ST AV,60TH AV,POOR,759.8,0.219,0.8,0,0.8,0.6686254401417955,0.8,0,1,1.0,0.556
PINE CRES,29TH AV,NANTON AV,FAIR,929.6,0.156,0.5,0,0.5,348.9985112364191,0.8,0,1,1.0,0.493
SELKIRK ST,38TH AV,37TH AV,NO DATA,201.4,0.668,0.5,1,0.4,1.398873748340975,0.8,0,1,1.0,0.553
RALEIGH ST,47TH AV,46TH AV,VERY GOOD,1039.6,0.125,0.1,0,0.1,2.0189869162152263,0.8,0,1,1.0,0.418
ST GEORGE ST,26TH AV,24TH AV,GOOD,1250.9,0.082,0.3,0,0.3,1.173289165409244,0.8,0,1,1.0,0.447
TRUTCH ST,14TH AV,13TH AV,VERY POOR,1642.9,0.037,0.95,0,0.95,1.4978239563241118,0.8,0,1,1.0,0.555
PUGET DR,23RD AV / VALDEZ ROAD,22ND AV,VERY POOR,2410.4,0.008,0.95,0,0.95,321.5489301250835,0.8,0,1,1.0,0.55
SHAUGHNESSY ST,70TH AV,67TH AV,GOOD,768.3,0.215,0.3,0,0.3,1.3647523321753852,0.8,0,1,1.0,0.467
NEON ST,GRANVILLE BRIDGE,ROLSTON ST,GOOD,600.1,0.301,0.3,0,0.3,121.52565774240219,0.5,0,1,1.0,0.405
STATION ST,NORTHERN ST,TERMINAL AV,VERY GOOD,345.7,0.501,0.1,0,0.1,0.48548428250359166,0.8,0,1,1.0,0.475
OSLER ST,73RD AV,72ND AV,FAIR,451.9,0.405,0.5,0,0.5,1.4408090244536993,0.8,0,1,1.0,0.531
MATTHEWS AV,MARGUERITE ST,ALEXANDRA ST,POOR,1313.1,0.072,0.8,0,0.8,55.5359310736078,0.5,0,1,1.0,0.459
TRINITY ST,FELLOWES ST,KOOTENAY ST,VERY GOOD,579.1,0.314,0.1,0,0.1,90.15492419163996,0.5,0,1,1.0,0.372
ONTARIO ST,SE MARINE DRIVE,63RD AV,FAIR,522.2,0.352,0.5,0,0.5,2.5848075824171133,0.8,0,1,1.0,0.523
POWELL ST,DUNLEVY AV,JACKSON AV,FAIR,662.8,0.266,0.5,0,0.5,91.56596374642754,0.5,0,1,1.0,0.435
PRINCE EDWARD ST,10TH AV,10TH AV,NO DATA,970.6,0.144,0.5,1,0.4,3.5441169923502116,0.8,0,1,1.0,0.474
ST CATHERINES ST,33RD AV,32ND AV,GOOD,1433.6,0.057,0.3,0,0.3,1.3319235456992828,0.8,0,1,1.0,0.443
NANAIMO ST,17TH AV,15TH AV,FAIR,329.5,0.517,0.5,0,0.5,0.1043766215061055,0.8,0,1,1.0,0.548
RUPERT ST,2ND AV,1ST AV,VERY GOOD,303.0,0.546,0.1,0,0.1,0.6064168240768026,0.8,0,1,1.0,0.481
TUPPER ST,19TH AV,18TH AV,VERY GOOD,688.1,0.253,0.1,0,0.1,358.86086486625186,0.8,0,1,1.0,0.437
TRUTCH ST,15TH AV,14TH AV,FAIR,1708.2,0.033,0.5,0,0.5,1.4970058226243736,0.8,0,1,1.0,0.475
TURNER ST,LILLOOET ST,WINDERMERE ST,FAIR,283.4,0.567,0.5,0,0.5,90.13100067087885,0.5,0,1,1.0,0.48
MONTGOMERY ST,43RD AV,42ND AV,GOOD,657.1,0.269,0.3,0,0.3,1.3750602313856461,0.8,0,1,1.0,0.475
NAPIER ST,CLARK DRIVE,ODLUM DRIVE,GOOD,754.3,0.221,0.3,0,0.3,91.65380808668868,0.5,0,1,1.0,0.393
TRAFALGAR ST,3RD AV,2ND AV,POOR,1586.7,0.042,0.8,0,0.8,1.4710481874428751,0.8,0,1,1.0,0.529
PARKER ST,CLARK DRIVE,ODLUM DRIVE,VERY GOOD,754.3,0.221,0.1,0,0.1,91.44491783434216,0.5,0,1,1.0,0.358
NANAIMO ST,38TH AV,37TH AV,POOR,590.6,0.307,0.8,0,0.8,0.582001831912919,0.8,0,1,1.0,0.569
SLOCAN ST,ETON ST,MCGILL ST,VERY POOR,677.9,0.258,0.95,0,0.95,0.15294378678845533,0.8,0,1,1.0,0.588
OAK ST,74TH AV,SW MARINE DRIVE,VERY POOR,388.0,0.46,0.95,0,0.95,1.47775238744822,0.8,0,1,1.0,0.619
SCOTIA ST,6TH AV,5TH AV,GOOD,443.3,0.412,0.3,0,0.3,1.6886717452687776,0.8,0,1,1.0,0.497
SEYMOUR ST,HASTINGS ST,CORDOVA ST,FAIR,508.0,0.362,0.5,0,0.5,44.775555026035875,0.8,0,1,1.0,0.524
ONTARIO ST,44TH AV,43RD AV,FAIR,536.3,0.342,0.5,0,0.5,1.666822657514217,0.8,0,1,1.0,0.521
TYNE ST,KINGSWAY,FOSTER AV,VERY POOR,1134.8,0.103,0.95,0,0.95,14.911096945024212,0.8,0,1,1.0,0.565
PRINCE EDWARD ST,50TH AV,49TH AV,VERY GOOD,631.5,0.283,0.1,0,0.1,0.70611494137205,0.8,0,1,1.0,0.442
NOOTKA ST,8TH AV,7TH AV,GOOD,481.5,0.382,0.3,0,0.3,0.3493933861037135,0.8,0,1,1.0,0.492
PENDRELL ST,NORTHWEST END,CHILCO ST,GOOD,428.8,0.424,0.3,0,0.3,134.8648060316624,0.5,0,1,1.0,0.423
QUEBEC ST,18TH AV,17TH AV,GOOD,1316.1,0.072,0.3,0,0.3,1.6540543952881421,0.8,0,1,1.0,0.445
PENDER ST,SALSBURY DRIVE,VICTORIA DRIVE,GOOD,1500.2,0.05,0.3,0,0.3,89.61626238001867,0.5,0,1,1.0,0.367
QUEBEC ST,50TH AV,49TH AV,FAIR,174.6,0.705,0.5,0,0.5,1.2352858930608477,0.8,0,1,1.0,0.576
PACIFIC ST,RICHARDS ST,HOMER ST,FAIR,571.5,0.319,0.5,0,0.5,122.55373511996879,0.5,0,1,1.0,0.443
MCLEAN DR,BROADWAY,8TH AV,GOOD,1061.6,0.12,0.3,0,0.3,0.7692455892823773,0.8,0,1,1.0,0.453
MAYFAIR AV,COLLINGWOOD ST,BLENHEIM ST,GOOD,995.0,0.137,0.3,0,0.3,90.52003755650878,0.5,0,1,1.0,0.38
ONTARIO ST,27TH AV,26TH AV,VERY POOR,612.2,0.294,0.95,0,0.95,1.4268895186206123,0.8,0,1,1.0,0.594
NOOTKA ST,2ND AV,1ST AV,VERY GOOD,820.9,0.194,0.1,0,0.1,0.6378725260894953,0.8,0,1,1.0,0.428
ROSS ST CROSSING,KENT AV SOUTH,KENT AV NORTH,POOR,140.0,0.756,0.8,0,0.8,358.757333839987,0.8,0,1,1.0,0.637
TOWNLEY ST,EDDINGTON DRIVE,MCMULLEN AV,FAIR,1704.3,0.033,0.5,0,0.5,334.8737252065225,0.8,0,1,1.0,0.475
MCRAE AV,MARPOLE AV,THE CRESCENT,POOR,874.9,0.174,0.8,0,0.8,124.83300931938237,0.5,0,1,1.0,0.474
PRINCESS AV,POWELL ST,ALEXANDER ST,VERY POOR,831.0,0.19,0.95,0,0.95,1.7114030896684085,0.8,0,1,1.0,0.578
TRUTCH ST,16TH AV,15TH AV,FAIR,1777.4,0.029,0.5,0,0.5,1.4655020777600498,0.8,0,1,1.0,0.474
QUEENS AV,RUPERT ST,MCHARDY ST,VERY GOOD,534.1,0.344,0.1,0,0.1,121.97716686799305,0.5,0,1,1.0,0.376
NANTON AV,CYPRESS ST,PINE CRESCENT,VERY POOR,1094.8,0.112,0.95,0,0.95,91.47850759571355,0.5,0,1,1.0,0.491
MCGUIGAN AV,HEATHER ST,ASH ST,VERY POOR,444.1,0.411,0.95,0,0.95,90.2642922242589,0.5,0,1,1.0,0.536
TURNER ST,TEMPLETON DRIVE,GARDEN DRIVE,VERY POOR,1177.3,0.095,0.95,0,0.95,90.50477695159702,0.5,0,1,1.0,0.489
RENFREW ST,CHARLES ST,WILLIAM ST,POOR,816.2,0.195,0.8,0,0.8,0.6836881971475464,0.8,0,1,1.0,0.552
PEVERIL AV,26TH AV,DINMONT AV / MANITOBA ST,FAIR,400.1,0.449,0.5,0,0.5,125.14997518580316,0.5,0,1,1.0,0.463
PRINCE ALBERT ST,32ND AV,31ST AV,FAIR,1318.9,0.072,0.5,0,0.5,1.198601999646371,0.8,0,1,1.0,0.481
RUPERT ST,27TH AV,26TH AV,POOR,389.6,0.459,0.8,0,0.8,0.40594163810283135,0.8,0,1,1.0,0.592
N LAGOON DR,STANLEY PARK DRIVE,LAGOON DR TO CAUSEWAY SB RAMP,GOOD,15.7,0.969,0.3,0,0.3,80.03641345761457,0.5,0,1,1.0,0.506
RUPERT ST,KINGSWAY,HORLEY ST,GOOD,630.5,0.283,0.3,0,0.3,32.56903230982505,0.8,0,1,1.0,0.477
PACIFIC BLVD,CAMBIE BRIDGE TO PACIFIC EB RAMP,GRIFFITHS WAY,FAIR,327.1,0.52,0.5,0,0.5,53.332784556126285,0.5,1,1,1.0,0.773
TRAFALGAR ST,20TH AV,19TH AV,VERY POOR,2489.5,0.007,0.95,0,0.95,1.5104382312591724,0.8,0,1,1.0,0.55
RAILWAY ST,GORE AV,DUNLEVY AV,VERY POOR,622.0,0.288,0.95,0,0.95,71.88243299176997,0.5,0,1,1.0,0.518
RUPERT BUS LANE,1ST AV,GRAVELEY ST,VERY GOOD,244.7,0.613,0.1,0,0.1,359.907037781196,0.8,0,1,1.0,0.492
SKEENA ST,TRIUMPH ST,DUNDAS ST,VERY GOOD,732.9,0.231,0.1,0,0.1,359.8586698657137,0.8,0,1,1.0,0.434
QUEBEC ST,26TH AV,KING EDWARD AV,FAIR,768.2,0.215,0.5,0,0.5,1.5403795279735277,0.8,0,1,1.0,0.502
SHERBROOKE ST,51ST AV,49TH AV,POOR,1676.3,0.035,0.8,0,0.8,1.5934691048244645,0.8,0,1,1.0,0.528
ONTARIO ST,29TH AV / PEVERIL AV,28TH AV,FAIR,468.0,0.392,0.5,0,0.5,1.7072598198417381,0.8,0,1,1.0,0.529
RUPERT ST,42ND AV,41ST AV,FAIR,749.4,0.223,0.5,0,0.5,359.9186278554385,0.8,0,1,1.0,0.504
SLOCAN ST,3RD AV,2ND AV,FAIR,788.3,0.207,0.5,0,0.5,0.5738081994509798,0.8,0,1,1.0,0.501
NELSON ST,CHILCO ST,GILFORD ST,VERY GOOD,286.9,0.563,0.1,0,0.1,134.81130626635218,0.5,0,1,1.0,0.409
MCKINNON ST,43RD AV,41ST AV,GOOD,1002.4,0.135,0.3,0,0.3,0.5987658219160039,0.8,0,1,1.0,0.455
MUIRFIELD DR,BOBOLINK AV,HOYLAKE AV,VERY POOR,546.8,0.335,0.95,0,0.95,25.012004829125488,0.8,0,1,1.0,0.6
SKEENA ST,4TH AV,3RD AV,VERY GOOD,295.2,0.554,0.1,0,0.1,0.5348418940635611,0.8,0,1,1.0,0.483
QUEBEC ST,6TH AV,5TH AV,GOOD,376.5,0.471,0.3,0,0.3,1.6386589421849749,0.8,0,1,1.0,0.506
ROBSON ST,BURRARD ST,HORNBY ST,VERY GOOD,83.2,0.847,0.1,0,0.1,134.87966469187018,0.5,0,1,1.0,0.452
SELKIRK ST,55TH AV,54TH AV,GOOD,1562.0,0.044,0.3,0,0.3,350.78068173869474,0.8,0,1,1.0,0.441
RUPERT ST,7TH AV,6TH AV,GOOD,428.4,0.425,0.3,0,0.3,0.31342832294092204,0.8,0,1,1.0,0.499
ST GEORGE ST,BROADWAY,8TH AV,GOOD,960.0,0.147,0.3,0,0.3,0.6632938983532313,0.8,0,1,1.0,0.457
MONTGOMERY ST,50TH AV,49TH AV,FAIR,1332.6,0.07,0.5,0,0.5,1.4147000070694844,0.8,0,1,1.0,0.48
PRINCE EDWARD ST,SOUTH END,11TH AV,FAIR,1058.7,0.12,0.5,0,0.5,3.6311969406255002,0.8,0,1,1.0,0.488
STEPHENS ST,4TH AV,3RD AV,VERY POOR,1752.6,0.03,0.95,0,0.95,1.4937867404253211,0.8,0,1,1.0,0.554
POWELL ST,COLUMBIA ST,MAIN ST,POOR,394.8,0.454,0.8,0,0.8,91.72323227662878,0.5,0,1,1.0,0.516
SEMLIN DR,GRANT ST,KITCHENER ST,GOOD,1228.7,0.086,0.3,0,0.3,0.7438143912685291,0.8,0,1,1.0,0.447
SOPHIA ST,24TH AV,23RD AV,FAIR,1124.1,0.106,0.5,0,0.5,1.5082311675496953,0.8,0,1,1.0,0.486
QUADRA ST,20TH AV,19TH AV,VERY POOR,1921.3,0.021,0.95,0,0.95,0.5069306682879073,0.8,0,1,1.0,0.552
SCHOOL AV,41ST AV / JOYCE ST,HAROLD ST,POOR,1079.1,0.116,0.8,0,0.8,124.81298494402768,0.5,0,1,1.0,0.465
RUBY ST,WELLINGTON AV,MONMOUTH AV,FAIR,544.2,0.337,0.5,0,0.5,32.12140062273977,0.8,0,1,1.0,0.521
PRINCE ALBERT ST,27TH AV,26TH AV,VERY GOOD,1531.5,0.047,0.1,0,0.1,1.1970361820896187,0.8,0,1,1.0,0.406
SLOCAN ST,NAPIER ST,PARKER ST,POOR,821.1,0.194,0.8,0,0.8,0.7588186798107586,0.8,0,1,1.0,0.552
TRAFALGAR ST,37TH AV,36TH AV,GOOD,1572.4,0.043,0.3,0,0.3,1.4365815835332683,0.8,0,1,1.0,0.441
ST GEORGE ST,55TH AV,54TH AV,VERY POOR,1013.1,0.132,0.95,0,0.95,0.7464103548358594,0.8,0,1,1.0,0.569
MCKINNON ST,48TH AV,COLERIDGE AV,FAIR,1451.4,0.055,0.5,0,0.5,1.9660296067642093,0.8,0,1,1.0,0.478
ROSS ST,62ND AV,61ST AV,VERY GOOD,663.9,0.265,0.1,0,0.1,359.6552702434931,0.8,0,1,1.0,0.439
MOBERLY RD,COMMODORE ROAD,BUCKETWHEEL,VERY GOOD,93.2,0.83,0.1,0,0.1,18.578595314430117,0.8,0,1,1.0,0.524
NANAIMO ST,PENDER ST,HASTINGS ST,VERY POOR,1052.6,0.122,0.95,0,0.95,0.40129802633913414,0.8,0,1,1.0,0.568
TRIUMPH ST,KAMLOOPS ST,PENTICTON ST,POOR,764.9,0.217,0.8,0,0.8,90.15058871872475,0.5,0,1,1.0,0.48
PANDORA ST,GARDEN DRIVE,NANAIMO ST,VERY GOOD,1065.0,0.119,0.1,0,0.1,90.455666403887,0.5,0,1,1.0,0.342
STEPHENS ST,13TH AV,12TH AV / KITSILANO DIVERSION,VERY GOOD,2183.5,0.013,0.1,0,0.1,1.4762143942173225,0.8,0,1,1.0,0.401
MOBERLY RD,CHARLESON,MARKET HILL,VERY GOOD,202.7,0.667,0.1,0,0.1,60.53164783336763,0.5,0,1,1.0,0.425
QUEBEC ST,2ND AV,1ST AV,VERY GOOD,48.9,0.907,0.1,0,0.1,2.718547445091417,0.8,0,1,1.0,0.536
PINE ST,5TH AV,4TH AV,VERY GOOD,381.2,0.467,0.1,0,0.1,1.4770018767845272,0.8,0,1,1.0,0.47
QUEBEC ST,UNION ST,KEEFER ST,FAIR,57.9,0.891,0.5,0,0.5,357.9778614823628,0.8,0,1,1.0,0.604
POINT GREY RD,WEST END,WALLACE ST,VERY GOOD,109.3,0.804,0.1,0,0.1,69.2752428940446,0.5,0,1,1.0,0.445
MCGILL ST,GARDEN DRIVE,NANAIMO ST,GOOD,1207.2,0.089,0.3,0,0.3,90.1011774983944,0.5,0,1,1.0,0.373
SEMLIN DR,3RD AV,2ND AV,GOOD,912.9,0.161,0.3,0,0.3,0.8053245139741989,0.8,0,1,1.0,0.459
PENDER ST,CAMBIE ST,ABBOTT ST,GOOD,154.7,0.734,0.3,0,0.3,105.46441670842307,0.5,0,1,1.0,0.47
SOPHIA ST,36TH AV,35TH AV,POOR,468.6,0.392,0.8,0,0.8,2.0103563491920795,0.8,0,1,1.0,0.582
SCOTIA ST,4TH AV,1ST AV,FAIR,353.2,0.493,0.5,0,0.5,39.70311591694548,0.8,0,1,1.0,0.544
PRINCE ALBERT ST,15TH AV,NORTH END,FAIR,1728.9,0.031,0.5,0,0.5,0.8003050008152854,0.8,0,1,1.0,0.475
RIVERWALK AV,KERR ST,KINROSS ST,GOOD,89.1,0.837,0.3,0,0.3,101.35315364290761,0.5,0,1,1.0,0.486
PANDORA ST,TEMPLETON DRIVE,GARDEN DRIVE,VERY GOOD,1155.0,0.099,0.1,0,0.1,90.49656859734245,0.5,0,1,1.0,0.339
PRINCE ALBERT ST,51ST AV,50TH AV,GOOD,1327.7,0.07,0.3,0,0.3,0.8992035223556627,0.8,0,1,1.0,0.445
RUPERT ST,44TH AV,43RD AV,GOOD,902.5,0.164,0.3,0,0.3,0.3227865125847984,0.8,0,1,1.0,0.459
SOMERSET CRES,AVONDALE AV,MARGUERITE ST,VERY POOR,449.8,0.407,0.95,0,0.95,308.1624412977527,0.5,0,1,1.0,0.536
NARVAEZ DR,33RD AV,PUGET DRIVE,POOR,1729.7,0.031,0.8,0,0.8,318.7874447337633,0.8,0,1,1.0,0.528
PENTICTON ST,21ST AV,20TH AV,GOOD,705.1,0.244,0.3,0,0.3,0.6783832324343848,0.8,0,1,1.0,0.471
SLOCAN ST,7TH AV,6TH AV,VERY POOR,490.6,0.375,0.95,0,0.95,0.6912311351732683,0.8,0,1,1.0,0.606
STANLEY PARK DR,AVISON WAY,VANCOUVER AQUARIUM ST,VERY GOOD,229.2,0.632,0.1,0,0.1,293.80182490819857,0.5,0,1,1.0,0.42
QUEBEC ST,1ST AV,SWITCHMEN ST,VERY GOOD,47.9,0.909,0.1,0,0.1,12.493410647123142,0.8,0,1,1.0,0.536
QUEBEC ST,42ND AV,41ST AV,VERY POOR,667.2,0.263,0.95,0,0.95,358.54178723025535,0.8,0,1,1.0,0.589
NASSAU DR,PRESTWICK DRIVE,BRAEBURN ST,GOOD,984.4,0.14,0.3,0,0.3,42.265083667298995,0.8,0,1,1.0,0.456
STAULO CRES,STAULO CRESCENT 1,SALISH DRIVE,VERY POOR,519.9,0.354,0.95,0,0.95,138.21324520404914,0.2,0,1,1.0,0.453
TRAFALGAR ST,24TH AV,23RD AV,VERY GOOD,2385.4,0.008,0.1,0,0.1,1.5025722196288598,0.8,0,1,1.0,0.401
NICOLA ST,NELSON ST,BARCLAY ST,FAIR,466.6,0.393,0.5,0,0.5,44.78170076280185,0.8,0,1,1.0,0.529
MOSCROP ST,CARIBOO ST,JOYCE ST,FAIR,96.3,0.825,0.5,0,0.5,124.99464508025659,0.5,0,1,1.0,0.519
SPARBROOK CRES,62ND AV,62ND AV,GOOD,117.8,0.79,0.3,0,0.3,85.91931656105004,0.5,0,1,1.0,0.479
POINT GREY RD,DUNBAR ST,COLLINGWOOD ST,VERY GOOD,730.9,0.232,0.1,0,0.1,99.02464355250731,0.5,0,1,1.0,0.359
ONTARIO ST,46TH AV,45TH AV,FAIR,333.8,0.513,0.5,0,0.5,1.578926664803646,0.8,0,1,1.0,0.547
MCLEAN DR,8TH AV,7TH AV,VERY GOOD,1121.7,0.106,0.1,0,0.1,0.7694472487901294,0.8,0,1,1.0,0.415
SLOCAN ST,PANDORA ST,TRIUMPH ST,VERY GOOD,552.0,0.332,0.1,0,0.1,0.08353743814893733,0.8,0,1,1.0,0.449
ST CATHERINES ST,26TH AV,24TH AV,FAIR,1712.4,0.033,0.5,0,0.5,359.18687598643794,0.8,0,1,1.0,0.475
THE CRESCENT,MCRAE AV,ANGUS DRIVE,FAIR,931.3,0.155,0.5,0,0.5,205.83080431023893,0.2,0,1,1.0,0.343
NANAIMO ST,KITCHENER ST,CHARLES ST,VERY POOR,1189.7,0.093,0.95,0,0.95,0.061868620061488855,0.8,0,1,1.0,0.563
PENDER ST,COLUMBIA ST,MAIN ST,FAIR,88.3,0.838,0.5,0,0.5,91.72315714546289,0.5,0,1,1.0,0.521
SOPHIA ST,51ST AV,50TH AV,VERY POOR,490.4,0.375,0.95,0,0.95,1.195593203226224,0.8,0,1,1.0,0.606
TERMINAL AV,QUEBEC ST,MAIN ST,POOR,265.1,0.589,0.8,0,0.8,102.24081598522457,0.5,0,1,1.0,0.536
RUPERT ST,WAVERLEY AV,45TH AV,POOR,1069.5,0.118,0.8,0,0.8,329.3282099448604,0.8,0,1,1.0,0.541
SCARBORO AV,QUALICUM DRIVE,NANAIMO ST,FAIR,753.7,0.221,0.5,0,0.5,94.08949043896934,0.5,0,1,1.0,0.428
SHERBROOKE ST,67TH AV,SE MARINE DRIVE,POOR,193.4,0.679,0.8,0,0.8,0.828844422656573,0.8,0,1,1.0,0.625
SALT ST,1ST AV,WALTER HARDWICK AV,VERY GOOD,130.7,0.77,0.1,0,0.1,1.6777695934466692,0.8,0,1,1.0,0.515
PRINCE EDWARD ST,51ST AV,50TH AV,VERY GOOD,638.5,0.279,0.1,0,0.1,0.9349337744890249,0.8,0,1,1.0,0.441
NOOTKA ST,18TH AV,17TH AV,FAIR,393.7,0.455,0.5,0,0.5,0.23424090496411054,0.8,0,1,1.0,0.538
STANLEY PARK BUS LOOP,PIPELINE ROAD,MALKIN BOWL LANE,FAIR,59.8,0.887,0.5,0,0.5,62.190945979667845,0.5,0,1,1.0,0.529
SALSBURY DR,LANE,ADANAC ST,NO DATA,1410.5,0.06,0.5,1,0.4,0.5398244908002425,0.8,0,1,1.0,0.461
RALEIGH ST,51ST AV,49TH AV,POOR,1027.4,0.128,0.8,0,0.8,1.954900508268679,0.8,0,1,1.0,0.542
TOLMIE ST,6TH AV,5TH AV,NO DATA,1038.7,0.125,0.5,1,0.4,1.5123097939330705,0.8,0,1,1.0,0.471
NELSON ST,THURLOW ST,BURRARD ST,POOR,37.9,0.927,0.8,0,0.8,134.82364509377908,0.5,0,1,1.0,0.588
MCLEAN DR,2ND AV,1ST AV,VERY POOR,1092.0,0.113,0.95,0,0.95,0.7600500570976578,0.8,0,1,1.0,0.566
NW MARINE DR,2ND AV,LOCARNO CRESCENT,VERY GOOD,276.2,0.576,0.1,0,0.1,168.7943043549268,0.2,0,1,1.0,0.336
PENDER ST,WINDERMERE ST,RUPERT ST,FAIR,260.1,0.594,0.5,0,0.5,90.11912124074456,0.5,0,1,1.0,0.484
SLOCAN ST,15TH AV,GRANDVIEW HWY,VERY POOR,574.2,0.317,0.95,0,0.95,0.023933305205673605,0.8,0,1,1.0,0.597
QUEBEC ST,11TH AV,10TH AV,VERY POOR,864.5,0.177,0.95,0,0.95,1.6756404661091437,0.8,0,1,1.0,0.576
ST CATHERINES ST,29TH AV,28TH AV,VERY GOOD,1555.6,0.045,0.1,0,0.1,1.0924487615640146,0.8,0,1,1.0,0.406
ST LAWRENCE ST,NANAIMO ST,CLARENDON ST,GOOD,604.6,0.298,0.3,0,0.3,124.84010024477436,0.5,0,1,1.0,0.405
SCHOOL AV,KERR ST,MCKINNON ST,VERY GOOD,837.3,0.187,0.1,0,0.1,122.81663142435838,0.5,0,1,1.0,0.352
PRINCE ALBERT ST,56TH AV,55TH AV,VERY POOR,1300.1,0.074,0.95,0,0.95,1.2405580396946334,0.8,0,1,1.0,0.56
ST GEORGE ST,SOUTH END,36TH AV,VERY GOOD,786.9,0.207,0.1,0,0.1,1.9190820173002976,0.8,0,1,1.0,0.43
PENTICTON ST,3RD AV,2ND AV,VERY GOOD,704.2,0.245,0.1,0,0.1,0.6057965985394844,0.8,0,1,1.0,0.436
MONTGOMERY ST,47TH AV,46TH AV,VERY GOOD,1038.8,0.125,0.1,0,0.1,1.4080406989467633,0.8,0,1,1.0,0.418
NANTON AV,MAPLE ST,MAPLE CRESCENT,POOR,1229.0,0.086,0.8,0,0.8,91.49460804966111,0.5,0,1,1.0,0.461
SLOCAN ST,22ND AV,21ST AV,POOR,915.5,0.16,0.8,0,0.8,0.6756387321745478,0.8,0,1,1.0,0.547
POINT GREY RD,1ST AV,MACDONALD ST,NO DATA,1758.3,0.03,0.5,1,0.4,61.61367675080271,0.5,0,1,1.0,0.382
NANAIMO ST,37TH AV,37TH AV,VERY POOR,585.2,0.31,0.95,0,0.95,0.6856265340658751,0.8,0,1,1.0,0.596
PARKER ST,SEMLIN DRIVE,LAKEWOOD DRIVE,VERY POOR,1568.7,0.043,0.95,0,0.95,89.10681268453561,0.5,0,1,1.0,0.481
ONTARIO ST,KING EDWARD AV,23RD AV,GOOD,723.5,0.235,0.3,0,0.3,1.7704849182655948,0.8,0,1,1.0,0.47
NOOTKA ST,26TH AV,25TH AV,FAIR,942.0,0.152,0.5,0,0.5,0.429291276826234,0.8,0,1,1.0,0.493
PRINCE ALBERT ST,30TH AV,29TH AV,POOR,1377.2,0.064,0.8,0,0.8,1.071922792743294,0.8,0,1,1.0,0.532
NATIONAL AV,MAIN ST,STATION ST,GOOD,512.7,0.359,0.3,0,0.3,91.8569900786066,0.5,0,1,1.0,0.414
PENTICTON ST,NAPIER ST,PARKER ST,VERY GOOD,956.0,0.148,0.1,0,0.1,0.3278980441215822,0.8,0,1,1.0,0.422
SLOCAN ST,4TH AV,3RD AV,FAIR,704.7,0.244,0.5,0,0.5,0.6946627785210353,0.8,0,1,1.0,0.507
ODLUM DR,CHARLES ST,WILLIAM ST,FAIR,865.0,0.177,0.5,0,0.5,0.5045481723198009,0.8,0,1,1.0,0.497
ST CATHERINES ST,KINGSWAY,17TH AV,VERY POOR,1612.2,0.04,0.95,0,0.95,1.4814071776793298,0.8,0,1,1.0,0.555
SEMLIN DR,GEORGIA ST,FERNDALE ST,POOR,1583.3,0.042,0.8,0,0.8,0.5772015845612941,0.8,0,1,1.0,0.529
SLOCAN ST,33RD AV,WARD ST,POOR,360.1,0.487,0.8,0,0.8,36.03591203249914,0.8,0,1,1.0,0.596
PRINCE ALBERT ST,16TH AV,15TH AV,VERY POOR,1745.9,0.03,0.95,0,0.95,1.446833781499322,0.8,0,1,1.0,0.554
MONTGOMERY ST,52ND AV,50TH AV,FAIR,1433.5,0.057,0.5,0,0.5,1.3905277283040505,0.8,0,1,1.0,0.478
PINE ST,12TH AV,11TH AV,VERY GOOD,861.2,0.179,0.1,0,0.1,1.510923983485668,0.8,0,1,1.0,0.426
NANTON AV,OSLER ST,28TH AV / OAK ST,VERY GOOD,662.9,0.266,0.1,0,0.1,91.52635371064554,0.5,0,1,1.0,0.364
TRINITY ST,WALL ST,GARDEN DRIVE,VERY GOOD,1307.7,0.073,0.1,0,0.1,89.99985555726221,0.5,0,1,1.0,0.335
PRINCE ALBERT ST,59TH AV,58TH AV,VERY GOOD,1031.5,0.127,0.1,0,0.1,1.1188611782080784,0.8,0,1,1.0,0.418
TRAFALGAR ST,18TH AV,16TH AV,GOOD,2327.9,0.01,0.3,0,0.3,5.243378834820703,0.8,0,1,1.0,0.436
ST GEORGE ST,11TH AV,10TH AV,VERY GOOD,1122.8,0.106,0.1,0,0.1,0.6523908337843523,0.8,0,1,1.0,0.415
TEMPLETON DR,GRANT ST,KITCHENER ST,POOR,1114.7,0.108,0.8,0,0.8,1.2802476082194403,0.8,0,1,1.0,0.539
PENDER ST,PENTICTON ST,SLOCAN ST,GOOD,544.9,0.336,0.3,0,0.3,90.14821882859718,0.5,0,1,1.0,0.41
MONTCALM ST,70TH AV,NORTH END,VERY GOOD,782.9,0.209,0.1,0,0.1,1.3425834391046578,0.8,0,1,1.0,0.431
POINT GREY RD,WALLACE ST,HIGHBURY ST,VERY GOOD,302.6,0.546,0.1,0,0.1,61.96788010065745,0.5,0,1,1.0,0.407
TRAFALGAR ST,36TH AV,35TH AV,FAIR,1653.9,0.037,0.5,0,0.5,1.4345412963263016,0.8,0,1,1.0,0.475
PENDER ST,KOOTENAY ST,BOUNDARY ROAD,VERY POOR,752.9,0.222,0.95,0,0.95,90.04949327958201,0.5,0,1,1.0,0.508
SLOCAN ST,24TH AV,23RD AV,POOR,1003.5,0.134,0.8,0,0.8,0.3095713469819543,0.8,0,1,1.0,0.543
RENFREW ST,CAMBRIDGE ST,ETON ST,VERY POOR,287.8,0.562,0.95,0,0.95,0.07026574431318977,0.8,0,1,1.0,0.634
QUEBEC ST,41ST AV,40TH AV,VERY GOOD,514.7,0.357,0.1,0,0.1,1.7969091310237104,0.8,0,1,1.0,0.453
TEMPLETON DR,PARKER ST,VENABLES ST,GOOD,1398.8,0.061,0.3,0,0.3,0.7130507061667686,0.8,0,1,1.0,0.444
NOOTKA ST,SOUTH END,GRANDVIEW HWY,VERY POOR,53.0,0.899,0.95,0,0.95,0.3776252526777739,0.8,0,1,1.0,0.685
TURNER ST,PENTICTON ST,SLOCAN ST,VERY GOOD,589.3,0.308,0.1,0,0.1,90.11618134394013,0.5,0,1,1.0,0.371
NANAIMO ST,29TH AV,28TH AV,FAIR,891.4,0.168,0.5,0,0.5,0.15941949719234572,0.8,0,1,1.0,0.495
SAWYERS LANE,WEST END,MILLYARD,GOOD,81.5,0.85,0.3,0,0.3,86.36514245727278,0.5,0,1,1.0,0.488
PACIFIC BLVD,MARINASIDE CRESCENT / NELSON ST,CAMBIE BRIDGE TO PACIFIC EB RAMP,POOR,229.7,0.632,0.8,0,0.8,59.114247567467544,0.5,1,1,1.0,0.843
MCHARDY ST,TANNER ST,29TH AV,POOR,46.6,0.911,0.8,0,0.8,25.623903730775908,0.8,0,1,1.0,0.66
SALSBURY DR,PARKER ST,VENABLES ST,VERY POOR,1455.7,0.054,0.95,0,0.95,0.8794137081629287,0.8,0,1,1.0,0.557
SPRUCE ST,11TH AV,10TH AV,POOR,289.8,0.56,0.8,0,0.8,1.499812222985895,0.8,0,1,1.0,0.607
QUEBEC ST,38TH AV,37TH AV,VERY GOOD,249.8,0.607,0.1,0,0.1,1.502009613758787,0.8,0,1,1.0,0.491
SHAUGHNESSY ST,64TH AV,PARK DRIVE,FAIR,973.5,0.143,0.5,0,0.5,1.3648967234486236,0.8,0,1,1.0,0.491
PRINCE ALBERT ST,64TH AV,63RD AV,GOOD,565.7,0.323,0.3,0,0.3,1.722980149352452,0.8,0,1,1.0,0.483
TRAFALGAR ST,SOUTH END,KING EDWARD AV,GOOD,2212.3,0.012,0.3,0,0.3,1.4085610649669889,0.8,0,1,1.0,0.436
PUGET DR,EDDINGTON DRIVE,29TH AV,NO DATA,2029.1,0.017,0.5,1,0.4,302.49680079570123,0.5,0,1,1.0,0.38
RUBY ST,SOUTHWEST END,WELLINGTON AV,FAIR,614.7,0.292,0.5,0,0.5,32.36623584723151,0.8,0,1,1.0,0.514
SLOCAN ST,NORQUAY ST,EUCLID AV,POOR,539.0,0.34,0.8,0,0.8,32.724901659066006,0.8,0,1,1.0,0.574
PIPELINE RD,STANLEY PARK BUS LOOP,MALKIN BOWL LANE,VERY GOOD,136.8,0.761,0.1,0,0.1,1.7534723293305774,0.8,0,1,1.0,0.514
TRIMBLE ST,5TH AV,4TH AV,VERY POOR,595.7,0.304,0.95,0,0.95,1.5435396034694122,0.8,0,1,1.0,0.595
RHODES ST,40TH AV,38TH AV,VERY POOR,190.8,0.683,0.95,0,0.95,359.3438549513623,0.8,0,1,1.0,0.652
RENFREW ST,8TH AV,7TH AV,POOR,573.3,0.318,0.8,0,0.8,0.14180690668183615,0.8,0,1,1.0,0.571
NANTON AV,HUDSON ST,SELKIRK ST,FAIR,612.0,0.294,0.5,0,0.5,98.72399696458069,0.5,0,1,1.0,0.439
ST CATHERINES ST,22ND AV,21ST AV,FAIR,1693.6,0.034,0.5,0,0.5,1.501441355955535,0.8,0,1,1.0,0.475
MATTHEWS AV,ANGUS DRIVE,MARGUERITE ST,FAIR,1313.1,0.072,0.5,0,0.5,74.11738423372958,0.5,0,1,1.0,0.406
WALLACE ST,29TH AV,27TH AV,VERY POOR,2176.0,0.013,0.95,0,0.95,0.3164601340669151,0.8,0,1,1.0,0.551
VINE ST,34TH AV,33RD AV,VERY GOOD,1674.7,0.035,0.1,0,0.1,1.5842297661044427,0.8,0,1,1.0,0.405
YALE ST,KASLO ST,RENFREW ST,POOR,469.7,0.391,0.8,0,0.8,90.12809122397664,0.5,0,1,1.0,0.507
YEW ST,KING EDWARD AV,23RD AV,GOOD,1807.5,0.027,0.3,0,0.3,355.18558333231874,0.8,0,1,1.0,0.439
WILLIAM ST,WEST END,SKEENA ST,GOOD,90.4,0.835,0.3,0,0.3,90.41057722012476,0.5,0,1,1.0,0.485
VINE ST,35TH AV,34TH AV,GOOD,1659.9,0.036,0.3,0,0.3,1.5425392878187267,0.8,0,1,1.0,0.44
WATSON ST,13TH AV,12TH AV,POOR,1072.4,0.117,0.8,0,0.8,2.3840427134893503,0.8,0,1,1.0,0.54
WINDERMERE ST,GRANT ST,KITCHENER ST,POOR,412.3,0.438,0.8,0,0.8,0.5897093171090546,0.8,0,1,1.0,0.589
WALL ST,SLOCAN ST,KASLO ST,FAIR,676.1,0.259,0.5,0,0.5,106.42101225151083,0.5,0,1,1.0,0.434
WELLINGTON AV,MCGEER ST,JOYCE ST,FAIR,423.4,0.429,0.5,0,0.5,122.10217803960415,0.5,0,1,1.0,0.459
VICTORIA DR,35TH AV,34TH AV,POOR,1069.7,0.118,0.8,0,0.8,1.1002739715173107,0.8,0,1,1.0,0.541
UNION ST,CAMPBELL AV,RAYMUR AV,VERY GOOD,285.6,0.565,0.1,0,0.1,91.55616424953394,0.5,0,1,1.0,0.409
WATSON ST,10TH AV,BROADWAY,POOR,778.2,0.211,0.8,0,0.8,3.5643242327102485,0.8,0,1,1.0,0.555
WALLACE ST,36TH AV,35TH AV,POOR,1512.6,0.049,0.8,0,0.8,0.4965665951650067,0.8,0,1,1.0,0.53
WOLFE AV,MATTHEWS AV,DOUGLAS CRESCENT,GOOD,740.5,0.227,0.3,0,0.3,340.924532962748,0.8,0,1,1.0,0.469
VICTORIA DIVERSION,VICTORIA DRIVE,18TH AV / FINDLAY ST,FAIR,331.7,0.515,0.5,0,0.5,319.47783500577293,0.8,0,1,1.0,0.547
WOODSTOCK AV,MANITOBA ST,ONTARIO ST,POOR,582.8,0.312,0.8,0,0.8,92.98083141944954,0.5,0,1,1.0,0.495
WINDEMERE ST,MCGILL ST,WALL ST,GOOD,148.3,0.743,0.3,0,0.3,20.421712472664012,0.8,0,1,1.0,0.547
VICTORIA DR,47TH AV,46TH AV,POOR,1476.4,0.052,0.8,0,0.8,1.062292838987787,0.8,0,1,1.0,0.531
YEW ST,37TH AV,36TH AV,GOOD,1534.5,0.046,0.3,0,0.3,8.984721267569228,0.8,0,1,1.0,0.442
WOODLAND DR,VENABLES ST,ADANAC ST,VERY POOR,1087.4,0.114,0.95,0,0.95,0.45588412885678053,0.8,0,1,1.0,0.566
WINDSOR ST,47TH AV,NORTH END,FAIR,1542.7,0.046,0.5,0,0.5,1.0259560880014078,0.8,0,1,1.0,0.477
VALLEY DR,20TH AV,19TH AV,VERY GOOD,2402.8,0.008,0.1,0,0.1,333.8147438189798,0.8,0,1,1.0,0.4
YUKON ST,KING EDWARD AV,23RD AV,FAIR,470.9,0.39,0.5,0,0.5,1.6989707806943102,0.8,0,1,1.0,0.529
YEW ST,16TH AV,15TH AV,GOOD,1783.1,0.028,0.3,0,0.3,1.546556158380156,0.8,0,1,1.0,0.439
VERNON DR,4TH AV,2ND AV,FAIR,972.2,0.143,0.5,0,0.5,353.07037174064834,0.8,0,1,1.0,0.491
VANNESS AV N,HOY ST,BOUNDARY ROAD,POOR,881.9,0.171,0.8,0,0.8,124.87553140802345,0.5,0,1,1.0,0.474
WALLACE ST,22ND AV,21ST AV,FAIR,1836.9,0.025,0.5,0,0.5,0.5252393335757688,0.8,0,1,1.0,0.474
WALLACE ST,12TH AV,10TH AV,POOR,813.8,0.196,0.8,0,0.8,1.4310508648268296,0.8,0,1,1.0,0.552
YUKON ST,SW MARINE DRIVE,64TH AV,VERY GOOD,54.7,0.896,0.1,0,0.1,1.74563391212871,0.8,0,1,1.0,0.534
VENABLES ST,SEMLIN DRIVE,LAKEWOOD DRIVE,GOOD,1529.2,0.047,0.3,0,0.3,90.70741788620307,0.5,0,1,1.0,0.367
YEW ST,18TH AV,16TH AV,VERY GOOD,1862.5,0.024,0.1,0,0.1,1.5214796939654889,0.8,0,1,1.0,0.403
VANNESS AV,NORTHWEST END,EARLES ST,FAIR,785.1,0.208,0.5,0,0.5,122.07323154206301,0.5,0,1,1.0,0.426
WALL ST,MCGILL ST,TRINITY ST,GOOD,1424.0,0.058,0.3,0,0.3,27.866604039090532,0.8,0,1,1.0,0.443
VINE ST,43RD AV,41ST AV,GOOD,1074.2,0.117,0.3,0,0.3,1.5112024600048812,0.8,0,1,1.0,0.452
WINDSOR ST,RINGWOOD AV,29TH AV,VERY GOOD,1659.6,0.036,0.1,0,0.1,1.1235014391929212,0.8,0,1,1.0,0.405
VINE ST,49TH AV,47TH AV,VERY POOR,554.6,0.33,0.95,0,0.95,0.33191475289555683,0.8,0,1,1.0,0.599
YORK AV,BALSAM ST,VINE ST,POOR,1049.4,0.123,0.8,0,0.8,91.53214966874134,0.5,0,1,1.0,0.466
VINE ST,YORK AV,CORNWALL AV,VERY POOR,998.4,0.136,0.95,0,0.95,1.5423212180936048,0.8,0,1,1.0,0.57
YEW ST,40TH AV,39TH AV,FAIR,1405.1,0.06,0.5,0,0.5,1.5338483740959532,0.8,0,1,1.0,0.479
WILTSHIRE ST,51ST AV,49TH AV,NO DATA,1282.7,0.077,0.5,1,0.4,1.2019009314701066,0.8,0,1,1.0,0.464
WALLACE ST,18TH AV,16TH AV,VERY POOR,1371.0,0.064,0.95,0,0.95,0.34878426468475254,0.8,0,1,1.0,0.559
WINDSOR ST,58TH AV,57TH AV,POOR,1072.0,0.117,0.8,0,0.8,1.0325355802330591,0.8,0,1,1.0,0.54
WILLOW ST,KING EDWARD AV,23RD AV,FAIR,761.9,0.218,0.5,0,0.5,1.5441790707274663,0.8,0,1,1.0,0.503
WOODLAND DR,10TH AV,BROADWAY,FAIR,886.2,0.17,0.5,0,0.5,0.7856256916982716,0.8,0,1,1.0,0.495
VINE ST,20TH AV,19TH AV,GOOD,2117.5,0.014,0.3,0,0.3,1.5101706992019786,0.8,0,1,1.0,0.437
WOODLAND DR,GRAVELEY ST,GRANT ST,VERY GOOD,1118.6,0.107,0.1,0,0.1,0.7662589261175867,0.8,0,1,1.0,0.415
VICTORIA DR,SE MARINE DRIVE,HARRISON DRIVE,GOOD,320.7,0.527,0.3,0,0.3,0.784919845276363,0.8,0,1,1.0,0.514
WOODLAND DR,11TH AV,10TH AV,VERY POOR,838.7,0.187,0.95,0,0.95,0.7887627505576802,0.8,0,1,1.0,0.577
WALLACE ST,30TH AV,29TH AV,GOOD,2078.6,0.016,0.3,0,0.3,0.5410975316374902,0.8,0,1,1.0,0.437
VENABLES ST,SLOCAN ST,KASLO ST,POOR,636.8,0.28,0.8,0,0.8,90.09098855813892,0.5,0,1,1.0,0.49
YUKON ST,15TH AV,14TH AV,GOOD,631.2,0.283,0.3,0,0.3,1.5171560488533942,0.8,0,1,1.0,0.477
YORK AV,ARBUTUS ST,MAPLE ST,POOR,682.0,0.256,0.8,0,0.8,91.56384021077048,0.5,0,1,1.0,0.486
VICTORIA DR,MANNERING AV,32ND AV,POOR,1115.0,0.108,0.8,0,0.8,1.3130446578361443,0.8,0,1,1.0,0.539
WATSON ST,15TH AV,14TH AV,FAIR,1272.6,0.078,0.5,0,0.5,2.3547964943199986,0.8,0,1,1.0,0.482
YORK AV,CYPRESS ST,CHESTNUT ST,FAIR,486.9,0.378,0.5,0,0.5,91.53080550633513,0.5,0,1,1.0,0.452
WESTERN ST,NORTHERN ST,TERMINAL AV,GOOD,274.8,0.577,0.3,0,0.3,1.72484008839632,0.8,0,1,1.0,0.522
WALLACE ST,41ST AV,39TH AV,NO DATA,1093.6,0.112,0.5,1,0.4,359.4555212316295,0.8,0,1,1.0,0.469
YUKON ST,8TH AV,7TH AV,POOR,368.1,0.479,0.8,0,0.8,1.7385448720013414,0.8,0,1,1.0,0.595
VIVIAN ST,52ND AV,51ST AV,POOR,903.4,0.164,0.8,0,0.8,1.9647235105609866,0.8,0,1,1.0,0.548
WOODLAND DR,CHARLES ST,WILLIAM ST,VERY GOOD,1043.6,0.124,0.1,0,0.1,359.99960290205576,0.8,0,1,1.0,0.418
VINE ST,23RD AV,22ND AV,VERY GOOD,1987.7,0.019,0.1,0,0.1,1.5183438121622999,0.8,0,1,1.0,0.402
VANNESS AV,MCGEER ST,JOYCE ST,FAIR,658.9,0.268,0.5,0,0.5,122.43044618567598,0.5,0,1,1.0,0.435
VIVIAN ST,50TH AV,49TH AV,POOR,1109.5,0.109,0.8,0,0.8,1.923096907986519,0.8,0,1,1.0,0.539
UNION ST,GORE AV,DUNLEVY AV,VERY GOOD,480.4,0.383,0.1,0,0.1,91.81313401384182,0.5,0,1,1.0,0.382
WAVERLEY AV,KERR ST / RUPERT ST,MCKINNON ST,POOR,1368.5,0.065,0.8,0,0.8,90.8368975488932,0.5,0,1,1.0,0.458
WENONAH ST,GLADSTONE ST,BROCK ST,VERY POOR,908.5,0.163,0.95,0,0.95,119.53327588201074,0.5,0,1,1.0,0.499
WALES ST,41ST AV,40TH AV,VERY POOR,417.2,0.434,0.95,0,0.95,359.29009237133715,0.8,0,1,1.0,0.615
UPLAND DR,PRESTWICK DRIVE,BRAEBURN ST,GOOD,971.6,0.143,0.3,0,0.3,47.94669026335413,0.5,0,1,1.0,0.381
WILLOW ST,37TH AV,35TH AV,GOOD,405.2,0.445,0.3,0,0.3,1.3756124622420316,0.8,0,1,1.0,0.502
WINDSOR ST,49TH AV,47TH AV,POOR,1525.4,0.047,0.8,0,0.8,1.3936182413443134,0.8,0,1,1.0,0.53
WILLOW ST,7TH AV,6TH AV,VERY POOR,178.8,0.699,0.95,0,0.95,1.3803518466166338,0.8,0,1,1.0,0.655
VICTORIA DR,GRANT ST,KITCHENER ST,FAIR,1304.5,0.074,0.5,0,0.5,0.7946129541981009,0.8,0,1,1.0,0.481
WILTSHIRE ST,57TH AV,54TH AV,NO DATA,1100.5,0.111,0.5,1,0.4,1.5743261124069932,0.8,0,1,1.0,0.469
UNION ST,PRINCESS AV,HEATLEY AV,GOOD,201.0,0.669,0.3,0,0.3,91.68684088108671,0.5,0,1,1.0,0.46
WELLINGTON AV,ANN ST,RUBY ST,VERY GOOD,555.7,0.329,0.1,0,0.1,121.9333010742136,0.5,0,1,1.0,0.374
VINE ST,37TH AV,36TH AV,VERY GOOD,1649.1,0.037,0.1,0,0.1,1.5599492269545294,0.8,0,1,1.0,0.405
YALE ST,WALL ST,KAMLOOPS ST,VERY POOR,1128.4,0.105,0.95,0,0.95,93.55709880366027,0.5,0,1,1.0,0.49
VICTORIA DR,6TH AV,5TH AV,VERY POOR,841.9,0.186,0.95,0,0.95,359.5903603806014,0.8,0,1,1.0,0.577
WEST BLVD,44TH AV,43RD AV,VERY POOR,1151.0,0.1,0.95,0,0.95,1.4826786129195852,0.8,0,1,1.0,0.564
YEW ST,33RD AV,32ND AV,VERY POOR,1407.3,0.06,0.95,0,0.95,1.6591380637921134,0.8,0,1,1.0,0.558
WELLINGTON AV,PICTON ST,MANOR ST,VERY POOR,644.5,0.276,0.95,0,0.95,122.05625928514229,0.5,0,1,1.0,0.516
WINDERMERE ST,KITCHENER ST,CHARLES ST,VERY GOOD,416.4,0.435,0.1,0,0.1,0.6156558015856035,0.8,0,1,1.0,0.465
WALES ST,53RD AV,52ND AV,VERY GOOD,863.0,0.178,0.1,0,0.1,2.0524659574018074,0.8,0,1,1.0,0.426
50TH AV,KERR ST,MCKINNON ST,FAIR,1217.2,0.088,0.5,0,0.5,90.96193698947422,0.5,0,1,1.0,0.408
CARNARVON ST,35TH AV,34TH AV,GOOD,1481.7,0.052,0.3,0,0.3,0.5091194372080281,0.8,0,1,1.0,0.442
7TH AV,KEITH DRIVE,CLARK DRIVE,VERY GOOD,1294.6,0.075,0.1,0,0.1,90.74224534664211,0.5,0,1,1.0,0.336
52ND AV,ADERA ST,CHURCHILL ST,FAIR,1446.1,0.055,0.5,0,0.5,91.21887523386334,0.5,0,1,1.0,0.403
CASSIAR CONNECTOR NB,HASTINGS ST,FRANKLIN ST,POOR,531.7,0.345,0.8,0,0.8,4.503832294036556,0.8,0,1,1.0,0.575
CAMPBELL AV,HASTINGS ST,CORDOVA ST,GOOD,650.0,0.273,0.3,0,0.3,1.5181445703528311,0.8,0,1,1.0,0.476
47TH AV,VICTORIA DRIVE,GLADSTONE ST,POOR,1389.1,0.062,0.8,0,0.8,90.41307650506195,0.5,0,1,1.0,0.457
53RD AV,CARTIER ST,HUDSON ST,FAIR,1711.5,0.033,0.5,0,0.5,91.34686987476186,0.5,0,1,1.0,0.4
ALEXANDER ST,COLUMBIA ST,MAIN ST,VERY GOOD,453.6,0.404,0.1,0,0.1,79.37984418046784,0.5,0,1,1.0,0.385
5TH AV,QUEBEC ST,MAIN ST,GOOD,373.6,0.474,0.3,0,0.3,91.6706221680347,0.5,0,1,1.0,0.431
CAROLINA ST,16TH AV,KINGSWAY,GOOD,1559.4,0.044,0.3,0,0.3,1.4016049948294835,0.8,0,1,1.0,0.441
42ND AV,EAST BOULEVARD,MAPLE ST,FAIR,1207.1,0.089,0.5,0,0.5,91.50116064428573,0.5,0,1,1.0,0.408
12TH AV,GRANDVIEW HWY NORTH,NANAIMO ST,VERY GOOD,232.8,0.628,0.1,0,0.1,89.52892513819131,0.5,0,1,1.0,0.419
3RD AV,COLUMBIA ST,MANITOBA ST,GOOD,165.6,0.718,0.3,0,0.3,91.71165768813978,0.5,0,1,1.0,0.468
12TH AV,MANITOBA ST,ONTARIO ST,VERY POOR,869.1,0.176,0.95,0,0.95,91.56554764907798,0.5,0,1,1.0,0.501
58TH AV,ARBUTUS ST,MAPLE ST,GOOD,539.3,0.34,0.3,0,0.3,91.20539716124625,0.5,0,1,1.0,0.411
BEACH AV,BUTE ST,THURLOW ST,GOOD,510.2,0.36,0.3,0,0.3,146.80756545381223,0.2,0,1,1.0,0.339
CHESTNUT ST,1ST AV,YORK AV,VERY GOOD,477.9,0.385,0.1,0,0.1,1.702113159360863,0.8,0,1,1.0,0.457
BURQUITLAM DR,FRASERVIEW DRIVE,BONACCORD DRIVE,VERY GOOD,469.3,0.391,0.1,0,0.1,141.0302132465888,0.2,0,1,1.0,0.308
29TH AV,SIDNEY ST,SIDNEY ST,GOOD,1051.0,0.122,0.3,0,0.3,90.40779788412397,0.5,0,1,1.0,0.378
18TH AV,FRASER ST,PRINCE ALBERT ST,FAIR,1763.8,0.029,0.5,0,0.5,91.49700017797954,0.5,0,1,1.0,0.399
BEACH AV,DENMAN ST,BURNABY ST,VERY GOOD,778.9,0.211,0.1,0,0.1,187.5566039582213,0.2,0,1,1.0,0.281
23RD AV,WILLOW ST,HEATHER ST,VERY POOR,795.8,0.204,0.95,0,0.95,91.91735088254734,0.5,0,1,1.0,0.505
ARGYLE ST,35TH AV,34TH AV,VERY GOOD,1501.8,0.05,0.1,0,0.1,1.4107512447844215,0.8,0,1,1.0,0.407
53RD AV,KERR ST,MCKINNON ST,GOOD,943.6,0.151,0.3,0,0.3,90.71578986456927,0.5,0,1,1.0,0.382
ASH ST,18TH AV,17TH AV,FAIR,510.5,0.36,0.5,0,0.5,1.5287911746555665,0.8,0,1,1.0,0.524
33RD AV,QUILCHENA PLACE,ASPEN AV,VERY GOOD,1051.2,0.122,0.1,0,0.1,91.62625469830112,0.5,0,1,1.0,0.343
ARBUTUS ST,34TH AV,33RD AV,POOR,1256.5,0.081,0.8,0,0.8,31.407936386864208,0.8,0,1,1.0,0.535
ADERA ST,65TH AV,64TH AV,VERY GOOD,783.4,0.209,0.1,0,0.1,1.512673129812299,0.8,0,1,1.0,0.431
2ND AV,6TH AV / ASH ST,CAMBIE BRIDGE SB TO W 2ND EB RAMP,FAIR,270.5,0.582,0.5,0,0.5,77.04136507063151,0.5,0,1,1.0,0.483
54TH AV,GLADSTONE ST,STIRLING ST,FAIR,1143.3,0.102,0.5,0,0.5,90.85886090603753,0.5,0,1,1.0,0.41
CHURCHILL ST,43RD AV,41ST AV,NO DATA,532.2,0.345,0.5,1,0.4,1.412634866895246,0.8,0,1,1.0,0.504
BALSAM ST,51ST AV,49TH AV,GOOD,349.9,0.497,0.3,0,0.3,1.5006268340306406,0.8,0,1,1.0,0.509
13TH AV,SEMLIN DRIVE,LAKEWOOD DRIVE,POOR,137.4,0.76,0.8,0,0.8,90.6923597242187,0.5,0,1,1.0,0.562
22ND AV,CROWN ST,WALLACE ST,FAIR,1926.1,0.021,0.5,0,0.5,90.46891768185014,0.5,0,1,1.0,0.398
24TH AV,PRINCE EDWARD ST,ST. GEORGE ST,POOR,1247.0,0.083,0.8,0,0.8,91.36565615978913,0.5,0,1,1.0,0.46
COLLINGWOOD ST,BROADWAY,8TH AV,POOR,998.5,0.136,0.8,0,0.8,1.8260080313763183,0.8,0,1,1.0,0.543
29TH AV,KNIGHT ST,EAST END,GOOD,1413.7,0.059,0.3,0,0.3,91.02220221692556,0.5,0,1,1.0,0.368
26TH AV,WINDERMERE ST,RUPERT ST,FAIR,447.8,0.408,0.5,0,0.5,90.27602892685229,0.5,0,1,1.0,0.456
10TH AV,WINDSOR ST,GLEN DRIVE,FAIR,1398.6,0.061,0.5,0,0.5,90.77392431285176,0.5,0,1,1.0,0.404
12TH AV,YEW ST,ARBUTUS ST,GOOD,1434.1,0.057,0.3,0,0.3,91.48065087842087,0.5,0,1,1.0,0.368
8TH AV,BROADWAY,HIGHBURY ST,NO DATA,542.6,0.338,0.5,1,0.4,87.56262971840727,0.5,0,1,1.0,0.428
COLLINGWOOD ST,MAYFAIR AV,38TH AV,FAIR,1005.4,0.134,0.5,0,0.5,0.31315927190144066,0.8,0,1,1.0,0.49
26TH AV,SELKIRK ST,OSLER ST,VERY POOR,830.3,0.19,0.95,0,0.95,91.51427090115294,0.5,0,1,1.0,0.503
20TH AV,ST. CATHERINES ST,WINDSOR ST,VERY POOR,1530.9,0.047,0.95,0,0.95,91.46124294022388,0.5,0,1,1.0,0.481
ALBERTA ST,6TH AV,5TH AV,GOOD,419.2,0.432,0.3,0,0.3,1.7065735802274276,0.8,0,1,1.0,0.5
ANN ST,SOUTHWEST END,WELLINGTON AV,GOOD,556.6,0.329,0.3,0,0.3,32.05093960158911,0.8,0,1,1.0,0.484
22ND AV,QUEBEC ST,MAIN ST,POOR,998.0,0.136,0.8,0,0.8,91.60255580891265,0.5,0,1,1.0,0.468
ATLANTIC ST,PRINCESS AV,HEATLEY AV,VERY GOOD,90.5,0.834,0.1,0,0.1,91.6499816630386,0.5,0,1,1.0,0.45
28TH AV,WEST END,KASLO ST,VERY GOOD,879.0,0.172,0.1,0,0.1,90.25371539409059,0.5,0,1,1.0,0.35
ANGUS DR,33RD AV,32ND AV,FAIR,687.5,0.253,0.5,0,0.5,1.1129322132355242,0.8,0,1,1.0,0.508
15TH AV,FINDLAY ST,VICTORIA DRIVE,VERY GOOD,187.4,0.687,0.1,0,0.1,90.71952847069502,0.5,0,1,1.0,0.428
7TH AV,BALACLAVA ST,BAYSWATER ST,VERY POOR,1479.7,0.052,0.95,0,0.95,91.44746224609844,0.5,0,1,1.0,0.482
6TH AV,ALMA ST,DUNBAR ST,GOOD,651.7,0.272,0.3,0,0.3,91.51741462579434,0.5,0,1,1.0,0.4
BAYSWATER ST,7TH AV,6TH AV,FAIR,1649.5,0.037,0.5,0,0.5,1.4615080522938229,0.8,0,1,1.0,0.475
CHARLES ST,MCLEAN DRIVE,WOODLAND DRIVE,VERY POOR,989.7,0.138,0.95,0,0.95,92.49064908832207,0.5,0,1,1.0,0.495
33RD AV,OAK ST,LAUREL ST,FAIR,163.4,0.721,0.5,0,0.5,93.37865625500308,0.5,0,1,1.0,0.504
39TH AV,MAIN ST,SOPHIA ST,GOOD,498.7,0.369,0.3,0,0.3,91.75612166326937,0.5,0,1,1.0,0.415
56TH AV,ELLIOTT ST,WALES ST,POOR,650.8,0.272,0.8,0,0.8,89.94603445307138,0.5,0,1,1.0,0.489
20TH AV,TRAFALGAR ST,VALLEY DRIVE,POOR,2440.6,0.008,0.8,0,0.8,91.55198781453737,0.5,0,1,1.0,0.449
BARCLAY ST,CARDERO ST,NICOLA ST,POOR,428.4,0.425,0.8,0,0.8,134.8289760618007,0.5,0,1,1.0,0.512
38TH AV,COLLINGWOOD ST,BLENHEIM ST,NO DATA,1087.7,0.114,0.5,1,0.4,90.45639830515637,0.5,0,1,1.0,0.394
ANGUS DR,ANGUS DRIVE WB,GRANVILLE ST,VERY POOR,1175.7,0.095,0.95,0,0.95,81.6533242209835,0.5,0,1,1.0,0.489
60TH AV,MANITOBA ST,ONTARIO ST,GOOD,219.4,0.645,0.3,0,0.3,91.54814384324118,0.5,0,1,1.0,0.457
46TH AV,ARGYLE ST,BRUCE ST,POOR,1715.5,0.032,0.8,0,0.8,91.50748335688473,0.5,0,1,1.0,0.453
54TH AV,DAWSON ST,RALEIGH ST,POOR,700.8,0.246,0.8,0,0.8,90.2124038039907,0.5,0,1,1.0,0.485
34TH AV,DEAD END,ARBUTUS ST,GOOD,1292.2,0.075,0.3,0,0.3,91.99086838970607,0.5,0,1,1.0,0.371
ASH ST,26TH AV,KING EDWARD AV,GOOD,476.2,0.386,0.3,0,0.3,1.6284545274920674,0.8,0,1,1.0,0.493
51ST AV,RUPERT ST,LANCASTER ST,VERY GOOD,1071.6,0.117,0.1,0,0.1,90.30250210342456,0.5,0,1,1.0,0.342
35TH AV,COMMERCIAL ST,VICTORIA DRIVE,VERY GOOD,1070.5,0.118,0.1,0,0.1,90.88668114571817,0.5,0,1,1.0,0.342
BURRARD ST,5TH AV,4TH AV,VERY GOOD,509.1,0.361,0.1,0,0.1,359.4329891608945,0.8,0,1,1.0,0.454
49TH AV,ARLINGTON ST,FRONTENAC ST,FAIR,1173.0,0.096,0.5,0,0.5,126.87162368004545,0.5,0,1,1.0,0.409
59TH AV,BORDEN ST,ARGYLE ST,GOOD,836.7,0.188,0.3,0,0.3,91.70945826841273,0.5,0,1,1.0,0.388
62ND AV,INVERNESS ST,KNIGHT ST,VERY POOR,553.1,0.331,0.95,0,0.95,90.79575186886319,0.5,0,1,1.0,0.524
40TH AV,WEST END,ST. CATHERINES ST,VERY GOOD,1371.3,0.064,0.1,0,0.1,91.11837994078246,0.5,0,1,1.0,0.334
37TH AV,GLADSTONE ST,NANAIMO ST,GOOD,590.7,0.307,0.3,0,0.3,90.50188014585837,0.5,0,1,1.0,0.406
8TH AV,RENFREW ST,NOOTKA ST,GOOD,481.6,0.382,0.3,0,0.3,90.34209795271721,0.5,0,1,1.0,0.417
15TH AV,FIR ST,GRANVILLE ST,GOOD,840.4,0.186,0.3,0,0.3,91.552899307914,0.5,0,1,1.0,0.388
3RD AV,MACDONALD ST,STEPHENS ST,GOOD,1752.0,0.03,0.3,0,0.3,91.45614772660986,0.5,0,1,1.0,0.364
COLLINGWOOD ST,23RD AV,22ND AV,POOR,2100.0,0.015,0.8,0,0.8,0.5132834745106152,0.8,0,1,1.0,0.525
30TH AV,ASH ST,CAMBIE ST,VERY GOOD,214.5,0.651,0.1,0,0.1,125.83829753140697,0.5,0,1,1.0,0.422
16TH AV,CAMOSUN ST,CROWN ST,POOR,1352.3,0.067,0.8,0,0.8,91.42285619634572,0.5,0,1,1.0,0.458
28TH AV,CAMOSUN ST,CROWN ST,POOR,2352.2,0.009,0.8,0,0.8,90.51179795456562,0.5,0,1,1.0,0.449
45TH AV,TISDALL ST,ASH ST,POOR,758.1,0.22,0.8,0,0.8,93.10816570511469,0.5,0,1,1.0,0.481
43RD AV,COLUMBIA ST,MANITOBA ST,POOR,651.1,0.272,0.8,0,0.8,92.78970175945801,0.5,0,1,1.0,0.489
47TH AV,ADERA ST,CHURCHILL ST,NO DATA,1099.9,0.111,0.5,1,0.4,91.47635888228098,0.5,0,1,1.0,0.394
11TH AV,HIGHBURY ST,ALMA ST,VERY GOOD,934.5,0.154,0.1,0,0.1,91.46396150485788,0.5,0,1,1.0,0.347
52ND AV,BUTLER ST,TYNE ST,GOOD,1064.9,0.119,0.3,0,0.3,90.5333577339187,0.5,0,1,1.0,0.377
57TH AV,MAPLE ST,LABURNUM ST,FAIR,693.8,0.25,0.5,0,0.5,91.21275208540033,0.5,0,1,1.0,0.432
11TH AV,COMMERCIAL DRIVE,VICTORIA DRIVE,POOR,406.9,0.443,0.8,0,0.8,90.70353581232541,0.5,0,1,1.0,0.515
BLENHEIM ST,6TH AV,5TH AV,GOOD,1158.7,0.099,0.3,0,0.3,1.5144722850226913,0.8,0,1,1.0,0.449
18TH AV,NOOTKA ST,LILLOOET ST,GOOD,475.1,0.387,0.3,0,0.3,90.13551694216358,0.5,0,1,1.0,0.418
BEATTY ST,GEORGIA ST,DUNSMUIR ST,VERY GOOD,77.7,0.856,0.1,0,0.1,44.74036667352084,0.8,0,1,1.0,0.528
48TH AV,MAIN ST,SOPHIA ST,VERY POOR,359.6,0.487,0.95,0,0.95,91.80376694987194,0.5,0,1,1.0,0.548
59TH AV,KNIGHT ST,DUMFRIES ST,VERY GOOD,835.0,0.188,0.1,0,0.1,90.47008563820441,0.5,0,1,1.0,0.353
2ND AV,DISCOVERY ST,NW MARINE DRIVE,VERY GOOD,289.7,0.56,0.1,0,0.1,64.63333193822479,0.5,0,1,1.0,0.409
17TH AV,WILLOW ST,HEATHER ST,FAIR,408.0,0.442,0.5,0,0.5,91.94984617572459,0.5,0,1,1.0,0.461
72ND AV,WEST END,73RD AV / FRENCH ST,POOR,329.0,0.518,0.8,0,0.8,91.42226814614673,0.5,0,1,1.0,0.526
COMOX ST,DENMAN ST,BIDWELL ST,VERY GOOD,587.5,0.309,0.1,0,0.1,134.81662896670446,0.5,0,1,1.0,0.371
CHILCO ST,SOUTHWEST END,BARCLAY ST,VERY GOOD,213.7,0.652,0.1,0,0.1,44.73599317574792,0.8,0,1,1.0,0.498
AUBREY PL,PRINCE EDWARD ST,ST. GEORGE ST,FAIR,848.5,0.183,0.5,0,0.5,92.39111191677415,0.5,0,1,1.0,0.422
BALSAM ST,CORNWALL AV,POINT GREY ROAD,GOOD,1119.2,0.107,0.3,0,0.3,1.5567673451978408,0.8,0,1,1.0,0.451
ADERA ST,63RD AV,62ND AV,POOR,906.7,0.163,0.8,0,0.8,1.5038545671689008,0.8,0,1,1.0,0.547
52ND AV,NEAL ST,TISDALL ST,GOOD,707.1,0.243,0.3,0,0.3,76.26979932815897,0.5,0,1,1.0,0.396
HAGGART ST,32ND AV / PATON ST,EDDINGTON DRIVE,GOOD,1680.6,0.035,0.3,0,0.3,336.8173265787307,0.8,0,1,1.0,0.44
39TH AV,MANITOBA ST,ONTARIO ST,FAIR,380.7,0.467,0.5,0,0.5,93.06027840959985,0.5,0,1,1.0,0.465
50TH AV,SOPHIA ST,PRINCE EDWARD ST,VERY POOR,490.3,0.375,0.95,0,0.95,91.74843833503877,0.5,0,1,1.0,0.531
54TH AV,LANCASTER ST,KERR ST,VERY GOOD,793.2,0.205,0.1,0,0.1,90.27844854560794,0.5,0,1,1.0,0.355
11TH AV,MANITOBA ST,ONTARIO ST,GOOD,836.8,0.188,0.3,0,0.3,91.61177810405513,0.5,0,1,1.0,0.388
45TH AV,ADERA ST,CHURCHILL ST,VERY GOOD,903.1,0.164,0.1,0,0.1,91.45999103513611,0.5,0,1,1.0,0.349
ALEXANDER ST,MAIN ST,GORE AV,VERY GOOD,541.9,0.338,0.1,0,0.1,91.69155048392281,0.5,0,1,1.0,0.375
47TH AV,HUDSON ST,MONTGOMERY ST,FAIR,1075.8,0.116,0.5,0,0.5,93.15949980725935,0.5,0,1,1.0,0.412
CHARLES ST,LE ROI ST,LILLOOET ST,VERY POOR,618.9,0.29,0.95,0,0.95,90.14099884185288,0.5,0,1,1.0,0.518
50TH AV,VICTORIA DRIVE,GLADSTONE ST,VERY POOR,1521.7,0.048,0.95,0,0.95,91.02082621850707,0.5,0,1,1.0,0.481
32ND AV,CARNARVON ST,MACKENZIE ST,GOOD,1782.3,0.028,0.3,0,0.3,90.46390183308955,0.5,0,1,1.0,0.364
52ND AV,WALES ST,VIVIAN ST,POOR,903.4,0.164,0.8,0,0.8,91.89557956921925,0.5,0,1,1.0,0.473
CLARENDON ST,37TH AV,34TH AV,FAIR,344.3,0.502,0.5,0,0.5,0.54455747422179,0.8,0,1,1.0,0.546
35TH AV,YEW ST,EAST END,NO DATA,1432.6,0.057,0.5,1,0.4,91.29969561598807,0.5,0,1,1.0,0.386
11TH AV,ALDER ST,SPRUCE ST,VERY GOOD,291.8,0.558,0.1,0,0.1,91.49983582075902,0.5,0,1,1.0,0.408
COLUMBIA ST,WALTER HARDWICK AV,ATHLETES WAY,VERY GOOD,29.7,0.942,0.1,0,0.1,1.677773315894001,0.8,0,1,1.0,0.541
19TH AV,YEW ST,ARBUTUS ST,VERY POOR,1807.1,0.027,0.95,0,0.95,91.48174984735272,0.5,0,1,1.0,0.478
63RD AV,FRASER ST,CHESTER ST,FAIR,694.6,0.249,0.5,0,0.5,91.03920923083115,0.5,0,1,1.0,0.432
1ST AV,BURRARD ST,PINE ST,FAIR,236.0,0.624,0.5,0,0.5,91.48160415829119,0.5,0,1,1.0,0.489
24TH AV,CLARK DRIVE,KNIGHT ST,POOR,1172.9,0.096,0.8,0,0.8,91.41896897200502,0.5,0,1,1.0,0.462
ARLINGTON ST,45TH AV,43RD AV,VERY POOR,1491.6,0.051,0.95,0,0.95,359.2014727000571,0.8,0,1,1.0,0.557
60TH AV,ARBUTUS ST,MAPLE ST,POOR,568.5,0.321,0.8,0,0.8,91.05217757600957,0.5,0,1,1.0,0.496
2ND AV,DRUMMOND DRIVE,TOLMIE ST,NO DATA,821.1,0.194,0.5,1,0.4,91.44651668576194,0.5,0,1,1.0,0.406
ALMA ST,14TH AV,13TH AV,VERY GOOD,1177.5,0.095,0.1,0,0.1,1.489229285739043,0.8,0,1,1.0,0.414
BOUNDARY RD,KENT AV NORTH,MARINE WAY,POOR,312.3,0.535,0.8,0,0.8,358.22444932681634,0.8,0,1,1.0,0.603
53RD AV,ELLIOTT ST,WALES ST,VERY GOOD,862.8,0.178,0.1,0,0.1,91.95930306671016,0.5,0,1,1.0,0.351
62ND AV,ASH ST,CAMBIE ST,GOOD,226.5,0.636,0.3,0,0.3,92.40330967428156,0.5,0,1,1.0,0.455
23RD AV,VALLEY DRIVE,OLIVER CRESCENT / VINE ST,FAIR,1987.0,0.019,0.5,0,0.5,91.52371026236779,0.5,0,1,1.0,0.398
ADANAC ST,LAKEWOOD DRIVE,TEMPLETON DRIVE,POOR,1362.5,0.066,0.8,0,0.8,90.69492054026085,0.5,0,1,1.0,0.458
CARRALL ST,KEEFER PLACE / KEEFER ST,PENDER ST,GOOD,32.9,0.936,0.3,0,0.3,1.6613590133323441,0.8,0,1,1.0,0.576
15TH AV,LILLOOET ST,WINDERMERE ST,VERY POOR,244.7,0.613,0.95,0,0.95,90.10560536128617,0.5,0,1,1.0,0.567
34TH AV,CULLODEN ST,KNIGHT ST,FAIR,1885.1,0.023,0.5,0,0.5,91.46717568937868,0.5,0,1,1.0,0.398
34TH AV,CROWN ST,WALLACE ST,VERY POOR,1695.3,0.034,0.95,0,0.95,90.2702035593233,0.5,0,1,1.0,0.479
24TH AV,BLENHEIM ST,BALACLAVA ST,VERY POOR,2384.8,0.008,0.95,0,0.95,90.46771203340165,0.5,0,1,1.0,0.476
CARTIER ST,50TH AV,49TH AV,FAIR,1261.6,0.08,0.5,0,0.5,1.762717315150553,0.8,0,1,1.0,0.482
45TH AV,CARTIER ST,HUDSON ST,VERY GOOD,855.5,0.181,0.1,0,0.1,93.07845866727018,0.5,0,1,1.0,0.351
5TH AV,SASAMAT ST,TRIMBLE ST,VERY POOR,641.5,0.277,0.95,0,0.95,91.48032218763626,0.5,0,1,1.0,0.516
17TH AV,HIGHBURY ST,DUNBAR ST,GOOD,1475.9,0.052,0.3,0,0.3,91.51900092704204,0.5,0,1,1.0,0.367
19TH AV,BALSAM ST,VINE ST,POOR,2117.3,0.014,0.8,0,0.8,91.52874776280589,0.5,0,1,1.0,0.45
11TH AV,TRIMBLE ST,DISCOVERY ST,GOOD,974.7,0.142,0.3,0,0.3,91.5158682272679,0.5,0,1,1.0,0.381
32ND AV,LANARK ST,DUMFRIES ST,GOOD,1643.2,0.037,0.3,0,0.3,91.29480656564823,0.5,0,1,1.0,0.365
12TH AV,BIRCH ST,ALDER ST,VERY POOR,391.1,0.457,0.95,0,0.95,91.4915407563584,0.5,0,1,1.0,0.543
53RD AV,TYNE ST,TODERICK ST,GOOD,933.9,0.154,0.3,0,0.3,90.29134945287706,0.5,0,1,1.0,0.383
CHARLES ST,COMMERCIAL DRIVE,SALSBURY DRIVE,GOOD,1338.7,0.069,0.3,0,0.3,90.71386005061197,0.5,0,1,1.0,0.37
CAROLINA ST,10TH AV,BROADWAY,FAIR,1134.1,0.104,0.5,0,0.5,0.7335634166852856,0.8,0,1,1.0,0.485
BLANCA ST,4TH AV,3RD AV,NO DATA,819.6,0.194,0.5,1,0.4,1.5257794887774594,0.8,0,1,1.0,0.481
26TH AV,OAK ST,LAUREL ST,NO DATA,846.2,0.184,0.5,1,0.4,91.51339382241696,0.5,0,1,1.0,0.405
ASPEN AV,QUILCHENA CRESCENT,33RD AV,VERY POOR,1050.5,0.122,0.95,0,0.95,35.6678667056799,0.8,0,1,1.0,0.568
COMMERCIAL DR,3RD AV,2ND AV,POOR,1237.1,0.084,0.8,0,0.8,0.7934294232667298,0.8,0,1,1.0,0.535
54TH AV,ARBUTUS ST,MAPLE ST,VERY POOR,615.4,0.292,0.95,0,0.95,91.21230036197426,0.5,0,1,1.0,0.518
47TH AV,EAST BOULEVARD,MAPLE ST,FAIR,958.5,0.147,0.5,0,0.5,91.54149492489489,0.5,0,1,1.0,0.417
19TH AV,GLEN DRIVE,INVERNESS ST,VERY POOR,1233.7,0.085,0.95,0,0.95,91.40429495960319,0.5,0,1,1.0,0.487
7TH AV,MAPLE ST,CYPRESS ST,FAIR,823.0,0.193,0.5,0,0.5,91.51271633473891,0.5,0,1,1.0,0.424
11TH AV,PRINCE EDWARD ST,GUELPH ST,VERY GOOD,1096.8,0.112,0.1,0,0.1,90.79649868471807,0.5,0,1,1.0,0.341
CAMPBELL AV,GEORGIA ST,KEEFER ST,VERY GOOD,367.4,0.48,0.1,0,0.1,1.6376226724282787,0.8,0,1,1.0,0.472
48TH AV,YEW ST,WEST BOULEVARD,NO DATA,699.5,0.247,0.5,1,0.4,91.54535498947268,0.5,0,1,1.0,0.414
62ND AV,KNIGHT ST,BORDEN ST,VERY POOR,543.9,0.337,0.95,0,0.95,90.31737891766113,0.5,0,1,1.0,0.525
CHESTNUT ST,CREELMAN AV,WHYTE AV,GOOD,181.1,0.696,0.3,0,0.3,1.6944625685337655,0.8,0,1,1.0,0.539
ARGYLE ST,43RD AV,41ST AV,FAIR,1609.0,0.04,0.5,0,0.5,1.114472287731985,0.8,0,1,1.0,0.476
COLLINGWOOD ST,10TH AV,BROADWAY,POOR,1054.0,0.121,0.8,0,0.8,1.4911093991455573,0.8,0,1,1.0,0.541
18TH AV,ST. GEORGE ST,CAROLINA ST,GOOD,1760.2,0.03,0.3,0,0.3,91.40389379903075,0.5,0,1,1.0,0.364
BEACH AV,HOWE ST,GRANVILLE ST 1,FAIR,598.7,0.302,0.5,0,0.5,134.81831211688495,0.5,1,1,1.0,0.74
13TH AV,BALACLAVA ST,CARNARVON ST,GOOD,1753.6,0.03,0.3,0,0.3,91.48929403797439,0.5,0,1,1.0,0.364
2ND AV,CLARK DRIVE,MCLEAN DRIVE,VERY GOOD,1047.6,0.123,0.1,0,0.1,90.73705192650101,0.5,0,1,1.0,0.343
44TH AV,FREMLIN ST,LAUREL ST,VERY GOOD,890.9,0.168,0.1,0,0.1,93.0901852250355,0.5,0,1,1.0,0.35
57TH AV,ST. GEORGE ST,FRASER ST,FAIR,1069.1,0.118,0.5,0,0.5,91.61886184762648,0.5,0,1,1.0,0.413
43RD AV,BLENHEIM ST,EAST END,VERY GOOD,555.1,0.329,0.1,0,0.1,91.32006080982524,0.5,0,1,1.0,0.374
11TH AV,HEMLOCK ST,BIRCH ST,VERY GOOD,308.4,0.54,0.1,0,0.1,91.51079704142717,0.5,0,1,1.0,0.406
ARBUTUS ST,KING EDWARD AV,22ND AV,GOOD,1691.0,0.034,0.3,0,0.3,1.4691340337569727,0.8,0,1,1.0,0.44
BLANCA ST,7TH AV,6TH AV,FAIR,1076.8,0.116,0.5,0,0.5,1.5185133210165986,0.8,0,1,1.0,0.487
20TH AV,BALSAM ST,VINE ST,POOR,2167.8,0.013,0.8,0,0.8,91.5280834052827,0.5,0,1,1.0,0.45
CASSIAR ST,PANDORA ST,TRIUMPH ST,GOOD,571.0,0.319,0.3,0,0.3,0.1006931722881177,0.8,0,1,1.0,0.483
50TH AV,WEST END,DUNBAR ST,VERY GOOD,276.4,0.575,0.1,0,0.1,90.73068173153126,0.5,0,1,1.0,0.411
46TH AV,ONTARIO ST,QUEBEC ST,GOOD,333.8,0.513,0.3,0,0.3,91.81566975916621,0.5,0,1,1.0,0.437
22ND AV,TRAFALGAR ST,BALSAM ST,VERY POOR,2186.0,0.013,0.95,0,0.95,91.53888325947713,0.5,0,1,1.0,0.476
10TH AV,GRANDVIEW HWY NORTH,LAKEWOOD DRIVE,VERY GOOD,437.0,0.417,0.1,0,0.1,87.31328221310991,0.5,0,1,1.0,0.387
27TH AV,WALLACE ST,HIGHBURY ST,VERY GOOD,2313.4,0.01,0.1,0,0.1,90.63363046523853,0.5,0,1,1.0,0.326
BLENHEIM ST,29TH AV,28TH AV,GOOD,2026.7,0.017,0.3,0,0.3,0.49372445880749183,0.8,0,1,1.0,0.437
40TH AV,COLUMBIA ST,MANITOBA ST,FAIR,497.8,0.369,0.5,0,0.5,93.03374273588702,0.5,0,1,1.0,0.451
CARTIER ST,46TH AV,45TH AV,GOOD,856.6,0.18,0.3,0,0.3,1.33832755793577,0.8,0,1,1.0,0.462
53RD AV,NANAIMO ST,EAST END,POOR,1027.2,0.128,0.8,0,0.8,90.56531818413447,0.5,0,1,1.0,0.467
COMMERCIAL ST,32ND AV,29TH AV,FAIR,1231.4,0.085,0.5,0,0.5,1.4187288492487369,0.8,0,1,1.0,0.483
ASH ST,13TH AV,12TH AV,GOOD,331.0,0.516,0.3,0,0.3,1.46937697571758,0.8,0,1,1.0,0.512
44TH AV,MAIN ST,SOPHIA ST,GOOD,629.3,0.284,0.3,0,0.3,91.84457167559856,0.5,0,1,1.0,0.402
ARBUTUS ST,59TH AV,58TH AV,VERY POOR,539.3,0.34,0.95,0,0.95,1.4081441935448424,0.8,0,1,1.0,0.601
14TH AV,YUKON ST,ALBERTA ST,POOR,631.4,0.283,0.8,0,0.8,91.51257848043446,0.5,0,1,1.0,0.49
BELMONT AV,FANNIN AV,BLANCA ST,VERY POOR,57.2,0.892,0.95,0,0.95,98.90532090787337,0.5,0,1,1.0,0.609
22ND AV,ST. CATHERINES ST,WINDSOR ST,VERY POOR,1591.5,0.041,0.95,0,0.95,91.49035412236333,0.5,0,1,1.0,0.48
7TH AV,LAKEWOOD DRIVE,GARDEN DRIVE,GOOD,334.0,0.513,0.3,0,0.3,90.71325893656348,0.5,0,1,1.0,0.437
19TH AV,PENTICTON ST,SLOCAN ST,FAIR,682.0,0.256,0.5,0,0.5,90.10340369291566,0.5,0,1,1.0,0.433
COLUMBIA ST,7TH AV,6TH AV,VERY GOOD,477.5,0.385,0.1,0,0.1,0.30650507677347605,0.8,0,1,1.0,0.457
27TH AV,ALMA ST,DUNBAR ST,NO DATA,2268.3,0.011,0.5,1,0.4,90.39483046304116,0.5,0,1,1.0,0.379
ALEXANDER ST,DUNLEVY AV,JACKSON AV,VERY GOOD,726.4,0.234,0.1,0,0.1,91.64530157969665,0.5,0,1,1.0,0.359
43RD AV,CHESTER ST,PRINCE ALBERT ST,POOR,1375.2,0.064,0.8,0,0.8,91.16891486768714,0.5,0,1,1.0,0.457
14TH AV,BALACLAVA ST,CARNARVON ST,VERY POOR,1815.5,0.026,0.95,0,0.95,91.49173133810092,0.5,0,1,1.0,0.478
6TH AV,BURRARD ST,PINE ST,VERY GOOD,544.1,0.337,0.1,0,0.1,91.50638593347765,0.5,0,1,1.0,0.375
CARNARVON ST,37TH AV,36TH AV,VERY GOOD,1285.6,0.076,0.1,0,0.1,0.35658693598048785,0.8,0,1,1.0,0.411
2ND AV,ONTARIO ST,QUEBEC ST,FAIR,83.8,0.846,0.5,0,0.5,91.66574697196052,0.5,0,1,1.0,0.522
22ND AV,LAUREL ST,WILLOW ST,VERY POOR,909.3,0.162,0.95,0,0.95,91.76713699919333,0.5,0,1,1.0,0.499
7TH AV,FIR ST,GRANVILLE ST,NO DATA,470.2,0.39,0.5,1,0.4,91.50957876026598,0.5,1,1,1.0,0.736
COLUMBIA ST,43RD AV,42ND AV,VERY POOR,664.1,0.265,0.95,0,0.95,1.719424373024765,0.8,0,1,1.0,0.589
16TH AV,NOOTKA ST,LILLOOET ST,GOOD,299.3,0.55,0.3,0,0.3,90.08263680656717,0.5,0,1,1.0,0.442
3RD AV,SLOCAN ST,KASLO ST,POOR,787.8,0.207,0.8,0,0.8,89.2999904206385,0.5,0,1,1.0,0.479
45TH AV,BALSAM ST,VINE ST,POOR,844.3,0.185,0.8,0,0.8,91.50987103387854,0.5,0,1,1.0,0.476
COMMERCIAL ST,47TH AV,45TH AV,NO DATA,1597.4,0.041,0.5,1,0.4,1.1485480963831947,0.8,0,1,1.0,0.458
ADANAC ST,RENFREW ST,NOOTKA ST,FAIR,439.9,0.415,0.5,0,0.5,90.13857332079391,0.5,0,1,1.0,0.457
32ND AV,COLLINGWOOD ST,BLENHEIM ST,POOR,1708.1,0.033,0.8,0,0.8,90.57401466543917,0.5,0,1,1.0,0.453
38TH AV,COMMERCIAL ST,VICTORIA DRIVE,VERY POOR,1104.9,0.11,0.95,0,0.95,91.00883161420313,0.5,0,1,1.0,0.491
BURRARD ST,PENDER ST,HASTINGS ST,GOOD,241.3,0.617,0.3,0,0.3,44.67754440815855,0.8,0,1,1.0,0.528
ANGUS DR,MATTHEWS AV,ANGUS DRIVE WB,VERY POOR,1341.1,0.068,0.95,0,0.95,15.306678668374275,0.8,0,1,1.0,0.56
68TH AV,ANGUS DRIVE,EAST END,FAIR,382.8,0.465,0.5,0,0.5,91.49121275460067,0.5,0,1,1.0,0.465
CARNARVON ST,21ST AV,20TH AV,GOOD,2277.5,0.011,0.3,0,0.3,0.5226453059112259,0.8,0,1,1.0,0.436
7TH AV,ST. CATHERINES ST,WINDSOR ST,VERY GOOD,1243.7,0.083,0.1,0,0.1,90.76447082152083,0.5,0,1,1.0,0.337
35TH AV,DUMFRIES ST,ARGYLE ST,VERY POOR,1501.6,0.05,0.95,0,0.95,91.51837998903795,0.5,0,1,1.0,0.482
12TH AV,SOPHIA ST,KINGSWAY,POOR,1101.1,0.111,0.8,0,0.8,106.0842517267946,0.5,0,1,1.0,0.464
49TH AV,YEW ST,LIME ST,VERY POOR,629.8,0.284,0.95,0,0.95,91.21829593885036,0.5,0,1,1.0,0.517
CLARK DR,FRANKLIN ST,POWELL ST,NO DATA,1073.4,0.117,0.5,1,0.4,1.0581022184766198,0.8,0,1,1.0,0.47
35TH AV,PRINCE EDWARD ST,ST. GEORGE ST,POOR,634.4,0.281,0.8,0,0.8,92.87165011548382,0.5,0,1,1.0,0.49
5TH AV,BURRARD ST,PINE ST,GOOD,460.0,0.399,0.3,0,0.3,91.51327812764839,0.5,0,1,1.0,0.42
38TH AV,ONTARIO ST,QUEBEC ST,POOR,283.2,0.568,0.8,0,0.8,91.86553557756054,0.5,0,1,1.0,0.533
BAYSWATER ST,BROADWAY,8TH AV,VERY GOOD,1699.9,0.033,0.1,0,0.1,1.4616643452242215,0.8,0,1,1.0,0.404
ALEXANDRA ST,BALFOUR AV,MATTHEWS AV,POOR,1240.4,0.084,0.8,0,0.8,321.7300859867005,0.8,0,1,1.0,0.535
15TH AV,MANITOBA ST,ONTARIO ST,VERY POOR,1020.3,0.13,0.95,0,0.95,91.62787068237617,0.5,0,1,1.0,0.494
8TH AV,DISCOVERY ST,COURTENAY ST,POOR,655.3,0.27,0.8,0,0.8,91.46982625578067,0.5,0,1,1.0,0.488
26TH AV,YUKON ST,COLUMBIA ST,FAIR,365.5,0.481,0.5,0,0.5,91.73567474312023,0.5,0,1,1.0,0.467
COLUMBIA ST,2ND AV,1ST AV,GOOD,41.4,0.92,0.3,0,0.3,0.380389568530461,0.8,0,1,1.0,0.573
ADANAC ST,KAMLOOPS ST,PENTICTON ST,FAIR,844.7,0.185,0.5,0,0.5,90.19516609553926,0.5,0,1,1.0,0.423
6TH AV,COLUMBIA ST,MANITOBA ST,VERY GOOD,467.0,0.393,0.1,0,0.1,91.73263013589263,0.5,0,1,1.0,0.383
40TH AV,COMMERCIAL ST,EAST END,FAIR,1260.8,0.08,0.5,0,0.5,90.83433615974542,0.5,0,1,1.0,0.407
BURNABY ST,THURLOW ST,BURRARD ST,VERY GOOD,294.7,0.555,0.1,0,0.1,134.80479939352222,0.5,0,1,1.0,0.408
13TH AV,CLARK DRIVE,WOODLAND DRIVE,FAIR,774.0,0.213,0.5,0,0.5,90.75268952505189,0.5,0,1,1.0,0.427
19TH AV,WILLOW ST,HEATHER ST,POOR,608.7,0.296,0.8,0,0.8,91.9080152774423,0.5,0,1,1.0,0.492
CONNAUGHT DR,AVONDALE AV,37TH AV,FAIR,311.4,0.536,0.5,0,0.5,318.4494415466241,0.8,0,1,1.0,0.551
66TH AV,ADERA ST,GRANVILLE ST,GOOD,700.7,0.246,0.3,0,0.3,91.52529618059293,0.5,0,1,1.0,0.397
47TH AV,TYNE ST,BATTISON ST,GOOD,1518.0,0.048,0.3,0,0.3,90.24399300708285,0.5,0,1,1.0,0.367
6TH AV,KASLO ST,RENFREW ST,FAIR,700.5,0.246,0.5,0,0.5,90.23114133564013,0.5,0,1,1.0,0.432
35TH AV,VINE ST,YEW ST,VERY GOOD,1514.9,0.048,0.1,0,0.1,91.48927014670346,0.5,0,1,1.0,0.332
49TH AV,VINE ST,YEW ST,GOOD,554.4,0.33,0.3,0,0.3,91.24675057909923,0.5,0,1,1.0,0.409
54TH AV,DUFF ST,GLADSTONE ST,FAIR,1257.5,0.081,0.5,0,0.5,90.85979182730591,0.5,0,1,1.0,0.407
35TH AV,PRINCE ALBERT ST,ST. CATHERINES ST,VERY POOR,1291.8,0.076,0.95,0,0.95,91.16410084521539,0.5,0,1,1.0,0.486
ALBERTA ST,BROADWAY,8TH AV,FAIR,503.9,0.365,0.5,0,0.5,1.7166554548217619,0.8,0,1,1.0,0.525
5TH AV,FIR ST,GRANVILLE ST,FAIR,317.8,0.53,0.5,0,0.5,87.29237756573565,0.5,1,1,1.0,0.775
27TH AV,KAMLOOPS ST,EAST END,POOR,963.1,0.146,0.8,0,0.8,89.90474246719594,0.5,0,1,1.0,0.47
28TH AV,JOHN ST,PRINCE EDWARD ST,FAIR,923.8,0.158,0.5,0,0.5,91.21418282361793,0.5,0,1,1.0,0.419
46TH AV,MONTGOMERY ST,OAK ST,POOR,1038.9,0.125,0.8,0,0.8,93.14241052298263,0.5,0,1,1.0,0.467
CARNARVON ST,16TH AV,15TH AV,VERY GOOD,1987.9,0.019,0.1,0,0.1,1.4893920849503957,0.8,0,1,1.0,0.402
21ST AV,SLOCAN ST,KASLO ST,FAIR,878.9,0.172,0.5,0,0.5,90.83798951878498,0.5,0,1,1.0,0.421
52ND AV,LABURNUM ST,CYPRESS ST,VERY GOOD,975.3,0.142,0.1,0,0.1,91.2247162291352,0.5,0,1,1.0,0.346
18TH AV,HEATHER ST,ASH ST,GOOD,535.3,0.343,0.3,0,0.3,91.90067573606643,0.5,0,1,1.0,0.411
BEATRICE ST,32ND AV,31ST AV,GOOD,1236.4,0.084,0.3,0,0.3,0.0009336653367881809,0.8,0,1,1.0,0.447
23RD AV,RUPERT ST,CASSIAR ST,POOR,603.8,0.299,0.8,0,0.8,90.52370193758293,0.5,0,1,1.0,0.493
45TH AV,SHERBROOKE ST,INVERNESS ST,FAIR,1853.8,0.025,0.5,0,0.5,91.21652092942571,0.5,0,1,1.0,0.399
BALACLAVA ST,8TH AV,7TH AV,FAIR,1480.2,0.052,0.5,0,0.5,1.495580327061873,0.8,0,1,1.0,0.478
COMOX ST,BROUGHTON ST,JERVIS ST,GOOD,299.2,0.55,0.3,0,0.3,134.79096407697438,0.5,0,1,1.0,0.442
23RD AV,LAURIER AV / OAK ST,LAUREL ST,POOR,1009.2,0.133,0.8,0,0.8,91.71647224230384,0.5,0,1,1.0,0.468
3RD AV,QUEBEC ST,LORNE ST,POOR,172.5,0.708,0.8,0,0.8,91.68066883075278,0.5,0,1,1.0,0.555
10TH AV,COLUMBIA ST,MANITOBA ST,VERY GOOD,626.8,0.286,0.1,0,0.1,91.6334516888038,0.5,0,1,1.0,0.367
CARTIER ST,51ST AV,50TH AV,VERY GOOD,1379.6,0.063,0.1,0,0.1,1.615373884411838,0.8,0,1,1.0,0.409
BLENHEIM ST,44TH AV,43RD AV,VERY GOOD,477.6,0.385,0.1,0,0.1,0.1833467978497083,0.8,0,1,1.0,0.457
18TH AV,CLARK DRIVE,KNIGHT ST,VERY POOR,937.0,0.154,0.95,0,0.95,91.42873520314106,0.5,0,1,1.0,0.497
22ND AV,LILLOOET ST,WINDERMERE ST,POOR,862.5,0.178,0.8,0,0.8,90.25424017423018,0.5,0,1,1.0,0.475
56TH AV,BRAEBURN ST,BALMORAL ST,FAIR,1199.3,0.091,0.5,0,0.5,61.13070611468652,0.5,0,1,1.0,0.409
ALBERTA ST,48TH AV,47TH AV,FAIR,266.3,0.587,0.5,0,0.5,359.1719362401789,0.8,0,1,1.0,0.558
17TH AV,QUEBEC ST,WATSON ST,GOOD,1366.7,0.065,0.3,0,0.3,91.63912709463568,0.5,0,1,1.0,0.369
14TH AV,WINDERMERE ST,RUPERT ST,POOR,240.8,0.618,0.8,0,0.8,89.2434827906664,0.5,0,1,1.0,0.541
18TH AV,PENTICTON ST,SLOCAN ST,POOR,668.4,0.263,0.8,0,0.8,90.04658655746789,0.5,0,1,1.0,0.487
39TH AV,YEW ST,WEST BOULEVARD,NO DATA,1351.8,0.067,0.5,1,0.4,91.44821453746664,0.5,0,1,1.0,0.387
BEGG ST,TERMINAL AV,PAVEMENT CHANGE,VERY POOR,469.6,0.391,0.95,0,0.95,14.381415291344638,0.8,0,1,1.0,0.608
ARGYLE ST,36TH AV,35TH AV,FAIR,1500.8,0.05,0.5,0,0.5,1.3694693741150559,0.8,0,1,1.0,0.477
27TH AV,WINDERMERE ST,RUPERT ST,POOR,388.9,0.459,0.8,0,0.8,90.28723490263229,0.5,0,1,1.0,0.517
CAMOSUN ST,15TH AV,14TH AV,VERY POOR,1166.4,0.097,0.95,0,0.95,1.4919832644265512,0.8,0,1,1.0,0.564
BEACH AV,HORNBY ST,HOWE ST,VERY GOOD,613.4,0.293,0.1,0,0.1,134.81809391744525,0.5,0,1,1.0,0.368
43RD AV,VICTORIA DRIVE,GLADSTONE ST,FAIR,1086.1,0.114,0.5,0,0.5,90.90858893226789,0.5,0,1,1.0,0.412
71ST AV,WEST END,SW MARINE DRIVE,VERY GOOD,326.2,0.521,0.1,0,0.1,91.35932956107041,0.5,0,1,1.0,0.403
40TH AV,DUNBAR ST,COLLINGWOOD ST,NO DATA,872.4,0.175,0.5,1,0.4,90.62618180344236,0.5,0,1,1.0,0.404
8TH AV,CROWN CRESCENT,CROWN CRESCENT,VERY POOR,561.1,0.326,0.95,0,0.95,91.42381634392251,0.5,0,1,1.0,0.523
20TH AV,YUKON ST,COLUMBIA ST,POOR,908.0,0.163,0.8,0,0.8,91.73186525300991,0.5,0,1,1.0,0.472
39TH AV,HUDSON ST,SELKIRK ST,POOR,286.2,0.564,0.8,0,0.8,93.10231629427778,0.5,0,1,1.0,0.533
54TH AV,MAIN ST,SOPHIA ST,FAIR,588.3,0.308,0.5,0,0.5,91.86684657071186,0.5,0,1,1.0,0.441
6TH AV,ALBERTA ST,COLUMBIA ST,VERY GOOD,477.6,0.385,0.1,0,0.1,91.7044529517139,0.5,0,1,1.0,0.382
CARTIER ST,55TH AV,54TH AV,VERY POOR,1720.1,0.032,0.95,0,0.95,1.5942775738661794,0.8,0,1,1.0,0.554
31ST AV,PRINCE ALBERT ST,ST. CATHERINES ST,VERY POOR,1342.8,0.068,0.95,0,0.95,90.6657010408789,0.5,0,1,1.0,0.485
BALSAM ST,BROADWAY,8TH AV,VERY GOOD,1597.7,0.041,0.1,0,0.1,1.5173807001206683,0.8,0,1,1.0,0.405
20TH AV,DUMFRIES ST,FLEMING ST,FAIR,693.5,0.25,0.5,0,0.5,91.43664868013406,0.5,0,1,1.0,0.432
12TH AV,VINE ST,YEW ST,GOOD,1551.9,0.045,0.3,0,0.3,91.53350960612653,0.5,0,1,1.0,0.366
33RD AV,CYPRESS ST / VALLEY DRIVE,QUILCHENA CRESCENT,VERY GOOD,812.0,0.197,0.1,0,0.1,91.64861089819863,0.5,0,1,1.0,0.354
28TH AV,PENTICTON ST,SLOCAN ST,POOR,869.2,0.176,0.8,0,0.8,90.0032085801887,0.5,0,1,1.0,0.474
6TH AV,MAPLE ST,CYPRESS ST,VERY GOOD,759.6,0.219,0.1,0,0.1,91.50534575824832,0.5,0,1,1.0,0.357
5TH AV,LARCH ST,BALSAM ST,VERY POOR,1496.1,0.05,0.95,0,0.95,91.50159052777008,0.5,0,1,1.0,0.482
38TH AV,MANITOBA ST,ONTARIO ST,FAIR,280.2,0.571,0.5,0,0.5,93.09168273451036,0.5,0,1,1.0,0.481
ABBOTT ST,HASTINGS ST,CORDOVA ST,VERY POOR,269.0,0.584,0.95,0,0.95,15.912030369653735,0.8,0,1,1.0,0.637
68TH AV,EAST BOULEVARD,ADERA ST,GOOD,559.5,0.327,0.3,0,0.3,91.53251363532718,0.5,0,1,1.0,0.409
46TH AV,VICTORIA DRIVE,NANAIMO ST,POOR,1176.9,0.095,0.8,0,0.8,91.08583951214553,0.5,0,1,1.0,0.462
22ND AV,WALLACE ST,HIGHBURY ST,VERY POOR,1936.5,0.021,0.95,0,0.95,90.46794992953784,0.5,0,1,1.0,0.477
ANGUS DR,59TH AV,58TH AV,VERY GOOD,899.2,0.166,0.1,0,0.1,1.502779297307825,0.8,0,1,1.0,0.424
7TH AV,YUKON ST,ALBERTA ST,GOOD,397.7,0.451,0.3,0,0.3,91.75412600329031,0.5,0,1,1.0,0.428
45TH AV,ORMIDALE ST,BOUNDARY ROAD,GOOD,1690.2,0.034,0.3,0,0.3,90.37210961356698,0.5,0,1,1.0,0.365
21ST AV,CAROLINA ST,FRASER ST,VERY POOR,1691.0,0.034,0.95,0,0.95,91.39988328633478,0.5,0,1,1.0,0.479
53RD AV,SHERBROOKE ST,INVERNESS ST,VERY GOOD,1477.7,0.052,0.1,0,0.1,91.38090006935079,0.5,0,1,1.0,0.332
8TH AV,BAYSWATER ST,MACDONALD ST,VERY GOOD,1699.6,0.033,0.1,0,0.1,91.45520961366293,0.5,0,1,1.0,0.329
47TH AV,MANITOBA ST,ONTARIO ST,VERY POOR,230.5,0.631,0.95,0,0.95,91.58082145089924,0.5,0,1,1.0,0.569
5TH AV,TRUTCH ST,BALACLAVA ST,GOOD,1295.7,0.075,0.3,0,0.3,91.60684308521911,0.5,0,1,1.0,0.371
ASH ST,SW MARINE DRIVE,68TH AV,VERY GOOD,360.1,0.487,0.1,0,0.1,1.8446957853998924,0.8,0,1,1.0,0.473
33RD AV,WALLACE ST,HIGHBURY ST,FAIR,1709.4,0.033,0.5,0,0.5,90.55503238573459,0.5,0,1,1.0,0.4
4TH AV,WALLACE ST,HIGHBURY ST,VERY POOR,251.8,0.604,0.95,0,0.95,90.5089473950477,0.5,0,1,1.0,0.565
33RD AV,KNIGHT ST,LANARK ST,GOOD,1783.8,0.028,0.3,0,0.3,91.13421349240741,0.5,0,1,1.0,0.364
15TH AV,RENFREW ST,NOOTKA ST,FAIR,221.4,0.642,0.5,0,0.5,89.02878586317473,0.5,0,1,1.0,0.492
52ND AV,PRINCE ALBERT ST,WINDSOR ST,POOR,1356.9,0.066,0.8,0,0.8,91.071962503436,0.5,0,1,1.0,0.458
7TH AV,OAK ST,LAUREL ST,FAIR,165.5,0.718,0.5,0,0.5,91.49991580029541,0.5,0,1,1.0,0.503
54TH AV,INVERNESS ST,CULLODEN ST,VERY GOOD,1308.8,0.073,0.1,0,0.1,91.3775901630097,0.5,0,1,1.0,0.335
40TH AV,MANITOBA ST,ONTARIO ST,FAIR,482.3,0.381,0.5,0,0.5,92.94977825971318,0.5,0,1,1.0,0.452
49TH AV,BUTLER ST,TYNE ST,FAIR,1323.2,0.071,0.5,0,0.5,90.94277014520048,0.5,0,1,1.0,0.406
8TH AV,NANAIMO ST,KAMLOOPS ST,VERY GOOD,150.0,0.741,0.1,0,0.1,90.07722486731444,0.5,0,1,1.0,0.436
31ST AV,CARNARVON ST,MACKENZIE ST,GOOD,1883.6,0.023,0.3,0,0.3,90.48610915397592,0.5,0,1,1.0,0.363
33RD AV,VICTORIA DRIVE,GLADSTONE ST,FAIR,917.4,0.16,0.5,0,0.5,98.11462989885467,0.5,0,1,1.0,0.419
COPLEY ST,16TH AV,15TH AV,FAIR,446.0,0.41,0.5,0,0.5,0.200593499334218,0.8,0,1,1.0,0.532
ALEXANDRA ST,KING EDWARD AV,LAURIER AV,FAIR,1001.1,0.135,0.5,0,0.5,1.4906259052531254,0.8,0,1,1.0,0.49
43RD AV,CREE ST,SOPHIA ST,POOR,766.9,0.216,0.8,0,0.8,91.65636399123008,0.5,0,1,1.0,0.48
ARBUTUS ST,20TH AV,19TH AV,FAIR,1806.8,0.027,0.5,0,0.5,1.537354115162941,0.8,0,1,1.0,0.474
26TH AV,NANAIMO ST,KAMLOOPS ST,GOOD,885.7,0.17,0.3,0,0.3,90.07573575500828,0.5,0,1,1.0,0.385
11TH AV,SPRUCE ST,OAK ST,VERY GOOD,349.8,0.497,0.1,0,0.1,91.49992734119871,0.5,0,1,1.0,0.399
CEDAR CRES,MAPLE ST,CYPRESS ST,VERY POOR,1624.6,0.039,0.95,0,0.95,54.877321490807105,0.5,0,1,1.0,0.48
38TH AV,ANGUS DRIVE,MARGUERITE ST,POOR,565.7,0.323,0.8,0,0.8,91.40358855587084,0.5,0,1,1.0,0.496
28TH AV,GLADSTONE ST,NANAIMO ST,POOR,956.3,0.148,0.8,0,0.8,90.30979783169522,0.5,0,1,1.0,0.47
ADANAC ST,SEMLIN DRIVE,LAKEWOOD DRIVE,FAIR,1496.1,0.05,0.5,0,0.5,90.69890150889432,0.5,0,1,1.0,0.402
46TH AV,VIVIAN ST,RALEIGH ST,VERY GOOD,1011.5,0.132,0.1,0,0.1,91.0565211315606,0.5,0,1,1.0,0.344
BURRARD ST,10TH AV,BROADWAY,VERY GOOD,878.8,0.172,0.1,0,0.1,1.5018476551975937,0.8,0,1,1.0,0.425
5TH AV,NOOTKA ST,LILLOOET ST,VERY POOR,681.9,0.256,0.95,0,0.95,90.3316949834765,0.5,0,1,1.0,0.513
4TH AV,YEW ST,ARBUTUS ST,POOR,977.0,0.142,0.8,0,0.8,91.50109209659217,0.5,0,1,1.0,0.469
BLENHEIM ST,21ST AV,20TH AV,GOOD,2033.0,0.017,0.3,0,0.3,0.5004096409458043,0.8,0,1,1.0,0.437
10TH AV,YUKON ST,ALBERTA ST,VERY GOOD,384.4,0.464,0.1,0,0.1,91.54333176456737,0.5,0,1,1.0,0.394
51ST AV,YEW ST,LIME ST,NO DATA,496.7,0.37,0.5,1,0.4,91.15436077897499,0.5,0,1,1.0,0.433
BLANCA ST,10TH AV,9TH AV,FAIR,1328.8,0.07,0.5,0,0.5,1.5131294957753312,0.8,0,1,1.0,0.48
12TH AV,MACKENZIE ST,MACDONALD ST,VERY GOOD,1936.0,0.021,0.1,0,0.1,91.48424851311694,0.5,0,1,1.0,0.327
43RD AV,GLADSTONE ST,STIRLING ST,VERY POOR,971.6,0.143,0.95,0,0.95,90.72320052029056,0.5,0,1,1.0,0.496
47TH AV,ALBERTA ST,COLUMBIA ST,VERY GOOD,256.9,0.598,0.1,0,0.1,91.75194611044736,0.5,0,1,1.0,0.414
31ST AV,ROSS ST,INVERNESS ST,POOR,1805.8,0.027,0.8,0,0.8,90.73940240144066,0.5,0,1,1.0,0.452
23RD AV,TRAFALGAR ST,VALLEY DRIVE,VERY POOR,2147.2,0.014,0.95,0,0.95,91.50474337123217,0.5,0,1,1.0,0.476
BLENHEIM ST,23RD AV,22ND AV,VERY GOOD,2206.3,0.012,0.1,0,0.1,0.48180139901381835,0.8,0,1,1.0,0.401
51ST AV,SOPHIA ST,PRINCE EDWARD ST,FAIR,519.6,0.354,0.5,0,0.5,91.92818194762253,0.5,0,1,1.0,0.448
AISNE ST,SOUTHEAST END,SW MARINE DRIVE,VERY GOOD,335.7,0.511,0.1,0,0.1,327.4312066702059,0.8,0,1,1.0,0.476
BLANCA ST,15TH AV,14TH AV,FAIR,1721.0,0.032,0.5,0,0.5,1.5089415106270394,0.8,0,1,1.0,0.475
ALBERTA ST,8TH AV,7TH AV,GOOD,507.6,0.362,0.3,0,0.3,1.7033684382469119,0.8,0,1,1.0,0.489
38TH AV,OSLER ST,EAST END,GOOD,232.1,0.629,0.3,0,0.3,93.11623040665535,0.5,0,1,1.0,0.454
ARBUTUS ST,53RD AV,51ST AV,GOOD,628.1,0.285,0.3,0,0.3,1.4801031372386433,0.8,0,1,1.0,0.477
38TH AV,WALES ST,RHODES ST,GOOD,188.0,0.687,0.3,0,0.3,90.62141451660017,0.5,0,1,1.0,0.463
4TH AV,COMMERCIAL DRIVE,EAST END,GOOD,1025.4,0.129,0.3,0,0.3,88.52877455427938,0.5,0,1,1.0,0.379
48TH AV,ST. GEORGE ST,FRASER ST,VERY GOOD,892.1,0.168,0.1,0,0.1,91.45907465238446,0.5,0,1,1.0,0.35
32ND AV,LITTLE ST,GLADSTONE ST,GOOD,981.6,0.14,0.3,0,0.3,90.61101524477527,0.5,0,1,1.0,0.381
BURRARD ST,4TH AV,3RD AV,FAIR,458.8,0.399,0.5,0,0.5,1.3069395750775925,0.8,0,1,1.0,0.53
47TH AV,BEATRICE ST,VICTORIA DRIVE,VERY GOOD,1550.0,0.045,0.1,0,0.1,89.47919055126317,0.5,0,1,1.0,0.331
62ND AV,SPARBROOK CRESCENT,BUTLER ST,FAIR,104.7,0.811,0.5,0,0.5,66.85194982309577,0.5,0,1,1.0,0.517
6TH AV,QUEBEC ST,MAIN ST,VERY POOR,474.1,0.387,0.95,0,0.95,91.66439267516301,0.5,0,1,1.0,0.533
25TH AV,NOOTKA ST,LILLOOET ST,GOOD,811.8,0.197,0.3,0,0.3,89.9884778922501,0.5,0,1,1.0,0.389
42ND AV,MAPLE ST,PAVEMENT CHANGE,VERY GOOD,1131.9,0.104,0.1,0,0.1,91.45203228207441,0.5,0,1,1.0,0.34
45TH AV,BALACLAVA ST,CARNARVON ST,GOOD,462.8,0.396,0.3,0,0.3,90.69494760622115,0.5,0,1,1.0,0.419
38TH AV,YEW ST,WEST BOULEVARD,VERY POOR,1338.6,0.069,0.95,0,0.95,91.43659076838048,0.5,0,1,1.0,0.485
28TH AV,MAPLE ST,MAGNOLIA ST,GOOD,1208.3,0.089,0.3,0,0.3,92.74987650401022,0.5,0,1,1.0,0.373
60TH AV,INVERNESS ST,KNIGHT ST,POOR,741.2,0.227,0.8,0,0.8,91.71871547446574,0.5,0,1,1.0,0.482
2ND AV,CAMBIE BRIDGE SB TO W 2ND EB RAMP,5TH AV,FAIR,258.5,0.596,0.5,0,0.5,53.40987757182046,0.5,1,1,1.0,0.785
BEECHWOOD ST,57TH AV,54TH AV,FAIR,406.8,0.443,0.5,0,0.5,1.4208026300373149,0.8,0,1,1.0,0.537
52ND AV,WILTSHIRE ST,MARGUERITE ST,GOOD,1245.7,0.083,0.3,0,0.3,91.23537047605328,0.5,0,1,1.0,0.372
CASSIAR ST,24TH AV,23RD AV,GOOD,506.8,0.363,0.3,0,0.3,0.217437091874217,0.8,0,1,1.0,0.489
37TH AV,LANE,PRINCE ALBERT ST,GOOD,1187.7,0.093,0.3,0,0.3,91.30131366841215,0.5,0,1,1.0,0.374
45TH AV,RUPERT ST,LANCASTER ST,VERY POOR,1069.3,0.118,0.95,0,0.95,90.40330801091727,0.5,0,1,1.0,0.492
18TH AV,CAROLINA ST,FRASER ST,POOR,1834.2,0.026,0.8,0,0.8,91.44743196603349,0.5,0,1,1.0,0.452
3RD AV,COLLINGWOOD ST,WATERLOO ST,POOR,839.0,0.187,0.8,0,0.8,91.48899349267299,0.5,0,1,1.0,0.476
40TH AV,YEW ST,YEW ST,NO DATA,1404.7,0.06,0.5,1,0.4,91.3924260876309,0.5,0,1,1.0,0.386
CARTIER ST,DOGWOOD AV,51ST AV,VERY POOR,1478.6,0.052,0.95,0,0.95,1.605307479839439,0.8,0,1,1.0,0.557
45TH AV,ALBERTA ST,COLUMBIA ST,VERY GOOD,464.3,0.395,0.1,0,0.1,93.1408058514346,0.5,0,1,1.0,0.384
ALBERTA ST,13TH AV,12TH AV,VERY POOR,605.3,0.298,0.95,0,0.95,1.5030835435707672,0.8,0,1,1.0,0.594
33RD AV,ARBUTUS ST,QUILCHENA PLACE,GOOD,1173.9,0.096,0.3,0,0.3,91.66070857177277,0.5,0,1,1.0,0.374
ARBUTUS ST,19TH AV,18TH AV,GOOD,1751.7,0.03,0.3,0,0.3,1.5103221701689336,0.8,0,1,1.0,0.439
47TH AV,CARTIER ST,HUDSON ST,NO DATA,1057.6,0.121,0.5,1,0.4,93.1740687280398,0.5,0,1,1.0,0.395
CAROLINA ST,14TH AV,13TH AV,FAIR,1451.0,0.055,0.5,0,0.5,0.8007332592125636,0.8,0,1,1.0,0.478
2ND AV,PINE ST,FIR ST,VERY GOOD,121.1,0.785,0.1,0,0.1,91.51524043639222,0.5,0,1,1.0,0.443
1ST AV,LARCH ST,BALSAM ST,FAIR,1246.9,0.083,0.5,0,0.5,91.47574918482763,0.5,0,1,1.0,0.407
24TH AV,LILLOOET ST,WINDERMERE ST,FAIR,719.4,0.237,0.5,0,0.5,90.73392144311526,0.5,0,1,1.0,0.431
11TH AV,FRASER ST,PRINCE ALBERT ST,FAIR,1380.3,0.063,0.5,0,0.5,90.78298172359894,0.5,0,1,1.0,0.404
ANCASTER CRES,HARRISON DRIVE,ELLIOTT ST,VERY POOR,493.8,0.372,0.95,0,0.95,66.9149520182255,0.5,0,1,1.0,0.53
11TH AV,KITSILANO DIVERSION / MACDONALD ST,STEPHENS ST,GOOD,2016.1,0.018,0.3,0,0.3,93.0261848126122,0.5,0,1,1.0,0.362
7TH AV,HEATHER ST,ASH ST,GOOD,169.8,0.712,0.3,0,0.3,91.53216441614188,0.5,0,1,1.0,0.467
BRUCE ST,47TH AV,45TH AV,GOOD,1682.7,0.035,0.3,0,0.3,1.5445247052129503,0.8,0,1,1.0,0.44
36TH AV,MAPLE ST,CYPRESS ST,VERY POOR,851.3,0.182,0.95,0,0.95,91.42668129755958,0.5,0,1,1.0,0.502
12TH AV,SPRUCE ST,OAK ST,GOOD,310.6,0.537,0.3,0,0.3,91.491728332403,0.5,0,1,1.0,0.441
17TH AV,RENFREW ST,NOOTKA ST,POOR,437.4,0.417,0.8,0,0.8,91.15823801680659,0.5,0,1,1.0,0.511
BEACH AV,GILFORD ST,DAVIE ST,VERY GOOD,594.6,0.304,0.1,0,0.1,161.4912762244868,0.2,0,1,1.0,0.295
29TH AV,PRINCE EDWARD ST,ST. GEORGE ST,VERY POOR,880.5,0.172,0.95,0,0.95,91.09455918686137,0.5,0,1,1.0,0.5
13TH AV,MANITOBA ST,ONTARIO ST,VERY POOR,911.6,0.162,0.95,0,0.95,91.62287490538483,0.5,0,1,1.0,0.499
39TH AV,COLUMBIA ST,MACKIE ST,VERY POOR,438.1,0.416,0.95,0,0.95,93.0408188902527,0.5,0,1,1.0,0.537
2ND AV,RUPERT ST,CASSIAR ST,GOOD,211.5,0.655,0.3,0,0.3,90.03000110363251,0.5,0,1,1.0,0.458
16TH AV,DISCOVERY ST,COURTENAY ST,POOR,1416.2,0.059,0.8,0,0.8,91.49006458903995,0.5,0,1,1.0,0.457
7TH AV,KASLO ST,RENFREW ST,GOOD,654.9,0.27,0.3,0,0.3,90.24357928952679,0.5,0,1,1.0,0.4
49TH AV,SOPHIA ST,PRINCE EDWARD ST,FAIR,483.3,0.38,0.5,0,0.5,91.86020058945371,0.5,0,1,1.0,0.452
CARTIER ST,72ND AV,71ST AV,GOOD,456.2,0.402,0.3,0,0.3,1.4333516601603264,0.8,0,1,1.0,0.495
32ND AV,HUDSON ST,SELKIRK ST,VERY POOR,264.1,0.59,0.95,0,0.95,112.50157103163252,0.5,0,1,1.0,0.563
8TH AV,FIR ST,GRANVILLE ST,GOOD,458.1,0.4,0.3,0,0.3,91.53769894038368,0.5,0,1,1.0,0.42
45TH AV,DOMAN ST,LATTA ST,FAIR,1385.5,0.063,0.5,0,0.5,90.33926524262336,0.5,0,1,1.0,0.404
29TH AV,WELWYN ST,COMMERCIAL ST,GOOD,1231.4,0.085,0.3,0,0.3,90.56644987912904,0.5,0,1,1.0,0.372
13TH AV,GUELPH ST,ST. GEORGE ST,VERY POOR,1270.9,0.079,0.95,0,0.95,90.77100029278449,0.5,0,1,1.0,0.486
ALBERTA ST,SOUTH END,49TH AV,VERY GOOD,216.0,0.649,0.1,0,0.1,1.3278403106328938,0.8,0,1,1.0,0.497
31ST AV,DUMFRIES ST,FLEMING ST,VERY POOR,1460.4,0.054,0.95,0,0.95,90.12269414825982,0.5,0,1,1.0,0.482
BLENHEIM ST,37TH AV,36TH AV,VERY GOOD,1184.3,0.094,0.1,0,0.1,0.4579396161507816,0.8,0,1,1.0,0.413
64TH AV,EAST BOULEVARD,ADERA ST,VERY GOOD,681.5,0.256,0.1,0,0.1,91.52578988579967,0.5,0,1,1.0,0.363
56TH AV,PRINCE ALBERT ST,ROSS ST,FAIR,1227.9,0.086,0.5,0,0.5,91.16896618449908,0.5,0,1,1.0,0.408
29TH AV,COLLINGWOOD ST,BLENHEIM ST,FAIR,2024.7,0.017,0.5,0,0.5,90.52681704646795,0.5,0,1,1.0,0.397
15TH AV,ST. CATHERINES ST,WINDSOR ST,GOOD,1457.7,0.054,0.3,0,0.3,93.62632688615815,0.5,0,1,1.0,0.368
49TH AV,MAPLE ST,LABURNUM ST,VERY GOOD,1033.5,0.127,0.1,0,0.1,91.1916163549003,0.5,0,1,1.0,0.343
14TH AV,STEPHENS ST,TRAFALGAR ST,VERY POOR,2195.4,0.012,0.95,0,0.95,91.4917244737652,0.5,0,1,1.0,0.476
6TH AV,TOLMIE ST,SASAMAT ST,FAIR,878.8,0.172,0.5,0,0.5,91.5043850805705,0.5,0,1,1.0,0.421
31ST AV,BALACLAVA ST,CARNARVON ST,GOOD,1839.7,0.025,0.3,0,0.3,90.48587235493324,0.5,0,1,1.0,0.363
22ND AV,FRASER ST,PRINCE ALBERT ST,POOR,1717.8,0.032,0.8,0,0.8,91.44190506749533,0.5,0,1,1.0,0.453
37TH AV,MACKENZIE ST,MACDONALD ST,GOOD,1377.2,0.064,0.3,0,0.3,90.47652871888675,0.5,0,1,1.0,0.369
8TH AV,PRINCE EDWARD ST,GUELPH ST,VERY GOOD,827.8,0.191,0.1,0,0.1,90.75153831754795,0.5,0,1,1.0,0.353
2ND AV,KASLO ST,RENFREW ST,FAIR,980.1,0.141,0.5,0,0.5,90.4710962954216,0.5,0,1,1.0,0.416
COMMERCIAL DR,11TH AV,10TH AV,POOR,596.5,0.303,0.8,0,0.8,0.768124725407688,0.8,0,1,1.0,0.568
19TH AV,GLADSTONE ST,COPLEY ST,GOOD,303.2,0.545,0.3,0,0.3,112.99320277400648,0.5,0,1,1.0,0.442
52ND AV,SELKIRK ST,MONTGOMERY ST,VERY POOR,1499.1,0.05,0.95,0,0.95,91.35270252807175,0.5,0,1,1.0,0.482
28TH AV,WALDEN ST,SOPHIA ST,POOR,796.7,0.203,0.8,0,0.8,91.3240768863352,0.5,0,1,1.0,0.478
10TH AV,BURRARD ST,PINE ST,FAIR,832.3,0.189,0.5,0,0.5,91.52974230644497,0.5,0,1,1.0,0.423
6TH AV,ST. GEORGE ST,CAROLINA ST,VERY GOOD,825.8,0.192,0.1,0,0.1,90.75591650891971,0.5,0,1,1.0,0.353
2ND AV,ALMA ST,DUNBAR ST,FAIR,545.3,0.336,0.5,0,0.5,91.53881763526408,0.5,0,1,1.0,0.445
7TH AV,STEPHENS ST,TRAFALGAR ST,POOR,1871.9,0.024,0.8,0,0.8,91.39216835374657,0.5,0,1,1.0,0.451
40TH AV,NANAIMO ST,CLARENDON ST,FAIR,537.9,0.341,0.5,0,0.5,90.5481693899734,0.5,0,1,1.0,0.446
37TH AV,COMMERCIAL ST,VICTORIA DRIVE,FAIR,1074.9,0.116,0.5,0,0.5,90.47310035551743,0.5,0,1,1.0,0.412
13TH AV,DISCOVERY ST,COURTENAY ST,FAIR,1111.0,0.108,0.5,0,0.5,91.50402881090719,0.5,0,1,1.0,0.411
45TH AV,ST. CATHERINES ST,WINDSOR ST,GOOD,1487.2,0.051,0.3,0,0.3,91.20386480073375,0.5,0,1,1.0,0.367
75TH AV,BARNARD ST,BARNARD ST,GOOD,118.6,0.789,0.3,0,0.3,126.02938240735403,0.5,0,1,1.0,0.478
3RD AV,TEMPLETON DRIVE,GARDEN DRIVE,GOOD,701.5,0.246,0.3,0,0.3,90.71200323837502,0.5,0,1,1.0,0.397
53RD AV,YEW ST,BEECHWOOD ST,VERY GOOD,424.5,0.428,0.1,0,0.1,91.14419144142039,0.5,0,1,1.0,0.389
15TH AV,CAMOSUN ST,CROWN ST,NO DATA,1242.2,0.083,0.5,1,0.4,91.46983740148795,0.5,0,1,1.0,0.39
COMMERCIAL ST,50TH AV,49TH AV,FAIR,1774.4,0.029,0.5,0,0.5,1.2902322061177074,0.8,0,1,1.0,0.474
CAMOSUN ST,30TH AV,29TH AV,POOR,2276.1,0.011,0.8,0,0.8,358.525682122939,0.8,0,1,1.0,0.524
23RD AV,LILLOOET ST,WINDERMERE ST,GOOD,790.8,0.206,0.3,0,0.3,90.41350010355148,0.5,0,1,1.0,0.391
13TH AV,ASH ST,CAMBIE ST,POOR,332.1,0.515,0.8,0,0.8,91.53323349613277,0.5,0,1,1.0,0.525
COLLINGWOOD ST,41ST AV,40TH AV,VERY GOOD,771.6,0.214,0.1,0,0.1,0.4164100115431779,0.8,0,1,1.0,0.431
CARNARVON ST,15TH AV,14TH AV,VERY POOR,1926.9,0.021,0.95,0,0.95,1.488944627036176,0.8,0,1,1.0,0.552
8TH AV,COLUMBIA ST,MANITOBA ST,VERY GOOD,614.8,0.292,0.1,0,0.1,91.5570316421165,0.5,0,1,1.0,0.368
58TH AV,FRASER ST,PRINCE ALBERT ST,VERY POOR,1119.6,0.107,0.95,0,0.95,91.19130951394936,0.5,0,1,1.0,0.49
BEACH AV,NICOLA ST,BEACH AV EB,VERY GOOD,536.1,0.342,0.1,0,0.1,134.81710331884688,0.5,0,1,1.0,0.376
BRIDGEWAY ST 1,MCGILL ST,BRIDGEWAY ST,FAIR,184.3,0.692,0.5,0,0.5,117.11987420890165,0.5,0,1,1.0,0.499
3RD AV,ARBUTUS ST,MAPLE ST,NO DATA,781.5,0.21,0.5,1,0.4,91.50570542656811,0.5,0,1,1.0,0.409
51ST AV,LANARK ST,DUMFRIES ST,VERY POOR,1612.2,0.04,0.95,0,0.95,91.07332789596501,0.5,0,1,1.0,0.48
71ST AV,SELKIRK ST,OSLER ST,VERY POOR,719.8,0.237,0.95,0,0.95,91.59089234787922,0.5,0,1,1.0,0.51
64TH AV,MONTCALM ST,HUDSON ST,VERY GOOD,1191.4,0.092,0.1,0,0.1,91.38635874347733,0.5,0,1,1.0,0.338
BALSAM ST,4TH AV,3RD AV,VERY GOOD,1364.0,0.065,0.1,0,0.1,1.5163148953758991,0.8,0,1,1.0,0.409
49TH AV,BROOKS ST,BUTLER ST,POOR,1324.4,0.071,0.8,0,0.8,90.97691344367769,0.5,0,1,1.0,0.458
5TH AV,CAROLINA ST,FRASER ST,GOOD,893.1,0.168,0.3,0,0.3,90.76266971374031,0.5,0,1,1.0,0.385
8TH AV,GARDEN DRIVE,NANAIMO ST,VERY GOOD,190.5,0.683,0.1,0,0.1,90.69634091356568,0.5,0,1,1.0,0.427
47TH AV,GLADSTONE ST,NANAIMO ST,VERY POOR,1265.2,0.08,0.95,0,0.95,91.10228624829188,0.5,0,1,1.0,0.486
COMOX ST,THURLOW ST,BURRARD ST,VERY GOOD,76.3,0.858,0.1,0,0.1,134.806775959491,0.5,0,1,1.0,0.454
61ST AV,VICTORIA DRIVE,GLADSTONE ST,FAIR,799.4,0.202,0.5,0,0.5,90.62004631034449,0.5,0,1,1.0,0.425
CORDOVA DOWNRAMP,CORDOVA ST,WATERFRONT RD,FAIR,57.8,0.891,0.5,0,0.5,324.4617919554886,0.8,0,1,1.0,0.604
15TH AV,TRUTCH ST,BALACLAVA ST,NO DATA,1777.4,0.029,0.5,1,0.4,91.4918917091623,0.5,0,1,1.0,0.381
14TH AV,MADDAMS ST,WOODLAND DRIVE,FAIR,758.6,0.219,0.5,0,0.5,90.75035026757575,0.5,0,1,1.0,0.428
BALACLAVA ST,57TH AV,55TH AV,VERY POOR,18.3,0.964,0.95,0,0.95,1.1752914168380357,0.8,0,1,1.0,0.695
ALMA ST,15TH AV,14TH AV,FAIR,1267.9,0.079,0.5,0,0.5,1.5173076118342124,0.8,0,1,1.0,0.482
35TH AV,WEST END,ARBUTUS ST,NO DATA,1344.8,0.068,0.5,1,0.4,91.98034655536793,0.5,0,1,1.0,0.387
32ND AV,BALACLAVA ST,CARNARVON ST,FAIR,1735.6,0.031,0.5,0,0.5,90.46364437125436,0.5,0,1,1.0,0.4
BUTE ST,PENDER ST,CORDOVA ST,GOOD,225.0,0.638,0.3,0,0.3,45.04680683199274,0.5,0,1,1.0,0.456
28TH AV,COLLINGWOOD ST,BLENHEIM ST,NO DATA,2130.1,0.014,0.5,1,0.4,90.49153356722366,0.5,0,1,1.0,0.379
BOUNDARY RD,DEAD END,BOUNDARY ROAD,VERY GOOD,11.1,0.978,0.1,0,0.1,13.65162717328218,0.8,0,1,1.0,0.547
CARNARVON ST,57TH AV,55TH AV,VERY POOR,34.5,0.933,0.95,0,0.95,1.356069747688025,0.8,0,1,1.0,0.69
7TH AV,SPRUCE ST,OAK ST,GOOD,243.2,0.615,0.3,0,0.3,91.49993325515356,0.5,0,1,1.0,0.452
48TH AV,HUDSON ST,MONTGOMERY ST,GOOD,1175.9,0.095,0.3,0,0.3,93.1651877588393,0.5,0,1,1.0,0.374
COLUMBIA ST,39TH AV,37TH AV,POOR,376.5,0.471,0.8,0,0.8,1.7857824888393452,0.8,0,1,1.0,0.594
BRAEBURN ST,UPLAND DRIVE,NASSAU DRIVE,VERY GOOD,1088.7,0.113,0.1,0,0.1,332.35764996630394,0.8,0,1,1.0,0.416
22ND AV,COLLINGWOOD ST,BLENHEIM ST,NO DATA,2100.5,0.015,0.5,1,0.4,90.51810412054903,0.5,0,1,1.0,0.379
47TH AV,CHESTER ST,PRINCE ALBERT ST,FAIR,1245.2,0.083,0.5,0,0.5,91.1736144836969,0.5,0,1,1.0,0.407
7TH AV,QUEBEC ST,MAIN ST,GOOD,574.7,0.317,0.3,0,0.3,91.66475711752537,0.5,0,1,1.0,0.407
31ST AV,JOHN ST,ST. GEORGE ST,VERY GOOD,705.3,0.244,0.1,0,0.1,91.75780577368886,0.5,0,1,1.0,0.361
57TH AV,LABURNUM ST,CYPRESS ST,GOOD,793.3,0.205,0.3,0,0.3,91.18242147574273,0.5,0,1,1.0,0.39
COLLINGWOOD ST,36TH AV,35TH AV,GOOD,1294.2,0.075,0.3,0,0.3,0.7298034460804956,0.8,0,1,1.0,0.446
20TH AV,CAMBIE ST,YUKON ST,FAIR,905.5,0.163,0.5,0,0.5,93.11829551704989,0.5,0,1,1.0,0.419
20TH AV,ONTARIO ST,QUEBEC ST,FAIR,1079.4,0.115,0.5,0,0.5,90.76071109553772,0.5,0,1,1.0,0.412
54TH AV,SOPHIA ST,PRINCE EDWARD ST,GOOD,686.2,0.253,0.3,0,0.3,91.98705275998049,0.5,0,1,1.0,0.398
34TH AV,ARGYLE ST,COMMERCIAL ST,VERY GOOD,1309.0,0.073,0.1,0,0.1,91.56773997036998,0.5,0,1,1.0,0.335
1ST AV,WATERLOO ST,BLENHEIM ST,FAIR,989.7,0.138,0.5,0,0.5,91.39709012422583,0.5,0,1,1.0,0.416
59TH AV,ASH ST,CAMBIE ST,GOOD,465.0,0.395,0.3,0,0.3,91.04130608845486,0.5,0,1,1.0,0.419
37TH AV,COLLINGWOOD ST,BLENHEIM ST,FAIR,1180.6,0.094,0.5,0,0.5,90.46701357425826,0.5,0,1,1.0,0.409
CARTIER ST,26TH AV,KING EDWARD AV,VERY POOR,795.3,0.204,0.95,0,0.95,1.522621400785738,0.8,0,1,1.0,0.58
12TH AV,PRINCE ALBERT ST,ST. CATHERINES ST,POOR,1550.5,0.045,0.8,0,0.8,90.7966812120323,0.5,0,1,1.0,0.455
14TH AV,CAMOSUN ST,CROWN ST,NO DATA,1141.7,0.102,0.5,1,0.4,91.44937676302447,0.5,0,1,1.0,0.393
BORDEN ST,62ND AV,61ST AV,POOR,554.1,0.33,0.8,0,0.8,0.6528846816704004,0.8,0,1,1.0,0.573
ADANAC ST,MCLEAN DRIVE,WOODLAND DRIVE,VERY GOOD,1002.6,0.135,0.1,0,0.1,91.05981547736047,0.5,0,1,1.0,0.345
2ND AV,HIGHBURY ST,ALMA ST,NO DATA,406.6,0.443,0.5,1,0.4,91.59319017202142,0.5,0,1,1.0,0.444
63RD AV,POPLAR ST,FRASER ST,POOR,723.4,0.235,0.8,0,0.8,95.58188628970743,0.5,0,1,1.0,0.483
CLARENDON ST_1,GALT ST / GOTHARD ST,ST. LAWRENCE ST,FAIR,498.4,0.369,0.5,0,0.5,0.13555769492757008,0.8,0,1,1.0,0.525
BALSAM ST,20TH AV,19TH AV,GOOD,2252.3,0.011,0.3,0,0.3,1.5111427371030004,0.8,0,1,1.0,0.436
5TH AV,VINE ST,YEW ST,VERY GOOD,1170.8,0.096,0.1,0,0.1,91.50823991838848,0.5,0,1,1.0,0.339
CARTIER ST,39TH AV,38TH AV,NO DATA,131.3,0.769,0.5,1,0.4,1.3979726826144656,0.8,0,1,1.0,0.568
16TH AV,GLEN DRIVE,INVERNESS ST,VERY POOR,1183.5,0.094,0.95,0,0.95,91.2908546634606,0.5,0,1,1.0,0.488
BRANT ST,25TH AV,VANNESS AV,POOR,665.7,0.264,0.8,0,0.8,7.875224888422508,0.8,0,1,1.0,0.563
45TH AV,FREMLIN ST,LAUREL ST,GOOD,990.9,0.138,0.3,0,0.3,92.14158295779475,0.5,0,1,1.0,0.38
42ND AV,ONTARIO ST,QUEBEC ST,VERY GOOD,684.5,0.254,0.1,0,0.1,91.76596109635204,0.5,0,1,1.0,0.363
5TH AV,ARBUTUS ST,MAPLE ST,GOOD,852.2,0.182,0.3,0,0.3,91.52384848435668,0.5,0,1,1.0,0.387
COMMERCIAL DR,10TH AV,BROADWAY,VERY POOR,662.3,0.266,0.95,0,0.95,0.7789752152533538,0.8,0,1,1.0,0.589
29TH AV,DUNBAR ST,COLLINGWOOD ST,POOR,2029.9,0.017,0.8,0,0.8,90.49731463609766,0.5,0,1,1.0,0.45
50TH AV,TISDALL ST,ASH ST,POOR,589.6,0.308,0.8,0,0.8,93.33788376584312,0.5,0,1,1.0,0.494
47TH AV,MONTGOMERY ST,OAK ST,GOOD,1133.9,0.104,0.3,0,0.3,93.15972513577998,0.5,0,1,1.0,0.375
CASSIAR ST,2ND AV,1ST AV,POOR,122.5,0.783,0.8,0,0.8,0.7219471512560744,0.8,0,1,1.0,0.641
16TH AV,YUKON ST,ALBERTA ST,FAIR,736.6,0.229,0.5,0,0.5,92.2938225031877,0.5,0,1,1.0,0.429
CANADA PL,THURLOW ST,BURRARD ST,NO DATA,56.3,0.893,0.5,1,0.4,111.44009982534578,0.5,0,1,1.0,0.512
19TH AV,MACKENZIE ST,MACDONALD ST,VERY POOR,2342.9,0.009,0.95,0,0.95,90.51899888650115,0.5,0,1,1.0,0.476
BELMONT AV,NW MARINE DRIVE,DISCOVERY ST,GOOD,391.8,0.457,0.3,0,0.3,91.34391167829779,0.5,0,1,1.0,0.428
24TH AV,MACDONALD ST,TRAFALGAR ST,GOOD,2386.4,0.008,0.3,0,0.3,90.52590862231546,0.5,0,1,1.0,0.361
27TH AV,FRASER ST,PRINCE ALBERT ST,VERY POOR,1387.4,0.062,0.95,0,0.95,90.72333790963825,0.5,0,1,1.0,0.484
14TH AV,GLEN DRIVE,CLARK DRIVE / KNIGHT ST,GOOD,998.0,0.136,0.3,0,0.3,90.76220061215281,0.5,0,1,1.0,0.38
62ND AV,MONTCALM ST,HUDSON ST,VERY POOR,1375.0,0.064,0.95,0,0.95,91.4178669704392,0.5,0,1,1.0,0.484
ANDERSON ST,3RD AV,2ND AV / LAMEYS MILL ROAD,GOOD,80.8,0.851,0.3,0,0.3,44.303120179488474,0.8,1,1,1.0,0.863
BROCK ST,WENONAH ST,NANAIMO ST,GOOD,830.9,0.19,0.3,0,0.3,90.1517908144217,0.5,0,1,1.0,0.388
16TH AV,ALBERTA ST,COLUMBIA ST,POOR,867.8,0.176,0.8,0,0.8,92.32880197764081,0.5,0,1,1.0,0.474
45TH AV,EAST BOULEVARD,MAPLE ST,VERY GOOD,1096.3,0.112,0.1,0,0.1,91.43409292188073,0.5,0,1,1.0,0.341
58TH AV,WEST END,ANGUS DRIVE,GOOD,906.2,0.163,0.3,0,0.3,91.21463926719673,0.5,0,1,1.0,0.384
26TH AV,RUPERT ST,CASSIAR ST,GOOD,329.1,0.518,0.3,0,0.3,91.11074725205327,0.5,0,1,1.0,0.438
10TH AV,PRINCE ALBERT ST,ST. CATHERINES ST,GOOD,1414.0,0.059,0.3,0,0.3,90.77440794927429,0.5,0,1,1.0,0.368
2ND AV,COTTON DRIVE,COMMERCIAL DRIVE,GOOD,1294.4,0.075,0.3,0,0.3,90.70321050578474,0.5,0,1,1.0,0.371
ASH ST,19TH AV,18TH AV,GOOD,594.9,0.304,0.3,0,0.3,1.61234265313675,0.8,0,1,1.0,0.48
BUTE ST,HARWOOD ST,BURNABY ST,VERY GOOD,314.7,0.533,0.1,0,0.1,44.768148471139114,0.8,0,1,1.0,0.48
15TH AV,KNIGHT ST,WOODLAND DRIVE,POOR,786.2,0.208,0.8,0,0.8,93.64296205466394,0.5,0,1,1.0,0.479
BEGG ST,PAVEMENT CHANGE,EVANS AV,FAIR,404.6,0.445,0.5,0,0.5,14.705609314319986,0.8,0,1,1.0,0.537
49TH AV,KILLARNEY ST,RUPERT ST,VERY POOR,1218.7,0.087,0.95,0,0.95,89.87645550433581,0.5,0,1,1.0,0.487
CAMOSUN ST,18TH AV,16TH AV,FAIR,1366.9,0.065,0.5,0,0.5,0.4529033830221465,0.8,0,1,1.0,0.48
19TH AV,CARNARVON ST,MACKENZIE ST,VERY POOR,2202.6,0.012,0.95,0,0.95,90.51943245873002,0.5,0,1,1.0,0.476
15TH AV,SPRUCE ST,OAK ST,FAIR,394.9,0.454,0.5,0,0.5,91.50621659584618,0.5,0,1,1.0,0.463
CHURCHILL ST,45TH AV,43RD AV,NO DATA,711.9,0.241,0.5,1,0.4,1.3822130443617766,0.8,0,1,1.0,0.488
16TH AV,MACKENZIE ST,MACDONALD ST,GOOD,2166.8,0.013,0.3,0,0.3,91.48538276031627,0.5,0,1,1.0,0.362
58TH AV,PRINCE EDWARD ST,FRASER ST,POOR,861.1,0.179,0.8,0,0.8,91.60692364387506,0.5,0,1,1.0,0.475
26TH AV,COLUMBIA ST,MANITOBA ST,POOR,420.4,0.431,0.8,0,0.8,91.72468133762146,0.5,0,1,1.0,0.513
CAROLINA ST,21ST AV,20TH AV,VERY POOR,1691.1,0.034,0.95,0,0.95,1.460107858284175,0.8,0,1,1.0,0.554
BALACLAVA ST,4TH AV,3RD AV,FAIR,1410.6,0.06,0.5,0,0.5,1.4973173738309242,0.8,0,1,1.0,0.479
BUTE ST,ROBSON ST,GEORGIA ST,FAIR,214.7,0.651,0.5,0,0.5,44.76503994112727,0.8,0,1,1.0,0.568
18TH AV,CROWN ST,WALLACE ST,FAIR,1523.8,0.047,0.5,0,0.5,90.4918385378524,0.5,0,1,1.0,0.402
14TH AV,LAUREL ST,WILLOW ST,VERY GOOD,129.1,0.772,0.1,0,0.1,91.49515596070944,0.5,0,1,1.0,0.441
FREMLIN ST,52ND AV,49TH AV,GOOD,1127.2,0.105,0.3,0,0.3,1.342919376793077,0.8,0,1,1.0,0.45
GLEN DR,SOUTH END,TERMINAL AV WB ACCESS,VERY GOOD,759.7,0.219,0.1,0,0.1,359.18462058903475,0.8,1,1,1.0,0.732
FRASER ST,12TH AV,11TH AV,GOOD,1380.2,0.063,0.3,0,0.3,0.6692960719797725,0.8,0,1,1.0,0.444
HUDSON ST,DEVONSHIRE CRESCENT,NANTON AV,FAIR,525.5,0.35,0.5,0,0.5,3.747309557395795,0.8,0,1,1.0,0.523
KING EDWARD AV,CYPRESS ST,PINE CRESCENT,FAIR,1247.0,0.083,0.5,0,0.5,98.08969051355768,0.5,0,1,1.0,0.407
DRUMMOND DR,SOUTH END,4TH AV,POOR,782.9,0.209,0.8,0,0.8,354.27737613614204,0.8,0,1,1.0,0.554
HEATLEY AV,POWELL ST,ALEXANDER ST,VERY POOR,807.7,0.199,0.95,0,0.95,1.7069856543744777,0.8,0,1,1.0,0.579
MANITOBA ST,4TH AV,3RD AV,VERY GOOD,191.1,0.682,0.1,0,0.1,1.6097653628702915,0.8,0,1,1.0,0.502
FRENCH ST,64TH AV,62ND AV,POOR,1062.1,0.12,0.8,0,0.8,0.6623436396471334,0.8,0,1,1.0,0.541
MATHESON CRES,CHAMPLAIN CRESCENT,RUMBLE AV,VERY GOOD,408.2,0.442,0.1,0,0.1,14.581966108646782,0.8,0,1,1.0,0.466
LAGOON DR,BARCLAY ST,CHILCO ST / ROBSON ST,VERY POOR,84.0,0.845,0.95,0,0.95,79.18014206213752,0.5,0,1,1.0,0.602
MAIN ST,17TH AV,16TH AV,POOR,1431.5,0.057,0.8,0,0.8,1.6849611660418873,0.8,0,1,1.0,0.531
KEEFER ST,GORE AV,JACKSON AV,GOOD,406.0,0.444,0.3,0,0.3,91.7330917486558,0.5,0,1,1.0,0.426
GARDEN DR,1ST AV,GRAVELEY ST,POOR,896.4,0.166,0.8,0,0.8,0.7807218856798386,0.8,0,1,1.0,0.548
GRANDVIEW HWY N,COMMERCIAL DRIVE,BROADWAY,POOR,617.2,0.291,0.8,0,0.8,126.06993630719847,0.5,1,1,1.0,0.792
KASLO ST,OXFORD ST,CAMBRIDGE ST,POOR,478.9,0.384,0.8,0,0.8,0.050170942643603667,0.8,0,1,1.0,0.581
HARWOOD ST,BROUGHTON ST,JERVIS ST,VERY GOOD,493.4,0.373,0.1,0,0.1,133.55421422220513,0.5,0,1,1.0,0.38
MACDONALD ST,50TH AV,49TH AV,GOOD,259.7,0.595,0.3,0,0.3,20.755205400765306,0.8,0,1,1.0,0.524
CYPRESS ST,10TH AV,BROADWAY,FAIR,971.1,0.143,0.5,0,0.5,1.4326595988702593,0.8,0,1,1.0,0.491
KAMLOOPS ST,DUNDAS ST,OXFORD ST,VERY GOOD,979.0,0.141,0.1,0,0.1,0.1103370038522371,0.8,0,1,1.0,0.421
DUNBAR ST,5TH AV,4TH AV,FAIR,716.7,0.238,0.5,0,0.5,2.047752800593173,0.8,0,1,1.0,0.506
DUNBAR ST,15TH AV,14TH AV,VERY POOR,1337.5,0.069,0.95,0,0.95,359.64802899269756,0.8,0,1,1.0,0.56
MAIN ST TO DUNSMUIR VIADUCT WB RAMP,MAIN ST,DUNSMUIR ST VIADUCT,GOOD,203.7,0.665,0.3,0,0.3,266.99168368654375,0.5,0,1,1.0,0.46
INVERNESS ST,22ND AV,21ST AV,GOOD,1292.0,0.075,0.3,0,0.3,1.467887546545228,0.8,0,1,1.0,0.446
HIGHBURY ST,12TH AV,11TH AV,GOOD,934.3,0.154,0.3,0,0.3,1.4616455687310577,0.8,0,1,1.0,0.458
JOYCE ST,43RD AV,MARMION AV,GOOD,1169.5,0.096,0.3,0,0.3,0.6232008868620369,0.8,0,1,1.0,0.449
GORE AV,UNION ST,GEORGIA ST,FAIR,433.2,0.42,0.5,0,0.5,354.885131600016,0.8,0,1,1.0,0.533
HIGHBURY ST,38TH AV,37TH AV,GOOD,1223.6,0.087,0.3,0,0.3,0.2890609816843721,0.8,0,1,1.0,0.448
MAPLE CRES,CYPRESS ST,CYPRESS CRESCENT,VERY POOR,1094.5,0.112,0.95,0,0.95,334.09658203988755,0.8,0,1,1.0,0.566
KERR ST,58TH AV,56TH AV,VERY GOOD,543.3,0.337,0.1,0,0.1,1.8080271137986301,0.8,0,1,1.0,0.45
HEATHER ST,17TH AV,16TH AV,VERY GOOD,349.3,0.497,0.1,0,0.1,1.509539942331969,0.8,0,1,1.0,0.474
MACDONALD ST,6TH AV,5TH AV,VERY GOOD,1829.5,0.026,0.1,0,0.1,1.4668077870452407,0.8,0,1,1.0,0.403
DUNDAS ST,LAKEWOOD DRIVE,TEMPLETON DRIVE,FAIR,1332.6,0.07,0.5,0,0.5,90.51692601555726,0.5,0,1,1.0,0.405
MACDONALD ST,53RD AV,SW MARINE DRIVE,VERY POOR,64.5,0.879,0.95,0,0.95,359.49590004678225,0.8,0,1,1.0,0.682
KINROSS ST,KENT AV NORTH,62ND AV,VERY GOOD,217.6,0.647,0.1,0,0.1,1.055842519716748,0.8,0,1,1.0,0.497
FREMLIN ST,54TH AV,52ND AV,FAIR,1099.7,0.111,0.5,0,0.5,1.3427155685170646,0.8,0,1,1.0,0.487
MACDONALD ST,13TH AV,12TH AV,VERY GOOD,2060.1,0.016,0.1,0,0.1,1.4941580339821598,0.8,0,1,1.0,0.402
HORNBY ST,NELSON ST,SMITHE ST,VERY GOOD,82.6,0.848,0.1,0,0.1,44.780707689162796,0.8,0,1,1.0,0.527
FIR ST,BROADWAY,8TH AV,FAIR,636.6,0.28,0.5,0,0.5,1.5763445109856775,0.8,0,1,1.0,0.512
HEATHER ST,KING EDWARD AV,23RD AV,VERY POOR,656.8,0.269,0.95,0,0.95,1.3829609891402583,0.8,0,1,1.0,0.59
HOMER ST,HASTINGS ST,CORDOVA ST,POOR,406.7,0.443,0.8,0,0.8,44.763841768666055,0.8,0,1,1.0,0.59
MARGUERITE ST,33RD AV,32ND AV,VERY POOR,585.3,0.31,0.95,0,0.95,10.627732276643485,0.8,0,1,1.0,0.596
DUNBAR ST,51ST AV,50TH AV,VERY GOOD,192.1,0.681,0.1,0,0.1,0.7452262021325282,0.8,0,1,1.0,0.502
JOHN ST,30TH AV,29TH AV,GOOD,737.2,0.229,0.3,0,0.3,1.5310537342998032,0.8,0,1,1.0,0.469
GARDEN DR,6TH AV,5TH AV,POOR,420.5,0.431,0.8,0,0.8,0.7045234191270993,0.8,0,1,1.0,0.588
DONCASTER WAY,KEVIN PLACE,EAST END,GOOD,2386.9,0.008,0.3,0,0.3,84.92466129755661,0.5,0,1,1.0,0.361
CULLODEN ST,39TH AV,37TH AV,FAIR,2006.6,0.018,0.5,0,0.5,1.40952939476324,0.8,0,1,1.0,0.473
MANITOBA ST,43RD AV,42ND AV,FAIR,650.7,0.272,0.5,0,0.5,1.6476676604187332,0.8,0,1,1.0,0.511
DEVONSHIRE CRES,OSLER ST,OAK ST,VERY POOR,458.7,0.4,0.95,0,0.95,91.46962173528084,0.5,0,1,1.0,0.534
DUMFRIES ST,30TH AV,28TH AV,VERY POOR,1294.1,0.075,0.95,0,0.95,1.3767985775967873,0.8,0,1,1.0,0.561
JACKSON AV,GEORGIA ST,KEEFER ST,VERY GOOD,451.8,0.405,0.1,0,0.1,1.5592705900110104,0.8,0,1,1.0,0.46
FRASER ST,21ST AV,20TH AV,GOOD,1790.5,0.028,0.3,0,0.3,1.4778800805991068,0.8,0,1,1.0,0.439
FRASER ST,SOUTH END,KENT AV NORTH,POOR,23.4,0.954,0.8,0,0.8,1.198078950986769,0.8,0,1,1.0,0.667
DUNDEE ST,40TH AV,KINGSWAY / MOSS ST,FAIR,227.1,0.635,0.5,0,0.5,357.25726354104825,0.8,0,1,1.0,0.566
ELLIOTT ST,53RD AV,51ST AV,GOOD,940.0,0.153,0.3,0,0.3,1.3069047437208496,0.8,0,1,1.0,0.458
GRANVILLE ST,GEORGIA ST,DUNSMUIR ST,NO DATA,263.4,0.591,0.5,1,0.4,44.78822774763648,0.8,0,1,1.0,0.541
LILLOOET ST,1ST AV,GRAVELEY ST,VERY GOOD,614.8,0.292,0.1,0,0.1,0.5872128850414242,0.8,0,1,1.0,0.443
CYPRESS ST,16TH AV,15TH AV,VERY GOOD,1353.7,0.067,0.1,0,0.1,1.3461409605566814,0.8,0,1,1.0,0.409
LAKEWOOD DR,HASTINGS ST,FRANKLIN ST,VERY GOOD,1426.2,0.058,0.1,0,0.1,0.3153545837027423,0.8,0,1,1.0,0.408
LANARK ST,45TH AV,43RD AV,POOR,1977.2,0.019,0.8,0,0.8,1.4069595606965208,0.8,0,1,1.0,0.526
MATHESON CRES,SE MARINE DRIVE,CHAMPLAIN CRESCENT,VERY GOOD,293.5,0.556,0.1,0,0.1,43.97839256608546,0.8,0,1,1.0,0.483
HAGGART ST,EDGAR CRESCENT,MCMULLEN AV,VERY POOR,1891.4,0.023,0.95,0,0.95,325.9952213286748,0.8,0,1,1.0,0.553
DUNSMUIR ST,GORE AV / PRIOR ST,MAIN ST TO DUNSMUIR VIADUCT WB RAMP,VERY GOOD,203.4,0.666,0.1,0,0.1,278.94931003379736,0.5,0,1,1.0,0.425
KAMLOOPS ST,12TH AV,11TH AV,VERY POOR,153.2,0.736,0.95,0,0.95,359.9722887044183,0.8,0,1,1.0,0.66
DUNBAR ST,48TH AV,47TH AV,POOR,392.3,0.456,0.8,0,0.8,0.7472485372672395,0.8,0,1,1.0,0.592
LAKEWOOD DR,SOUTH END,12TH AV / GRANDVIEW HWY,GOOD,95.2,0.827,0.3,0,0.3,0.7695968808948805,0.8,0,1,1.0,0.559
GRANT ST,WOODLAND DRIVE,COTTON DRIVE,FAIR,1118.4,0.107,0.5,0,0.5,90.77339106475807,0.5,0,1,1.0,0.411
LARCH ST,1ST AV,YORK AV,GOOD,1348.9,0.067,0.3,0,0.3,1.3328927014847523,0.8,0,1,1.0,0.445
GLEN DR,KEEFER ST,PENDER ST,VERY POOR,610.7,0.295,0.95,0,0.95,1.0892587008518149,0.8,0,1,1.0,0.594
EAST BLVD,68TH AV,66TH AV,FAIR,559.4,0.327,0.5,0,0.5,341.96654178039296,0.8,0,1,1.0,0.519
ISLAND PARK WALK,1ST AV,EAST END,NO DATA,19.8,0.961,0.5,1,0.4,108.54422801343514,0.5,0,1,1.0,0.522
KILLARNEY ST,43RD AV,42ND AV,FAIR,704.4,0.244,0.5,0,0.5,0.4119127764197401,0.8,0,1,1.0,0.507
MACKENZIE PL,49TH AV,NORTH END,POOR,342.8,0.504,0.8,0,0.8,2.5259427625641706,0.8,0,1,1.0,0.599
MAIN ST,55TH AV,54TH AV,POOR,588.4,0.308,0.8,0,0.8,1.4246371576221009,0.8,0,1,1.0,0.569
KASLO ST,6TH AV,5TH AV,VERY POOR,700.3,0.246,0.95,0,0.95,0.454162470696474,0.8,0,1,1.0,0.586
FLEMING ST,47TH AV,45TH AV,POOR,1883.6,0.023,0.8,0,0.8,1.4789424045281976,0.8,0,1,1.0,0.526
MANITOBA ST,KENT AV NORTH,71ST AV,VERY POOR,183.2,0.693,0.95,0,0.95,1.8712300060578286,0.8,0,1,1.0,0.654
GLADSTONE ST,UPLAND DRIVE,55TH AV,VERY GOOD,1096.1,0.112,0.1,0,0.1,1.4087592175810641,0.8,0,1,1.0,0.416
KENT AV N,PRINCE EDWARD ST,ST. GEORGE ST,VERY POOR,236.9,0.623,0.95,0,0.95,82.74820809147951,0.5,0,1,1.0,0.568
CROWN ST,41ST AV,40TH AV,VERY POOR,1247.3,0.083,0.95,0,0.95,0.5282627442561534,0.8,0,1,1.0,0.562
MAIN ST,18TH AV,17TH AV,POOR,1411.6,0.059,0.8,0,0.8,347.78460854862067,0.8,0,1,1.0,0.532
LAUREL ST,59TH AV,58TH AV,FAIR,969.5,0.144,0.5,0,0.5,1.045276509428561,0.8,0,1,1.0,0.492
INVERNESS ST,18TH AV,17TH AV,VERY POOR,1192.6,0.092,0.95,0,0.95,1.4587630528209274,0.8,0,1,1.0,0.563
GARDEN DR,11TH AV,10TH AV,VERY POOR,196.8,0.675,0.95,0,0.95,0.7619429359618834,0.8,0,1,1.0,0.651
KOOTENAY ST,GRAVELEY ST,NORTH END,VERY POOR,30.0,0.942,0.95,0,0.95,349.35218749286764,0.8,0,1,1.0,0.691
MAPLE ST,37TH AV,36TH AV,GOOD,1075.7,0.116,0.3,0,0.3,1.4816327303984735,0.8,0,1,1.0,0.452
FLEMING ST,20TH AV,18TH AV,VERY POOR,620.5,0.289,0.95,0,0.95,1.3596690745133628,0.8,0,1,1.0,0.593
HELMCKEN ST,RICHARDS ST,HOMER ST,VERY POOR,289.3,0.561,0.95,0,0.95,134.74987423346363,0.5,0,1,1.0,0.559
MACDONALD ST,30TH AV,29TH AV / QUESNEL DRIVE,NO DATA,2109.9,0.015,0.5,1,0.4,1.0447553651888484,0.8,0,1,1.0,0.454
HIGHBURY ST,26TH AV,KING EDWARD AV,NO DATA,2272.2,0.011,0.5,1,0.4,0.44374930289302483,0.8,0,1,1.0,0.454
KASLO ST,DUNDAS ST,OXFORD ST,VERY GOOD,477.0,0.385,0.1,0,0.1,0.13495737351070147,0.8,0,1,1.0,0.457
GARDEN DR,7TH AV,6TH AV,FAIR,334.0,0.513,0.5,0,0.5,0.7250677692586578,0.8,0,1,1.0,0.547
GORE AV,ALEXANDER ST,RAILWAY ST,VERY POOR,602.4,0.3,0.95,0,0.95,354.8616140963737,0.8,0,1,1.0,0.594
MACDONALD ST,4TH AV,3RD AV,VERY GOOD,1810.8,0.027,0.1,0,0.1,1.420160931235614,0.8,0,1,1.0,0.403
HUDSON ST,76TH AV,75TH AV,VERY GOOD,92.4,0.831,0.1,0,0.1,11.511189470170564,0.8,1,1,1.0,0.825
HAROLD ST,MARMION AV,SCHOOL AV,POOR,1206.8,0.089,0.8,0,0.8,359.63122769721286,0.8,0,1,1.0,0.536
LILLOOET ST,GRANT ST,KITCHENER ST,GOOD,596.1,0.304,0.3,0,0.3,0.6416127428229856,0.8,0,1,1.0,0.48
GLADSTONE ST,MANNERING AV,32ND AV,GOOD,946.0,0.151,0.3,0,0.3,1.2963519520335467,0.8,0,1,1.0,0.457
GRANT ST,NOOTKA ST,LILLOOET ST,POOR,597.7,0.303,0.8,0,0.8,90.12751424524151,0.5,0,1,1.0,0.493
KING EDWARD AV,HIGHBURY ST,DUNBAR ST,NO DATA,2272.4,0.011,0.5,1,0.4,90.49587288014385,0.5,0,1,1.0,0.379
CORDOVA ST,HEATLEY AV,HAWKS AV,VERY POOR,705.2,0.244,0.95,0,0.95,91.74595179344954,0.5,0,1,1.0,0.511
LABURNUM ST,41ST AV,39TH AV,VERY POOR,996.4,0.136,0.95,0,0.95,1.5182163860626474,0.8,0,1,1.0,0.57
HOMER ST,ROBSON ST,GEORGIA ST,FAIR,108.6,0.805,0.5,0,0.5,44.560403161947534,0.8,0,1,1.0,0.591
HIGHBURY ST,36TH AV,35TH AV,GOOD,1417.6,0.059,0.3,0,0.3,0.6681998138242307,0.8,0,1,1.0,0.443
MACDONALD ST,ALAMEIN AV,24TH AV,POOR,2510.8,0.007,0.8,0,0.8,0.9025918632431171,0.8,0,1,1.0,0.524
KENT AV S,OAK ST,SHAUGHNESSY ST,FAIR,257.6,0.597,0.5,0,0.5,70.65264851823713,0.5,1,1,1.0,0.785
LAKEWOOD DR,3RD AV,2ND AV,GOOD,824.7,0.192,0.3,0,0.3,0.763485206457176,0.8,0,1,1.0,0.463
GRANT ST,CLARK DRIVE,ODLUM DRIVE,POOR,863.5,0.178,0.8,0,0.8,90.46003264902981,0.5,0,1,1.0,0.475
EXPO BLVD,ABBOTT ST,DUNSMUIR ST 1,FAIR,122.9,0.782,0.5,0,0.5,271.8020964925073,0.5,1,1,1.0,0.813
DUNBAR ST,33RD AV,32ND AV,GOOD,1647.7,0.037,0.3,0,0.3,0.6179969763709323,0.8,0,1,1.0,0.44
CROWN ST,21ST AV,20TH AV,VERY GOOD,1724.7,0.032,0.1,0,0.1,0.5132292896875015,0.8,0,1,1.0,0.404
KING EDWARD AV,CROWN ST,WALLACE ST,VERY POOR,2237.9,0.011,0.95,0,0.95,90.45776930999068,0.5,0,1,1.0,0.476
DUMFRIES ST,57TH AV,55TH AV,VERY POOR,1028.0,0.128,0.95,0,0.95,0.6811195977975331,0.8,0,1,1.0,0.569
KOOTENAY ST,NAPIER ST,NORTH END,VERY GOOD,177.7,0.701,0.1,0,0.1,0.34514662088008663,0.8,0,1,1.0,0.505
MANOR ST,QUEENS AV,WELLINGTON AV,VERY POOR,644.1,0.276,0.95,0,0.95,32.06071595294287,0.8,0,1,1.0,0.591
GLADSTONE ST,48TH AV,WAVERLEY AV,VERY POOR,1432.9,0.057,0.95,0,0.95,0.7688621585365922,0.8,0,1,1.0,0.558
HIGHBURY ST,4TH AV,3RD AV,FAIR,411.3,0.439,0.5,0,0.5,1.6394034713831616,0.8,0,1,1.0,0.536
KASLO ST,19TH AV,18TH AV,POOR,653.4,0.271,0.8,0,0.8,0.5082142949127046,0.8,0,1,1.0,0.564
KITCHENER ST,PENTICTON ST,SLOCAN ST,VERY POOR,1148.9,0.1,0.95,0,0.95,90.10310240119418,0.5,0,1,1.0,0.489
MARSHALL ST,20TH AV,19TH AV,FAIR,147.8,0.744,0.5,0,0.5,23.13641764767192,0.8,0,1,1.0,0.582
HUDSON ST,75TH AV,SW MARINE DRIVE,FAIR,198.5,0.672,0.5,0,0.5,5.757252723989325,0.8,1,1,1.0,0.871
KERR ST,KENT AV NORTH,SE MARINE DRIVE,GOOD,177.4,0.701,0.3,0,0.3,0.055695096576471315,0.8,0,1,1.0,0.54
CYPRESS ST,41ST AV,39TH AV,VERY POOR,899.0,0.166,0.95,0,0.95,1.503576870826123,0.8,0,1,1.0,0.574
FRASER ST,6TH AV,5TH AV,FAIR,1021.2,0.13,0.5,0,0.5,0.6471677842791905,0.8,0,1,1.0,0.489
FIR ST,5TH AV,4TH AV,VERY GOOD,293.1,0.556,0.1,0,0.1,1.4757373168044978,0.8,0,1,1.0,0.483
FRANKLIN ST,PENTICTON ST,SLOCAN ST,GOOD,531.3,0.346,0.3,0,0.3,90.15127858374149,0.5,0,1,1.0,0.412
HEBB AV,NOOTKA ST,LILLOOET ST,GOOD,55.2,0.895,0.3,0,0.3,78.76712001484316,0.5,0,1,1.0,0.495
MANNERING AV,GLADSTONE ST,NANAIMO ST,GOOD,671.8,0.261,0.3,0,0.3,90.53652173488939,0.5,0,1,1.0,0.399
KERSLAND DR,37TH AV,35TH AV,FAIR,229.9,0.631,0.5,0,0.5,346.14133266822193,0.8,0,1,1.0,0.565
GUELPH ST,10TH AV,BROADWAY,GOOD,955.8,0.148,0.3,0,0.3,0.7056745598450789,0.8,0,1,1.0,0.457
MANITOBA ST,KING EDWARD AV,23RD AV,GOOD,613.0,0.293,0.3,0,0.3,1.705166614660186,0.8,0,1,1.0,0.479
KENT AV N,CAMBIE ST,YUKON ST,FAIR,157.8,0.729,0.5,0,0.5,74.33790230439212,0.5,0,1,1.0,0.505
LABURNUM ST,52ND AV,50TH AV,GOOD,975.5,0.142,0.3,0,0.3,1.221111522974752,0.8,0,1,1.0,0.456
CYPRESS ST,13TH AV,12TH AV,GOOD,1221.3,0.087,0.3,0,0.3,1.5461810615893796,0.8,0,1,1.0,0.448
ELLIOTT ST,SE MARINE DRIVE,ROSEDALE DRIVE,POOR,172.3,0.709,0.8,0,0.8,7.746269355532547,0.8,0,1,1.0,0.63
MACKENZIE ST,21ST AV,20TH AV,GOOD,2413.8,0.008,0.3,0,0.3,0.5364917221547216,0.8,0,1,1.0,0.436
INVERNESS ST,63RD AV,62ND AV,GOOD,505.9,0.364,0.3,0,0.3,349.51026380158606,0.8,0,1,1.0,0.489
FERNDALE ST,SEMLIN DRIVE,LAKEWOOD DRIVE,POOR,1446.2,0.055,0.8,0,0.8,92.87766444680636,0.5,0,1,1.0,0.456
LAGOON DR,PARK LANE,BARCLAY ST,VERY GOOD,106.2,0.809,0.1,0,0.1,99.67650070147909,0.5,0,1,1.0,0.446
INVERNESS ST,23RD AV,22ND AV,GOOD,1330.2,0.07,0.3,0,0.3,1.418853466193923,0.8,0,1,1.0,0.445
FRENCH ST,67TH AV,64TH AV,GOOD,849.2,0.183,0.3,0,0.3,2.0093611362527213,0.8,0,1,1.0,0.462
KASLO ST,18TH AV,16TH AV,POOR,550.7,0.332,0.8,0,0.8,0.29875243114497607,0.8,0,1,1.0,0.573
FIR ST,6TH AV,5TH AV,FAIR,375.4,0.472,0.5,0,0.5,1.5485414648704818,0.8,0,1,1.0,0.541
KENT AV S,WEST END,ONTARIO ST,VERY GOOD,119.3,0.788,0.1,0,0.1,82.68827921950077,0.5,0,1,1.0,0.443
GLADSTONE ST,45TH AV,44TH AV,VERY GOOD,1153.6,0.1,0.1,0,0.1,0.9952843221005878,0.8,0,1,1.0,0.414
DUMFRIES ST,28TH AV,27TH AV,POOR,1205.6,0.09,0.8,0,0.8,1.381963115067549,0.8,0,1,1.0,0.536
KAMLOOPS ST,1ST AV,GRAVELEY ST,FAIR,878.4,0.173,0.5,0,0.5,0.24437088305990073,0.8,0,1,1.0,0.496
GARDEN DR,TURNER ST,PENDER ST,FAIR,1154.4,0.099,0.5,0,0.5,0.7417798285459867,0.8,0,1,1.0,0.485
FELLOWES ST,TRINITY ST,BOUNDARY ROAD,VERY POOR,578.9,0.314,0.95,0,0.95,43.933723275548914,0.8,0,1,1.0,0.597
MAPLE ST,CREELMAN AV,WHYTE AV,GOOD,389.0,0.459,0.3,0,0.3,1.5532581045795837,0.8,0,1,1.0,0.504
FRANKLIN ST,CLARK DRIVE,MCLEAN DRIVE,POOR,1073.4,0.117,0.8,0,0.8,91.19204634528842,0.5,0,1,1.0,0.465
EARLES ST,EUCLID AV,VANNESS AV,FAIR,549.5,0.333,0.5,0,0.5,32.28616490521023,0.8,0,1,1.0,0.52
GLADSTONE ST,SOUTHSIDE DRIVE,SE MARINE DRIVE,GOOD,214.1,0.652,0.3,0,0.3,26.620690212200145,0.8,0,1,1.0,0.533
LILLOOET ST,3RD AV,2ND AV,VERY GOOD,699.0,0.247,0.1,0,0.1,0.549145446199077,0.8,0,1,1.0,0.436
KENT AV S,ASH ST,EAST END,VERY POOR,101.7,0.816,0.95,0,0.95,80.60813713844766,0.5,1,1,1.0,0.897
EAST BLVD,43RD AV,42ND AV,FAIR,1253.9,0.081,0.5,0,0.5,1.5139492613093921,0.8,0,1,1.0,0.482
GRAVELEY ST,COTTON DRIVE,COMMERCIAL DRIVE,VERY GOOD,1288.2,0.076,0.1,0,0.1,90.61782356396697,0.5,0,1,1.0,0.336
JACKSON AV,HASTINGS ST,CORDOVA ST,VERY POOR,691.2,0.251,0.95,0,0.95,1.654240411340254,0.8,0,1,1.0,0.587
LAUREL ST,58TH AV,57TH AV,FAIR,1027.7,0.128,0.5,0,0.5,358.0389415467942,0.8,0,1,1.0,0.489
KENT AV N,HEATHER ST,ASH ST,FAIR,199.0,0.672,0.5,0,0.5,72.73062505890744,0.5,0,1,1.0,0.496
CROWN ST,29TH AV,28TH AV,GOOD,2257.3,0.011,0.3,0,0.3,0.9107046907392373,0.8,0,1,1.0,0.436
JASPER CRES,PRESTWICK DRIVE,VICTORIA DRIVE,GOOD,944.0,0.151,0.3,0,0.3,76.02612389225146,0.5,0,1,1.0,0.382
GRAVELEY ST,MCLEAN DRIVE,WOODLAND DRIVE,GOOD,1037.4,0.126,0.3,0,0.3,90.68817557525841,0.5,0,1,1.0,0.378
KENT AV N,BEATRICE ST,VICTORIA DRIVE,VERY POOR,77.7,0.856,0.95,0,0.95,113.49069517086355,0.5,0,1,1.0,0.603
CYPRESS ST,42ND AV,41ST AV,NO DATA,973.0,0.143,0.5,1,0.4,2.373091371556825,0.8,0,1,1.0,0.474
DOMAN ST,COLERIDGE AV,WAVERLEY AV,GOOD,1512.3,0.049,0.3,0,0.3,1.7579469667589365,0.8,0,1,1.0,0.442
GLEN DR,VENABLES ST,GEORGIA ST,GOOD,476.5,0.386,0.3,0,0.3,0.7348754315817132,0.8,0,1,1.0,0.493
GLADSTONE ST,37TH AV,35TH AV,VERY GOOD,825.7,0.192,0.1,0,0.1,0.5181377964017884,0.8,0,1,1.0,0.428
HARO ST,CHILCO ST,DENMAN ST,FAIR,158.8,0.728,0.5,0,0.5,134.78107571125588,0.5,0,1,1.0,0.505
DENMAN ST,DAVIE ST,PENDRELL ST,VERY POOR,655.6,0.27,0.95,0,0.95,44.757467275366594,0.8,0,1,1.0,0.59
FRASERVIEW DR,BURQUITLAM DRIVE,NANAIMO ST,GOOD,547.0,0.335,0.3,0,0.3,91.7444766488901,0.5,0,1,1.0,0.41
MACKENZIE ST,47TH AV,45TH AV,VERY POOR,535.6,0.343,0.95,0,0.95,359.75080337877324,0.8,0,1,1.0,0.601
LILLOOET ST,KITCHENER ST,CHARLES ST,VERY POOR,598.7,0.302,0.95,0,0.95,0.6335794483441077,0.8,0,1,1.0,0.595
GRAVELEY ST,TEMPLETON DRIVE,GARDEN DRIVE,POOR,994.8,0.137,0.8,0,0.8,90.67078580432553,0.5,0,1,1.0,0.468
KAMLOOPS ST,ADANAC ST,GEORGIA ST,GOOD,975.7,0.142,0.3,0,0.3,359.9365379198458,0.8,0,1,1.0,0.456
EAST BLVD,42ND AV,41ST AV,VERY GOOD,1333.2,0.07,0.1,0,0.1,1.4505391998288815,0.8,0,1,1.0,0.41
KILLARNEY ST,HORLEY ST,EUCLID AV,FAIR,502.1,0.366,0.5,0,0.5,32.93445925313961,0.8,0,1,1.0,0.525
CYPRESS ST,7TH AV,6TH AV,VERY GOOD,760.1,0.219,0.1,0,0.1,1.5438450262655579,0.8,0,1,1.0,0.432
DIEPPE DR,DIEPPE PLACE,VIMY CRESCENT,VERY POOR,470.4,0.39,0.95,0,0.95,315.0991517668992,0.8,0,1,1.0,0.608
MAPLE CRES,KING EDWARD AV,CEDAR CRESCENT / MATTHEWS AV,FAIR,1550.7,0.045,0.5,0,0.5,20.156886680574644,0.8,0,1,1.0,0.477
GRANDVIEW HWY,GARDEN DRIVE,NANAIMO ST,GOOD,282.5,0.568,0.3,0,0.3,114.29101762572583,0.5,0,1,1.0,0.445
DAVIE ST,RICHARDS ST,HAMILTON ST,VERY POOR,308.3,0.54,0.95,0,0.95,134.81353018601726,0.5,0,1,1.0,0.556
JERVIS ST,BARCLAY ST,HARO ST,FAIR,360.7,0.486,0.5,0,0.5,44.7740026593637,0.8,0,1,1.0,0.543
INVERNESS ST,17TH AV,15TH AV,FAIR,1182.9,0.094,0.5,0,0.5,1.4596703805496531,0.8,0,1,1.0,0.484
FLEMING ST,18TH AV,15TH AV,POOR,539.4,0.34,0.8,0,0.8,1.70916738258137,0.8,0,1,1.0,0.574
HORLEY ST,DUCHESS ST,EARLES ST,VERY POOR,345.1,0.501,0.95,0,0.95,121.59461754353862,0.5,0,1,1.0,0.55
CYPRESS ST,LINDEN ROAD,QUILCHENA CRESCENT,VERY POOR,880.8,0.172,0.95,0,0.95,347.74961820518,0.8,0,1,1.0,0.575
FRENCH ST,70TH AV,67TH AV,POOR,632.6,0.282,0.8,0,0.8,0.9428521294105963,0.8,0,1,1.0,0.565
ELLIOTT ST,51ST AV,49TH AV,POOR,1074.2,0.117,0.8,0,0.8,1.0970097206463265,0.8,0,1,1.0,0.54
KASLO ST,26TH AV,25TH AV,FAIR,1084.1,0.114,0.5,0,0.5,0.37186498602306983,0.8,0,1,1.0,0.487
CROWN ST,10TH AV,CROWN CRESCENT,NO DATA,612.2,0.294,0.5,1,0.4,317.64771697768685,0.8,0,1,1.0,0.496
MANITOBA ST,8TH AV,7TH AV,VERY GOOD,575.8,0.316,0.1,0,0.1,1.6156104414686752,0.8,0,1,1.0,0.447
MARGUERITE ST,57TH AV,54TH AV,VERY POOR,1187.6,0.093,0.95,0,0.95,1.5749771158468207,0.8,0,1,1.0,0.563
JOHN ST,31ST AV,30TH AV,GOOD,705.1,0.244,0.3,0,0.3,1.5342730108570777,0.8,0,1,1.0,0.471
CREELMAN AV,ARBUTUS ST,LABURNUM ST,VERY GOOD,514.4,0.357,0.1,0,0.1,91.5359071682663,0.5,0,1,1.0,0.378
HEMLOCK CRT,LAMEYS MILL ROAD,NORTHEAST END,VERY GOOD,134.2,0.765,0.1,0,0.1,50.64333298952505,0.5,0,1,1.0,0.44
FREMLIN ST,47TH AV,46TH AV,FAIR,1091.6,0.113,0.5,0,0.5,1.3757993418087722,0.8,0,1,1.0,0.487
HUDSON ST,KING EDWARD AV,LAURIER AV,VERY POOR,919.3,0.159,0.95,0,0.95,1.451443795984403,0.8,0,1,1.0,0.573
JERVIS ST,PENDRELL ST,COMOX ST,VERY POOR,296.5,0.553,0.95,0,0.95,45.04132490780751,0.5,0,1,1.0,0.558
MACDONALD ST,33RD AV,32ND AV,POOR,1826.7,0.026,0.8,0,0.8,2.439521112580735,0.8,0,1,1.0,0.527
INVERNESS ST,33RD AV,31ST AV,POOR,1854.3,0.025,0.8,0,0.8,359.8947315237492,0.8,0,1,1.0,0.526
DAVIE ST,HOWE ST,GRANVILLE ST,GOOD,343.1,0.503,0.3,0,0.3,134.77470933073369,0.5,0,1,1.0,0.435
DUMFRIES ST,53RD AV,51ST AV,VERY POOR,1435.4,0.057,0.95,0,0.95,1.599499831399612,0.8,0,1,1.0,0.558
GARDEN DR,BROADWAY,8TH AV,VERY POOR,204.4,0.664,0.95,0,0.95,0.7615693613454368,0.8,0,1,1.0,0.649
FRASER ST,61ST AV,60TH AV,VERY POOR,921.3,0.158,0.95,0,0.95,0.40973691632007103,0.8,0,1,1.0,0.573
LARCH ST,5TH AV,4TH AV,VERY GOOD,1559.9,0.044,0.1,0,0.1,1.4977575770724343,0.8,0,1,1.0,0.406
MACKIE ST,39TH AV,37TH AV,FAIR,292.4,0.557,0.5,0,0.5,2.2951394424516707,0.8,0,1,1.0,0.554
GRANVILLE ST 1,SOUTHWEST END,BEACH AV / BEACH CRESCENT,VERY GOOD,503.6,0.365,0.1,0,0.1,44.75478214196414,0.8,1,1,1.0,0.754
HARRISON DR,VICTORIA DRIVE,ROSEDALE DRIVE,VERY GOOD,299.9,0.549,0.1,0,0.1,118.05963544112802,0.5,0,1,1.0,0.407
LINCOLN ST,45TH AV,43RD AV,VERY POOR,1502.0,0.05,0.95,0,0.95,359.2951464268599,0.8,0,1,1.0,0.557
MANITOBA ST,10TH AV,BROADWAY,GOOD,757.9,0.22,0.3,0,0.3,1.6135955551515053,0.8,0,1,1.0,0.468
LAKEWOOD DR,GRAVELEY ST,GRANT ST,FAIR,1084.8,0.114,0.5,0,0.5,0.8156412024189876,0.8,0,1,1.0,0.487
DISCOVERY ST,BELMONT AV,NORTH END,POOR,390.8,0.458,0.8,0,0.8,1.4746277979035085,0.8,0,1,1.0,0.592
MANITOBA ST,20TH AV,19TH AV,GOOD,1007.5,0.133,0.3,0,0.3,1.7369885068259237,0.8,0,1,1.0,0.455
ST GEORGE ST,43RD AV,41ST AV,GOOD,1043.0,0.124,0.3,0,0.3,1.1418129608766776,0.8,0,1,1.0,0.453
STIRLING ST,55TH AV,54TH AV,FAIR,1086.5,0.114,0.5,0,0.5,1.4052507761034576,0.8,0,1,1.0,0.487
PARKER ST,TEMPLETON DRIVE,GARDEN DRIVE,FAIR,1318.1,0.072,0.5,0,0.5,90.72950299801545,0.5,0,1,1.0,0.406
PRINCE EDWARD ST,29TH AV / AUBREY PLACE,28TH AV,VERY GOOD,848.3,0.183,0.1,0,0.1,1.0917655618783328,0.8,0,1,1.0,0.427
SASAMAT ST,9TH AV,8TH AV,GOOD,988.3,0.139,0.3,0,0.3,1.4853229376096806,0.8,0,1,1.0,0.455
ST CATHERINES ST,37TH AV,35TH AV,GOOD,1372.7,0.064,0.3,0,0.3,1.0795146367941584,0.8,0,1,1.0,0.444
ONTARIO ST,28TH AV,27TH AV,VERY POOR,544.2,0.337,0.95,0,0.95,1.907891800459936,0.8,0,1,1.0,0.6
SLOCAN ST,19TH AV,17TH AV,FAIR,761.4,0.218,0.5,0,0.5,0.6408474030528168,0.8,0,1,1.0,0.503
PRINCE EDWARD ST,45TH AV,44TH AV,FAIR,766.0,0.216,0.5,0,0.5,1.8602797206104356,0.8,0,1,1.0,0.502
POINT GREY RD,WATERLOO ST,BLENHEIM ST,VERY GOOD,998.8,0.136,0.1,0,0.1,99.0312943449448,0.5,0,1,1.0,0.345
TISDALL ST,46TH AV,45TH AV,POOR,939.2,0.153,0.8,0,0.8,1.4071397041209934,0.8,0,1,1.0,0.546
TRIMBLE ST,2ND AV,1ST AV,POOR,534.5,0.343,0.8,0,0.8,1.503572289202907,0.8,0,1,1.0,0.575
QUEBEC ST,45TH AV,44TH AV,VERY POOR,467.8,0.392,0.95,0,0.95,1.9381224228657743,0.8,0,1,1.0,0.608
TEMPLETON DR,TRIUMPH ST,DUNDAS ST,VERY POOR,1310.5,0.073,0.95,0,0.95,0.7134882581928537,0.8,0,1,1.0,0.56
TRIUMPH ST,SALSBURY DRIVE,VICTORIA DRIVE,GOOD,1664.3,0.036,0.3,0,0.3,74.9070695632413,0.5,0,1,1.0,0.365
POWELL ST,HEATLEY AV,HAWKS AV,VERY POOR,805.8,0.2,0.95,0,0.95,91.7060992326148,0.5,0,1,1.0,0.504
SKEENA ST,CAMBRIDGE ST,BRIDGEWAY,GOOD,440.9,0.414,0.3,0,0.3,357.1372811110858,0.8,0,1,1.0,0.497
NANAIMO ST,UPLAND DRIVE,54TH AV,FAIR,919.9,0.159,0.5,0,0.5,359.7505024295162,0.8,0,1,1.0,0.494
POWELL ST,HAWKS AV,LOOP BACK LANE,FAIR,813.1,0.197,0.5,0,0.5,92.35013133868256,0.5,0,1,1.0,0.424
MCKINNON ST,49TH AV,48TH AV,GOOD,1376.2,0.064,0.3,0,0.3,2.0220759279596336,0.8,0,1,1.0,0.444
TISDALL ST,SOUTH END,54TH AV,POOR,664.9,0.265,0.8,0,0.8,348.81088153824066,0.8,0,1,1.0,0.563
TRIMBLE ST,9TH AV,8TH AV,FAIR,828.0,0.191,0.5,0,0.5,1.482277026413442,0.8,0,1,1.0,0.499
STANLEY PARK DR,CAUSEWAY NB TO STANLEY PARK DR RAMP,CAUSEWAY SB TO STANLEY PARK DR RAMP,VERY GOOD,582.0,0.312,0.1,0,0.1,2.3518779291850365,0.8,0,1,1.0,0.446
MATTHEWS AV,CARTIER ST,HUDSON ST,POOR,1145.9,0.101,0.8,0,0.8,92.22559113428065,0.5,0,1,1.0,0.463
STAMFORD ST,CHURCH ST,CHERRY ST,VERY POOR,1145.6,0.101,0.95,0,0.95,32.91694195167162,0.8,0,1,1.0,0.564
SELKIRK ST,BALFOUR AV,MATTHEWS AV,POOR,1018.5,0.13,0.8,0,0.8,343.3960438140197,0.8,0,1,1.0,0.542
RENFREW ST,OXFORD ST,CAMBRIDGE ST,VERY POOR,287.9,0.562,0.95,0,0.95,0.14184363881128093,0.8,0,1,1.0,0.634
ST CATHERINES ST,28TH AV,27TH AV,POOR,1594.7,0.041,0.8,0,0.8,2.2862240874817985,0.8,0,1,1.0,0.529
TOLMIE ST,10TH AV,9TH AV,VERY POOR,1222.0,0.087,0.95,0,0.95,1.5361324094302518,0.8,0,1,1.0,0.562
POINT GREY RD,MACDONALD ST,STEPHENS ST,VERY GOOD,1609.2,0.04,0.1,0,0.1,58.76137816158473,0.5,0,1,1.0,0.33
PRINCE EDWARD ST,63RD AV,61ST AV,VERY POOR,882.9,0.171,0.95,0,0.95,1.331053486658277,0.8,0,1,1.0,0.575
ST GEORGE ST,30TH AV,AUBREY PLACE,VERY GOOD,958.2,0.147,0.1,0,0.1,1.3161825826898053,0.8,0,1,1.0,0.421
SCHOOL AV,SENLAC ST,TYNE ST,VERY GOOD,1359.1,0.066,0.1,0,0.1,119.02236099867758,0.5,0,1,1.0,0.334
TRINITY ST,NANAIMO ST,KAMLOOPS ST,VERY GOOD,1097.9,0.111,0.1,0,0.1,90.15650039453101,0.5,0,1,1.0,0.341
PRESTWICK DR,UPLAND DRIVE,JASPER CRESCENT,VERY GOOD,943.6,0.152,0.1,0,0.1,124.48317982069602,0.5,0,1,1.0,0.347
ROSS ST,39TH AV,38TH AV,VERY POOR,1733.4,0.031,0.95,0,0.95,1.2197295621049875,0.8,0,1,1.0,0.554
MUNROE CRES,62ND AV,62ND AV,GOOD,243.0,0.615,0.3,0,0.3,93.35793240570655,0.5,0,1,1.0,0.452
NANAIMO ST,47TH AV,46TH AV,FAIR,1176.9,0.095,0.5,0,0.5,0.7961552784702803,0.8,0,1,1.0,0.484
SASAMAT ST,7TH AV,6TH AV,VERY POOR,878.6,0.173,0.95,0,0.95,1.4954744027049856,0.8,0,1,1.0,0.575
SEMLIN DR,WILLIAM ST,NAPIER ST,VERY GOOD,1473.0,0.053,0.1,0,0.1,0.7875941340356576,0.8,0,1,1.0,0.407
RHODES ST,38TH AV,KINGSWAY,VERY POOR,17.2,0.966,0.95,0,0.95,358.4606401223589,0.8,0,1,1.0,0.695
MOBERLY RD,6TH AV,CHARLESON,FAIR,209.7,0.657,0.5,0,0.5,6.396321142703471,0.8,0,1,1.0,0.569
TOLMIE ST,5TH AV,4TH AV,NO DATA,1009.9,0.133,0.5,1,0.4,1.5066386196759254,0.8,0,1,1.0,0.472
NASSAU DR,BRAEBURN ST,VICTORIA DRIVE,GOOD,1160.2,0.098,0.3,0,0.3,82.82059000002312,0.5,0,1,1.0,0.374
NANTON AV,GRANVILLE ST,CARTIER ST,GOOD,693.0,0.25,0.3,0,0.3,91.47325389175785,0.5,0,1,1.0,0.397
RENFREW ST,1ST AV,GRAVELEY ST,POOR,990.6,0.138,0.8,0,0.8,0.6639849053175908,0.8,0,1,1.0,0.544
STANLEY PARK DR,STANLEY PARK SHORTCUT 1,AVISON WAY,VERY GOOD,423.5,0.429,0.1,0,0.1,300.50787909874197,0.5,0,1,1.0,0.389
MCLEAN DR,ADANAC ST,GEORGIA ST,VERY GOOD,1002.8,0.135,0.1,0,0.1,1.7272404898282048,0.8,0,1,1.0,0.42
RUPERT ST,14TH AV,GRANDVIEW HWY,VERY GOOD,199.7,0.671,0.1,0,0.1,0.28533204953788527,0.8,0,1,1.0,0.5
TAMATH CRES,SW MARINE DRIVE,START LOOP (R),POOR,1319.3,0.071,0.8,0,0.8,202.4242320425091,0.2,0,1,1.0,0.384
TRIUMPH ST,SKEENA ST,KOOTENAY ST,POOR,771.7,0.214,0.8,0,0.8,89.92084111592419,0.5,0,1,1.0,0.48
NANAIMO ST,54TH AV,53RD AV,VERY POOR,1070.2,0.118,0.95,0,0.95,0.5141724312521774,0.8,0,1,1.0,0.567
RUPERT ST,HORLEY ST,EUCLID AV,FAIR,704.5,0.244,0.5,0,0.5,32.564675794308584,0.8,0,1,1.0,0.507
PANDORA ST,COMMERCIAL DRIVE,SALSBURY DRIVE,FAIR,1512.0,0.049,0.5,0,0.5,91.13817750166646,0.5,0,1,1.0,0.402
ST GEORGE ST,45TH AV,44TH AV,VERY GOOD,980.2,0.141,0.1,0,0.1,1.3286508617089794,0.8,0,1,1.0,0.42
PENTICTON ST,GRANDVIEW HWY NORTH,12TH AV,GOOD,304.7,0.544,0.3,0,0.3,359.91669639931393,0.8,0,1,1.0,0.516
MCBAIN AV,EDGAR CRESCENT,HAGGART ST,GOOD,2064.5,0.016,0.3,0,0.3,78.57030947542074,0.5,0,1,1.0,0.362
TRAFALGAR ST,10TH AV,BROADWAY,GOOD,1946.9,0.02,0.3,0,0.3,1.5163241697320586,0.8,0,1,1.0,0.438
MONTGOMERY ST,54TH AV,52ND AV,FAIR,1478.3,0.052,0.5,0,0.5,1.3905598809027993,0.8,0,1,1.0,0.478
QUESNEL DR,BLENHEIM ST,16TH AV,NO DATA,1669.3,0.035,0.5,1,0.4,324.30455536562766,0.8,0,1,1.0,0.458
RENFREW ST,17TH AV,16TH AV,VERY POOR,407.3,0.443,0.95,0,0.95,0.45351183758327807,0.8,0,1,1.0,0.616
SALSBURY DR,PANDORA ST,POWELL ST,FAIR,1640.9,0.038,0.5,0,0.5,0.8822539342070286,0.8,0,1,1.0,0.475
TISDALL ST,45TH AV,42ND AV,GOOD,856.0,0.18,0.3,0,0.3,347.16974313156373,0.8,0,1,1.0,0.462
MCBAIN AV,HAGGART ST,BRAKENRIDGE ST,FAIR,1988.7,0.019,0.5,0,0.5,63.825296474389745,0.5,0,1,1.0,0.398
SEMLIN DR,NAPIER ST,PARKER ST,VERY GOOD,1584.0,0.042,0.1,0,0.1,2.3893755721816774,0.8,0,1,1.0,0.406
RENFREW ST,24TH AV,23RD AV,VERY POOR,990.2,0.138,0.95,0,0.95,0.1722349359531563,0.8,0,1,1.0,0.57
TEMPLETON DR,PANDORA ST,TRIUMPH ST,VERY GOOD,1294.8,0.075,0.1,0,0.1,0.7771272770291944,0.8,0,1,1.0,0.411
PRINCESS AV,HASTINGS ST,CORDOVA ST,FAIR,633.1,0.282,0.5,0,0.5,1.5833128594802588,0.8,0,1,1.0,0.512
SAWCUT,WEST END,FERRY ROW / MILLYARD,NO DATA,54.0,0.898,0.5,1,0.4,104.52723131274035,0.5,0,1,1.0,0.512
NOOTKA ST,KITCHENER ST,CHARLES ST,POOR,781.7,0.209,0.8,0,0.8,0.543845435602293,0.8,0,1,1.0,0.554
RUPERT ST,VENABLES ST,ADANAC ST,VERY POOR,518.7,0.354,0.95,0,0.95,0.569287552578146,0.8,0,1,1.0,0.603
MUIRFIELD DR,HOYLAKE AV,LYNBROOK DRIVE,VERY POOR,547.3,0.335,0.95,0,0.95,4.478009500956773,0.8,0,1,1.0,0.6
PRINCE ALBERT ST,12TH AV,11TH AV,VERY GOOD,1480.1,0.052,0.1,0,0.1,0.6714015235948523,0.8,0,1,1.0,0.407
PRINCE ALBERT ST,33RD AV,32ND AV,GOOD,1294.0,0.075,0.3,0,0.3,1.015007195526266,0.8,0,1,1.0,0.446
SOPHIA ST,39TH AV,38TH AV,POOR,552.6,0.331,0.8,0,0.8,1.9613294211677044,0.8,0,1,1.0,0.573
PANDORA ST,KASLO ST,RENFREW ST,GOOD,214.8,0.651,0.3,0,0.3,90.08063621786073,0.5,0,1,1.0,0.458
STANLEY PARK DR,VANCOUVER AQUARIUM ST,DEADMANS ISLAND ROAD,GOOD,64.7,0.879,0.3,0,0.3,89.38973912514138,0.5,0,1,1.0,0.492
MONMOUTH AV,HOY ST,BOUNDARY ROAD,POOR,593.2,0.305,0.8,0,0.8,90.27971191507868,0.5,0,1,1.0,0.494
NANAIMO ST,20TH AV,18TH AV / COPLEY ST,FAIR,362.3,0.484,0.5,0,0.5,0.17314424243011217,0.8,0,1,1.0,0.543
SELKIRK ST,SOUTH END,33RD AV,GOOD,74.0,0.862,0.3,0,0.3,1.4287363897865362,0.8,0,1,1.0,0.565
SKEENA ST,FRANKLIN ST,PANDORA ST,GOOD,752.9,0.222,0.3,0,0.3,0.12209773203727536,0.8,0,1,1.0,0.468
SHAUGHNESSY ST,67TH AV,64TH AV,VERY POOR,959.2,0.147,0.95,0,0.95,1.3648609980602373,0.8,0,1,1.0,0.571
TEMPLETON DR,2ND AV,1ST AV,POOR,843.3,0.185,0.8,0,0.8,0.7616703309676609,0.8,0,1,1.0,0.551
PRINCE EDWARD ST,18TH AV,17TH AV,FAIR,1620.2,0.039,0.5,0,0.5,1.4239455487048076,0.8,0,1,1.0,0.476
QUEBEC ST,48TH AV,47TH AV,FAIR,221.0,0.643,0.5,0,0.5,2.2544709702509635,0.8,0,1,1.0,0.567
RENFREW ST,19TH AV,18TH AV,VERY POOR,537.8,0.341,0.95,0,0.95,0.05581686164498478,0.8,0,1,1.0,0.601
ST GEORGE ST,22ND AV,21ST AV,GOOD,1518.7,0.048,0.3,0,0.3,1.3925358710094997,0.8,0,1,1.0,0.442
MONTCALM ST,67TH AV,64TH AV,FAIR,982.2,0.14,0.5,0,0.5,1.8200760568934697,0.8,0,1,1.0,0.491
TISDALL ST,50TH AV,49TH AV,GOOD,791.3,0.205,0.3,0,0.3,1.3733053630842278,0.8,0,1,1.0,0.466
TRIMBLE ST,6TH AV,5TH AV,VERY POOR,640.6,0.278,0.95,0,0.95,1.5708232049470894,0.8,0,1,1.0,0.591
SLOCAN ST,20TH AV,19TH AV,VERY POOR,848.1,0.183,0.95,0,0.95,0.7130424613448554,0.8,0,1,1.0,0.577
STEPHENS ST,16TH AV,15TH AV,VERY GOOD,2332.3,0.009,0.1,0,0.1,1.4762259428104585,0.8,0,1,1.0,0.401
RENFREW ST,18TH AV,17TH AV,VERY POOR,500.4,0.368,0.95,0,0.95,0.07368688060830664,0.8,0,1,1.0,0.605
PRINCE ALBERT ST,61ST AV,60TH AV,VERY GOOD,855.4,0.181,0.1,0,0.1,0.9983063823243583,0.8,0,1,1.0,0.426
TYNE ST,45TH AV,44TH AV,GOOD,1578.3,0.043,0.3,0,0.3,355.12951947520713,0.8,0,1,1.0,0.441
PRINCE ALBERT ST,17TH AV,KINGSWAY,NO DATA,1751.1,0.03,0.5,1,0.4,1.5185358108566334,0.8,0,1,1.0,0.457
MCKINNON ST,53RD AV,52ND AV,GOOD,1027.0,0.128,0.3,0,0.3,1.8795770627126558,0.8,0,1,1.0,0.454
SKEENA ST,TURNER ST,PENDER ST,FAIR,620.6,0.289,0.5,0,0.5,0.13673700666862487,0.8,0,1,1.0,0.513
TEMPLETON DR,11TH AV,10TH AV,GOOD,336.1,0.511,0.3,0,0.3,0.780219404817899,0.8,0,1,1.0,0.512
NELSON ST,NICOLA ST,BROUGHTON ST,GOOD,449.4,0.407,0.3,0,0.3,134.81989625776282,0.5,0,1,1.0,0.421
PARK DR,OAK ST,SHAUGHNESSY ST,VERY POOR,1001.9,0.135,0.95,0,0.95,113.65830559970641,0.5,0,1,1.0,0.495
SKEENA ST,28TH AV,27TH AV,POOR,123.8,0.781,0.8,0,0.8,0.10874304273050939,0.8,0,1,1.0,0.64
PRINCE EDWARD ST,58TH AV,57TH AV,GOOD,857.5,0.18,0.3,0,0.3,1.8743239623685781,0.8,0,1,1.0,0.462
SELKIRK ST,73RD AV,72ND AV,FAIR,428.0,0.425,0.5,0,0.5,1.44907854920109,0.8,0,1,1.0,0.534
RUPERT ST,17TH AV,16TH AV,FAIR,483.5,0.38,0.5,0,0.5,0.27206108017696806,0.8,0,1,1.0,0.527
SLOCAN ST,VENABLES ST,ADANAC ST,GOOD,689.5,0.252,0.3,0,0.3,0.7677228155757234,0.8,0,1,1.0,0.472
MCKINNON ST,46TH AV,45TH AV,VERY GOOD,1269.7,0.079,0.1,0,0.1,1.8241295139619638,0.8,0,1,1.0,0.411
WALES ST,50TH AV,49TH AV,GOOD,1144.5,0.101,0.3,0,0.3,1.9311913033603787,0.8,0,1,1.0,0.45
VICTORIA DR,51ST AV,50TH AV,FAIR,1635.3,0.038,0.5,0,0.5,1.0876651222266105,0.8,0,1,1.0,0.476
WALLACE ST,KING EDWARD AV,24TH AV,POOR,2136.3,0.014,0.8,0,0.8,0.45682242546365615,0.8,0,1,1.0,0.525
YEW ST,35TH AV,34TH AV,VERY GOOD,1507.3,0.049,0.1,0,0.1,9.59277761109172,0.8,0,1,1.0,0.407
VICTORIA DR,7TH AV,6TH AV,POOR,786.4,0.207,0.8,0,0.8,1.3439632101449206,0.8,0,1,1.0,0.554
WINDERMERE ST,5TH AV,4TH AV,FAIR,630.6,0.283,0.5,0,0.5,0.6001896832821672,0.8,0,1,1.0,0.513
WILLOW ST,15TH AV,14TH AV,VERY GOOD,131.3,0.769,0.1,0,0.1,1.4463679375855918,0.8,0,1,1.0,0.515
WHYTE AV,MAPLE ST,CYPRESS ST,POOR,243.3,0.615,0.8,0,0.8,91.52886907190822,0.5,0,1,1.0,0.54
YUKON ST,12TH AV,11TH AV,GOOD,429.3,0.424,0.3,0,0.3,1.499029539495723,0.8,0,1,1.0,0.498
WALLACE ST,15TH AV,14TH AV,VERY POOR,1158.5,0.099,0.95,0,0.95,1.4826480692286168,0.8,0,1,1.0,0.564
YEW ST,19TH AV,18TH AV,GOOD,1917.7,0.022,0.3,0,0.3,1.5113695733742247,0.8,0,1,1.0,0.438
WALLACE ST,37TH AV,36TH AV,VERY POOR,1423.2,0.058,0.95,0,0.95,0.2434563688666458,0.8,0,1,1.0,0.558
WILLOW ST,48TH AV,47TH AV,VERY GOOD,975.2,0.142,0.1,0,0.1,359.96913229820336,0.8,0,1,1.0,0.421
WATERLOO ST,10TH AV,BROADWAY,VERY GOOD,1172.9,0.096,0.1,0,0.1,1.500861645076327,0.8,0,1,1.0,0.414
VICTORIA DR,FRASERVIEW DRIVE / JASPER CRESCENT,SCARBORO AV,GOOD,571.8,0.319,0.3,0,0.3,0.7798793421778782,0.8,0,1,1.0,0.483
VICTORIA DR,PANDORA ST,TRIUMPH ST,VERY POOR,1714.4,0.032,0.95,0,0.95,0.7393040028806581,0.8,0,1,1.0,0.554
YEW ST,15TH AV,14TH AV,GOOD,1704.1,0.033,0.3,0,0.3,1.4821581220813869,0.8,0,1,1.0,0.44
VANNESS AV,EARLES ST,MOSS ST,POOR,793.3,0.205,0.8,0,0.8,121.9699043583613,0.5,0,1,1.0,0.479
VICTORIA DR,45TH AV,43RD AV,VERY POOR,1337.9,0.069,0.95,0,0.95,1.000063476545563,0.8,0,1,1.0,0.56
WOODLAND DR,SOUTH END,13TH AV,VERY POOR,754.9,0.221,0.95,0,0.95,0.7838822451783471,0.8,0,1,1.0,0.583
WALLACE ST,31ST AV,30TH AV,VERY POOR,1981.1,0.019,0.95,0,0.95,0.5699956726566029,0.8,0,1,1.0,0.552
VANNESS AV,OBEN ST,ORMIDALE ST,VERY POOR,976.5,0.142,0.95,0,0.95,125.21565585731088,0.5,0,1,1.0,0.496
WALLACE ST,24TH AV,23RD AV,GOOD,2036.8,0.017,0.3,0,0.3,0.48461359362801204,0.8,0,1,1.0,0.437
VENABLES ST,VICTORIA DRIVE,SEMLIN DRIVE,GOOD,1604.0,0.04,0.3,0,0.3,90.73442466262657,0.5,0,1,1.0,0.366
WATER ST,ABBOTT ST,CAMBIE ST,NO DATA,478.5,0.384,0.5,1,0.4,285.57939456079873,0.5,0,1,1.0,0.435
UPLAND DR,GLADSTONE ST,STIRLING ST,GOOD,1009.9,0.133,0.3,0,0.3,91.4452700662896,0.5,0,1,1.0,0.38
WILLOW ST,17TH AV,16TH AV,FAIR,308.1,0.54,0.5,0,0.5,1.4613840258393225,0.8,0,1,1.0,0.551
WALLACE CRES,10TH AV,8TH AV / BROADWAY,NO DATA,570.4,0.32,0.5,1,0.4,312.63095515140856,0.5,0,1,1.0,0.425
WATSON ST,12TH AV,11TH AV,GOOD,973.5,0.143,0.3,0,0.3,2.3728919370218478,0.8,0,1,1.0,0.456
WILLOW ST,13TH AV,12TH AV,NO DATA,16.5,0.968,0.5,1,0.4,1.4959733388964764,0.8,0,1,1.0,0.598
VENABLES ST,COMMERCIAL DRIVE,SALSBURY DRIVE,GOOD,1323.4,0.071,0.3,0,0.3,90.68394875230899,0.5,0,1,1.0,0.37
BOUNDARY RD,ETON ST,MCGILL ST,FAIR,831.6,0.19,0.5,0,0.5,0.6753849438989619,0.8,0,1,1.0,0.498
35TH AV,CONNAUGHT DRIVE,GRANVILLE ST,VERY POOR,242.4,0.616,0.95,0,0.95,91.4280148123562,0.5,0,1,1.0,0.567
BLANCA ST,14TH AV,13TH AV,GOOD,1650.9,0.037,0.3,0,0.3,1.527482344194425,0.8,0,1,1.0,0.44
54TH AV,BERKELEY ST,CLARENDON ST,FAIR,920.7,0.159,0.5,0,0.5,90.51999304305906,0.5,0,1,1.0,0.419
11TH AV,WATSON ST,KINGSWAY,VERY GOOD,971.6,0.143,0.1,0,0.1,90.54019650657824,0.5,0,1,1.0,0.346
BORDEN ST,61ST AV,60TH AV,VERY GOOD,647.7,0.274,0.1,0,0.1,0.6360528203388185,0.8,0,1,1.0,0.441
6TH AV,FRASER ST,PRINCE ALBERT ST,GOOD,1064.0,0.119,0.3,0,0.3,90.75307922072494,0.5,0,1,1.0,0.377
7TH AV,PENTICTON ST,SLOCAN ST,VERY POOR,341.2,0.505,0.95,0,0.95,90.07244489038442,0.5,0,1,1.0,0.55
11TH AV,DUNBAR ST,COLLINGWOOD ST,NO DATA,1092.5,0.112,0.5,1,0.4,91.5502205573074,0.5,0,1,1.0,0.394
28TH AV,WILLOW ST,HEATHER ST,FAIR,474.3,0.387,0.5,0,0.5,91.52235557909137,0.5,0,1,1.0,0.453
ARBUTUS ST,CORNWALL AV,CREELMAN AV,POOR,589.3,0.308,0.8,0,0.8,1.5674309861419147,0.8,0,1,1.0,0.569
COLLINGWOOD ST,15TH AV,14TH AV,GOOD,1417.3,0.059,0.3,0,0.3,1.4463685210364474,0.8,0,1,1.0,0.443
8TH AV,TRUTCH ST,BALACLAVA ST,VERY GOOD,1381.1,0.063,0.1,0,0.1,91.43401053002867,0.5,0,1,1.0,0.334
COMMERCIAL DR,PENDER ST,HASTINGS ST,POOR,1359.5,0.066,0.8,0,0.8,0.784219181281685,0.8,0,1,1.0,0.533
33RD AV,ANGUS DRIVE,MARGUERITE ST,FAIR,585.5,0.31,0.5,0,0.5,91.41968279522075,0.5,0,1,1.0,0.442
23RD AV,HIGHBURY ST,DUNBAR ST,VERY POOR,2064.2,0.016,0.95,0,0.95,90.53345230861584,0.5,0,1,1.0,0.477
19TH AV,LILLOOET ST,WINDERMERE ST,FAIR,582.8,0.312,0.5,0,0.5,90.14505538743191,0.5,0,1,1.0,0.442
ANGUS DR,GRANVILLE ST,THE CRESCENT,VERY POOR,1014.3,0.132,0.95,0,0.95,60.678283558985754,0.5,0,1,1.0,0.494
4TH AV,SLOCAN ST,KASLO ST,FAIR,704.5,0.244,0.5,0,0.5,89.70651356267297,0.5,0,1,1.0,0.432
6TH AV,TRIMBLE ST,EAST END,POOR,592.1,0.306,0.8,0,0.8,91.488845532401,0.5,0,1,1.0,0.494
18TH AV,DUNBAR ST,COLLINGWOOD ST,FAIR,1637.0,0.038,0.5,0,0.5,90.51774582100029,0.5,0,1,1.0,0.401
BEECHWOOD ST,51ST AV,49TH AV,NO DATA,644.3,0.276,0.5,1,0.4,6.007814985397431,0.8,0,1,1.0,0.494
CONNAUGHT DR,GRANVILLE ST,CARTIER ST,POOR,466.4,0.393,0.8,0,0.8,87.72743896599235,0.5,0,1,1.0,0.507
4TH AV,WATERLOO ST,BLENHEIM ST,VERY GOOD,996.8,0.136,0.1,0,0.1,91.48554426327655,0.5,0,1,1.0,0.345
COMMERCIAL ST,39TH AV,38TH AV,VERY POOR,1330.3,0.07,0.95,0,0.95,1.0118078200160312,0.8,0,1,1.0,0.56
34TH AV,COMMERCIAL ST,VICTORIA DRIVE,POOR,1080.1,0.115,0.8,0,0.8,91.16335679680486,0.5,0,1,1.0,0.465
1ST AV,COMMODORE ROAD,CROWE ST,POOR,150.8,0.74,0.8,0,0.8,62.287648749069604,0.5,1,1,1.0,0.859
24TH AV,HIGHBURY ST,DUNBAR ST,NO DATA,2163.4,0.013,0.5,1,0.4,90.46139844405491,0.5,0,1,1.0,0.379
COLUMBIA ST,11TH AV,10TH AV,NO DATA,627.0,0.285,0.5,1,0.4,1.6610212532878563,0.8,0,1,1.0,0.495
CASSIAR ST,TURNER ST,NORTH END,GOOD,599.0,0.302,0.3,0,0.3,0.36157083235883647,0.8,0,1,1.0,0.48
8TH AV,YUKON ST,ALBERTA ST,GOOD,368.0,0.479,0.3,0,0.3,91.77002934094389,0.5,0,1,1.0,0.432
30TH AV,QUEBEC ST,MAIN ST,VERY GOOD,464.5,0.395,0.1,0,0.1,91.14698898830756,0.5,0,1,1.0,0.384
BALACLAVA ST,51ST AV,49TH AV,GOOD,159.8,0.726,0.3,0,0.3,1.1687359492256633,0.8,0,1,1.0,0.544
ALEXANDER ST,POWELL ST,COLUMBIA ST,GOOD,401.8,0.448,0.3,0,0.3,71.96510652712158,0.5,0,1,1.0,0.427
CAMOSUN ST,32ND AV,31ST AV,POOR,2101.0,0.015,0.8,0,0.8,0.6138742837889026,0.8,0,1,1.0,0.525
62ND AV,PRINCE EDWARD ST,ST. GEORGE ST,GOOD,938.2,0.153,0.3,0,0.3,91.64493404309553,0.5,0,1,1.0,0.383
BLENHEIM ST,12TH AV,11TH AV,FAIR,1408.2,0.06,0.5,0,0.5,1.4823414977295784,0.8,0,1,1.0,0.479
47TH AV,COLUMBIA ST,MANITOBA ST,VERY GOOD,248.5,0.608,0.1,0,0.1,91.67181003637518,0.5,0,1,1.0,0.416
1ST AV,SASAMAT ST,TRIMBLE ST,FAIR,539.5,0.34,0.5,0,0.5,91.47064219688963,0.5,0,1,1.0,0.446
ASH ST,60TH AV,59TH AV,VERY GOOD,531.0,0.346,0.1,0,0.1,1.4147106943947847,0.8,0,1,1.0,0.451
COLUMBIA ST,12TH AV,11TH AV,VERY POOR,655.4,0.27,0.95,0,0.95,1.479551443333719,0.8,0,1,1.0,0.59
ARGYLE DR,57TH AV,BRAEBURN ST,FAIR,1047.7,0.123,0.5,0,0.5,45.73701955184663,0.5,0,1,1.0,0.413
51ST AV,LANCASTER ST,KERR ST,GOOD,1104.8,0.11,0.3,0,0.3,90.31865702920845,0.5,0,1,1.0,0.376
36TH AV,PINE CRESCENT,ANGUS DRIVE,GOOD,624.4,0.287,0.3,0,0.3,91.42827667936842,0.5,0,1,1.0,0.403
CARTIER ST,43RD AV,41ST AV,VERY POOR,443.4,0.412,0.95,0,0.95,1.385799229691088,0.8,0,1,1.0,0.611
67TH AV,LAUREL ST,HEATHER ST,POOR,625.0,0.287,0.8,0,0.8,91.56914878192481,0.5,0,1,1.0,0.491
13TH AV,ST. GEORGE ST,CAROLINA ST,FAIR,1378.4,0.063,0.5,0,0.5,90.77189463331354,0.5,0,1,1.0,0.404
ASHBURN ST,MUIRFIELD DRIVE / UPLAND DRIVE,ELLIOTT ST,FAIR,684.0,0.255,0.5,0,0.5,35.65472381077552,0.8,0,1,1.0,0.508
BAUER ST,5TH AV,MCSPADDEN AV,GOOD,982.8,0.14,0.3,0,0.3,0.7514649847622081,0.8,0,1,1.0,0.456
43RD AV,ATHLONE ST,HUDSON ST,POOR,651.6,0.272,0.8,0,0.8,92.82853573109367,0.5,0,1,1.0,0.489
4TH AV,HEMLOCK ST,6TH AV,FAIR,244.7,0.613,0.5,0,0.5,129.2748735176284,0.5,1,1,1.0,0.787
2ND AV,COLLINGWOOD ST,WATERLOO ST,FAIR,836.1,0.188,0.5,0,0.5,91.54101475515023,0.5,0,1,1.0,0.423
BIDWELL ST,BURNABY ST,DAVIE ST,POOR,849.4,0.183,0.8,0,0.8,44.799270055774,0.8,0,1,1.0,0.55
35TH AV,WALLACE ST,HIGHBURY ST,FAIR,1513.4,0.048,0.5,0,0.5,90.45289729289226,0.5,0,1,1.0,0.402
COLERIDGE AV,WEST END,RALEIGH ST,VERY GOOD,1209.2,0.089,0.1,0,0.1,87.72331060392463,0.5,0,1,1.0,0.338
15TH AV,MACDONALD ST,STEPHENS ST,NO DATA,2214.7,0.012,0.5,1,0.4,91.4918125804632,0.5,0,1,1.0,0.379
45TH AV,FRASER ST,CHESTER ST,GOOD,1201.9,0.09,0.3,0,0.3,92.55931897844437,0.5,0,1,1.0,0.373
64TH AV,CARTIER ST,MONTCALM ST,VERY GOOD,1118.5,0.107,0.1,0,0.1,91.40802495840376,0.5,0,1,1.0,0.34
55TH AV,CARTIER ST,HUDSON ST,GOOD,1704.0,0.033,0.3,0,0.3,102.45786590646367,0.5,0,1,1.0,0.365
20TH AV,WEST END,CROWN ST,FAIR,1725.0,0.032,0.5,0,0.5,90.47380103744291,0.5,0,1,1.0,0.4
43RD AV,MACDONALD ST,TRAFALGAR ST,FAIR,956.5,0.148,0.5,0,0.5,91.57954645566235,0.5,0,1,1.0,0.417
COLUMBIA ST,PENDER ST,HASTINGS ST,VERY POOR,87.8,0.839,0.95,0,0.95,1.736811338434734,0.8,0,1,1.0,0.676
22ND AV,BOYD DIVERSION / RENFREW ST,NOOTKA ST,POOR,854.5,0.181,0.8,0,0.8,90.50854610821074,0.5,0,1,1.0,0.475
35TH AV,HIGHBURY ST,DUNBAR ST,VERY POOR,1443.6,0.056,0.95,0,0.95,90.43352381113345,0.5,0,1,1.0,0.483
ASH ST,62ND AV,61ST AV,POOR,443.6,0.412,0.8,0,0.8,1.385326951319655,0.8,0,1,1.0,0.585
37TH AV,CAMOSUN ST,CROWN ST,FAIR,1544.7,0.046,0.5,0,0.5,90.4364459943759,0.5,0,1,1.0,0.402
17TH AV,DUNBAR ST,COLLINGWOOD ST,GOOD,1547.3,0.045,0.3,0,0.3,91.4263379543869,0.5,0,1,1.0,0.366
19TH AV,HIGHBURY ST,DUNBAR ST,POOR,1670.7,0.035,0.8,0,0.8,90.49636305205757,0.5,0,1,1.0,0.453
CONNAUGHT DR,CARTIER ST,HUDSON ST,POOR,429.6,0.424,0.8,0,0.8,109.42425256599415,0.5,0,1,1.0,0.512
51ST AV,WILTSHIRE ST,MARGUERITE ST,POOR,1282.8,0.077,0.8,0,0.8,91.21681721166226,0.5,0,1,1.0,0.459
16TH AV,CLARK DRIVE,KNIGHT ST,VERY GOOD,903.9,0.164,0.1,0,0.1,91.43233961520832,0.5,0,1,1.0,0.349
67TH AV,GRANVILLE ST,FRENCH ST,GOOD,800.9,0.202,0.3,0,0.3,91.54741467385685,0.5,0,1,1.0,0.39
14TH AV,VICTORIA DRIVE,EAST END,VERY POOR,156.3,0.732,0.95,0,0.95,90.44232612871184,0.5,0,1,1.0,0.585
43RD AV,DUMFRIES ST,FLEMING ST,POOR,1795.0,0.028,0.8,0,0.8,91.11344743715023,0.5,0,1,1.0,0.452
54TH AV,TISDALL ST,ASH ST,GOOD,471.6,0.389,0.3,0,0.3,89.46471747643307,0.5,0,1,1.0,0.418
63RD AV,KNIGHT ST,BORDEN ST,VERY GOOD,445.7,0.41,0.1,0,0.1,90.16983963412503,0.5,0,1,1.0,0.386
25TH AV,CASSIAR ST,SKEENA ST,POOR,393.9,0.455,0.8,0,0.8,88.99085890634967,0.5,0,1,1.0,0.516
11TH AV,PINE ST,FIR ST,VERY GOOD,701.4,0.246,0.1,0,0.1,91.5121535714373,0.5,0,1,1.0,0.361
BALDWIN ST,30TH AV / 32ND AV,KINGSWAY,VERY POOR,807.4,0.199,0.95,0,0.95,36.375981519524146,0.8,0,1,1.0,0.579
23RD AV,VICTORIA DRIVE,SIDNEY ST,POOR,556.0,0.329,0.8,0,0.8,91.05778639657484,0.5,0,1,1.0,0.497
10TH AV,LAUREL ST,WILLOW ST,VERY GOOD,273.9,0.578,0.1,0,0.1,91.50617912955369,0.5,0,1,1.0,0.411
CARTIER PL,70TH AV,NORTHEAST END,POOR,721.9,0.236,0.8,0,0.8,28.231357264149153,0.8,0,1,1.0,0.558
27TH AV,NOOTKA ST,LILLOOET ST,POOR,738.9,0.228,0.8,0,0.8,90.49636067613534,0.5,0,1,1.0,0.482
32ND AV,GLADSTONE ST,30TH AV,VERY POOR,809.2,0.198,0.95,0,0.95,89.86252393344779,0.5,0,1,1.0,0.504
BURNABY ST,BUTE ST,THURLOW ST,VERY POOR,282.7,0.568,0.95,0,0.95,134.79121359127316,0.5,0,1,1.0,0.56
4TH AV,ARBUTUS ST,MAPLE ST,POOR,812.2,0.197,0.8,0,0.8,91.51684364453706,0.5,0,1,1.0,0.477
29TH AV,MCHARDY ST,SKEENA ST,GOOD,17.2,0.966,0.3,0,0.3,90.27857458742119,0.5,0,1,1.0,0.505
18TH AV,VINE ST,YEW ST,VERY POOR,1917.3,0.022,0.95,0,0.95,91.52765477969052,0.5,0,1,1.0,0.477
BALACLAVA ST,26TH AV,KING EDWARD AV,GOOD,2361.1,0.009,0.3,0,0.3,0.49828548519030846,0.8,0,1,1.0,0.436
21ST AV,CAMBIE ST,YUKON ST,VERY POOR,807.1,0.199,0.95,0,0.95,94.16735521734472,0.5,0,1,1.0,0.504
18TH AV,ASH ST,CAMBIE ST,FAIR,595.0,0.304,0.5,0,0.5,97.53076820966675,0.5,0,1,1.0,0.441
BALACLAVA ST,30TH AV,29TH AV,POOR,1944.5,0.02,0.8,0,0.8,0.45766281793441976,0.8,0,1,1.0,0.526
5TH AV,COLUMBIA ST,MANITOBA ST,FAIR,366.5,0.48,0.5,0,0.5,91.72643304114433,0.5,0,1,1.0,0.467
50TH AV,PRINCE EDWARD ST,ST. GEORGE ST,VERY POOR,638.6,0.279,0.95,0,0.95,91.86047759829819,0.5,0,1,1.0,0.516
48TH AV,MCKINNON ST,DOMAN ST,POOR,1431.0,0.057,0.8,0,0.8,90.92102402999097,0.5,0,1,1.0,0.456
43RD AV,MAPLE ST,CYPRESS ST,VERY GOOD,1083.2,0.115,0.1,0,0.1,91.45068650521227,0.5,0,1,1.0,0.342
14TH AV,MAPLE ST,CYPRESS ST,VERY GOOD,1303.2,0.074,0.1,0,0.1,91.5448424041852,0.5,0,1,1.0,0.335
63RD AV,HEATHER ST,ASH ST,VERY POOR,399.2,0.45,0.95,0,0.95,91.26525977684196,0.5,0,1,1.0,0.542
36TH AV,CONNAUGHT DRIVE,GRANVILLE ST,FAIR,183.7,0.693,0.5,0,0.5,91.40946418203146,0.5,0,1,1.0,0.499
60TH AV,LABURNUM ST,WEST BOULEVARD,VERY POOR,706.6,0.243,0.95,0,0.95,91.07946721912595,0.5,0,1,1.0,0.511
8TH AV,WINDERMERE ST,RUPERT ST,VERY GOOD,324.0,0.523,0.1,0,0.1,90.33515454270906,0.5,0,1,1.0,0.403
CAMOSUN ST,11TH AV,10TH AV,VERY POOR,769.7,0.215,0.95,0,0.95,1.5244225447057147,0.8,0,1,1.0,0.582
30TH AV,MAIN ST,WALDEN ST,VERY GOOD,532.0,0.345,0.1,0,0.1,91.75250374596556,0.5,0,1,1.0,0.376
BEATRICE ST,ISLAND AV,SE MARINE DRIVE,VERY POOR,219.5,0.645,0.95,0,0.95,0.6473735593177139,0.8,0,1,1.0,0.646
10TH AV,ALBERTA ST,COLUMBIA ST,GOOD,520.5,0.353,0.3,0,0.3,91.6702259256619,0.5,0,1,1.0,0.413
16TH AV,FIR ST,GRANVILLE ST,VERY GOOD,929.7,0.156,0.1,0,0.1,91.48841455248981,0.5,0,1,1.0,0.348
45TH AV,VINE ST,YEW ST,GOOD,885.9,0.17,0.3,0,0.3,91.53219716498188,0.5,0,1,1.0,0.385
20TH AV,BELLA-VISTA ST,WELWYN ST,POOR,551.4,0.332,0.8,0,0.8,91.3273762996223,0.5,0,1,1.0,0.498
42ND AV,GLADSTONE ST,STIRLING ST,VERY GOOD,939.2,0.153,0.1,0,0.1,90.93136710935431,0.5,0,1,1.0,0.347
COLERIDGE AV,MCKINNON ST,DOMAN ST,FAIR,1512.3,0.049,0.5,0,0.5,91.02601170954728,0.5,0,1,1.0,0.402
KOOTENAY ST,ADANAC ST,GEORGIA ST,FAIR,450.6,0.406,0.5,0,0.5,0.12586217886826034,0.8,0,1,1.0,0.531
NANAIMO ST,22ND AV,21ST AV,FAIR,474.2,0.387,0.5,0,0.5,0.14265552277834104,0.8,0,1,1.0,0.528
SHERBROOKE ST,37TH AV,35TH AV,GOOD,1777.4,0.029,0.3,0,0.3,1.0989684785963618,0.8,0,1,1.0,0.439
BURRARD ST,HASTINGS ST,CORDOVA ST,GOOD,205.1,0.663,0.3,0,0.3,44.802714841008196,0.8,0,1,1.0,0.535
ARBUTUS ST,16TH AV,15TH AV,VERY GOOD,1655.7,0.036,0.1,0,0.1,354.0924762719435,0.8,0,1,1.0,0.405
35TH AV,ST. CATHERINES ST,SOMERVILLE ST,POOR,1372.6,0.064,0.8,0,0.8,90.88623096574935,0.5,0,1,1.0,0.457
8TH AV,ONTARIO ST,QUEBEC ST,VERY GOOD,677.1,0.258,0.1,0,0.1,91.66404101472955,0.5,0,1,1.0,0.363
BALSAM ST,14TH AV,13TH AV,VERY POOR,1878.0,0.023,0.95,0,0.95,1.5101946290748174,0.8,0,1,1.0,0.553
33RD AV,ASPEN AV,CYPRESS ST / VALLEY DRIVE,GOOD,970.4,0.144,0.3,0,0.3,91.69246190783127,0.5,0,1,1.0,0.381
10TH AV,DUNBAR ST,COLLINGWOOD ST,VERY GOOD,1015.5,0.131,0.1,0,0.1,91.50514172786382,0.5,0,1,1.0,0.344
ADANAC ST,CLARK DRIVE,MCLEAN DRIVE,GOOD,793.6,0.205,0.3,0,0.3,91.21394197682815,0.5,0,1,1.0,0.39
23RD AV,PUGET DRIVE,MACKENZIE ST,POOR,2540.7,0.006,0.8,0,0.8,90.52924671327963,0.5,0,1,1.0,0.449
COLUMBIA ST,14TH AV,13TH AV,GOOD,751.1,0.223,0.3,0,0.3,1.4796772955929782,0.8,0,1,1.0,0.468
8TH AV,WILLOW ST,HEATHER ST,POOR,158.4,0.729,0.8,0,0.8,91.49183560214061,0.5,0,1,1.0,0.558
BAILLIE ST,39TH AV,37TH AV,GOOD,564.7,0.323,0.3,0,0.3,1.33752948678017,0.8,0,1,1.0,0.483
3RD AV,ONTARIO ST,QUEBEC ST,POOR,179.7,0.698,0.8,0,0.8,91.65165126664243,0.5,0,1,1.0,0.553
51ST AV,CULLODEN ST,KNIGHT ST,FAIR,1619.3,0.039,0.5,0,0.5,91.16576891676891,0.5,0,1,1.0,0.401
30TH AV,CROWN ST,WALLACE ST,NO DATA,2078.5,0.016,0.5,1,0.4,90.43508241210566,0.5,0,1,1.0,0.38
15TH AV,LARCH ST,BALSAM ST,VERY GOOD,2014.6,0.018,0.1,0,0.1,91.5107841572032,0.5,0,1,1.0,0.327
20TH AV,COLUMBIA ST,MANITOBA ST,POOR,943.4,0.152,0.8,0,0.8,91.73062956757207,0.5,0,1,1.0,0.471
43RD AV,ADERA ST,CHURCHILL ST,VERY POOR,711.6,0.241,0.95,0,0.95,91.46127663197967,0.5,0,1,1.0,0.511
CAUSEWAY NB TO STANLEY PARK DR RAMP,STANLEY PARK CAUSEWAY,STANLEY PARK DRIVE,VERY GOOD,582.0,0.312,0.1,0,0.1,78.17210724866834,0.5,0,1,1.0,0.371
1ST AV,DEAD END,STEPHENS ST,VERY GOOD,1660.0,0.036,0.1,0,0.1,94.1882475443208,0.5,0,1,1.0,0.33
ASH ST,49TH AV,45TH AV,VERY GOOD,595.9,0.304,0.1,0,0.1,1.5996584200722168,0.8,0,1,1.0,0.445
BALACLAVA ST,6TH AV,5TH AV,FAIR,1434.1,0.057,0.5,0,0.5,1.496272261354136,0.8,0,1,1.0,0.478
BURRARD ST,COMOX ST,NELSON ST,FAIR,23.0,0.955,0.5,0,0.5,44.77553570798091,0.8,0,1,1.0,0.614
28TH AV,ASH ST,CAMBIE ST,VERY POOR,179.3,0.699,0.95,0,0.95,91.5992533134467,0.5,0,1,1.0,0.58
12TH AV,ST. CATHERINES ST,WINDSOR ST,GOOD,1483.9,0.051,0.3,0,0.3,90.75543350983668,0.5,0,1,1.0,0.367
ABBOTT ST,EXPO BOULEVARD,KEEFER PLACE,FAIR,109.4,0.803,0.5,0,0.5,0.17479969626924685,0.8,0,1,1.0,0.591
11TH AV,COLLINGWOOD ST,WATERLOO ST,NO DATA,1187.4,0.093,0.5,1,0.4,91.52234932702783,0.5,0,1,1.0,0.391
COLUMBIA ST,KING EDWARD AV,23RD AV,POOR,534.8,0.343,0.8,0,0.8,1.7436732777901511,0.8,0,1,1.0,0.574
4TH AV,NANAIMO ST,KAMLOOPS ST,POOR,562.1,0.325,0.8,0,0.8,90.05766955378346,0.5,0,1,1.0,0.497
46TH AV,WALES ST,VIVIAN ST,POOR,1010.3,0.133,0.8,0,0.8,90.56073991691699,0.5,0,1,1.0,0.468
30TH AV,VICTORIA DRIVE,GLADSTONE ST,POOR,1044.1,0.124,0.8,0,0.8,128.1676959688702,0.5,0,1,1.0,0.466
BELLA-VISTA ST,20TH AV,NORTH END,POOR,572.5,0.318,0.8,0,0.8,1.3792858792797347,0.8,0,1,1.0,0.571
CHESTER ST,41ST AV,39TH AV,VERY GOOD,1289.7,0.076,0.1,0,0.1,359.83692876658756,0.8,0,1,1.0,0.411
BRUNSWICK ST,7TH AV,6TH AV,GOOD,606.9,0.297,0.3,0,0.3,1.653066920184699,0.8,0,1,1.0,0.479
37TH AV,ST. MARGARETS ST,CLARENDON ST,VERY GOOD,344.8,0.502,0.1,0,0.1,90.49862494255842,0.5,0,1,1.0,0.4
64TH AV,WINDSOR ST,EAST END,GOOD,471.6,0.389,0.3,0,0.3,90.62439107756063,0.5,0,1,1.0,0.418
47TH AV,VIVIAN ST,RALEIGH ST,GOOD,1111.8,0.108,0.3,0,0.3,91.08853228525697,0.5,0,1,1.0,0.376
COMMERCIAL DR,POWELL ST,NORTH END,VERY GOOD,1561.4,0.044,0.1,0,0.1,0.8408407861787168,0.8,0,1,1.0,0.406
33RD AV,FRASER ST,CHESTER ST,FAIR,1122.3,0.106,0.5,0,0.5,90.74708695908083,0.5,0,1,1.0,0.411
13TH AV,WINDSOR ST,GLEN DRIVE,GOOD,1329.4,0.07,0.3,0,0.3,90.78209060806034,0.5,0,1,1.0,0.37
30TH AV,CAMOSUN ST,CROWN ST,FAIR,2163.1,0.013,0.5,0,0.5,90.47464760712239,0.5,0,1,1.0,0.397
20TH AV,MACKENZIE ST,MACDONALD ST,VERY POOR,2414.0,0.008,0.95,0,0.95,90.52068939659415,0.5,0,1,1.0,0.475
BLENHEIM ST,8TH AV,7TH AV,GOOD,1215.3,0.088,0.3,0,0.3,1.5759528515195598,0.8,0,1,1.0,0.448
50TH AV,NEAL ST,TISDALL ST,POOR,791.5,0.205,0.8,0,0.8,93.34856746329075,0.5,0,1,1.0,0.479
BIRCH ST,13TH AV,12TH AV,GOOD,407.8,0.442,0.3,0,0.3,1.488532701444683,0.8,0,1,1.0,0.501
CASSIAR ST,NAPIER ST,ADANAC ST,GOOD,267.8,0.585,0.3,0,0.3,356.7063615196181,0.8,0,1,1.0,0.523
60TH AV,BORDEN ST,ARGYLE ST,VERY GOOD,741.0,0.227,0.1,0,0.1,91.74692201040995,0.5,0,1,1.0,0.358
68TH AV,CORNISH ST,GRANVILLE ST,VERY POOR,705.6,0.244,0.95,0,0.95,91.53742103270633,0.5,0,1,1.0,0.511
46TH AV,BROOKS ST,BUTLER ST,FAIR,1523.9,0.047,0.5,0,0.5,90.34410122047672,0.5,0,1,1.0,0.402
ANGUS DR,51ST AV,50TH AV,VERY GOOD,1195.8,0.091,0.1,0,0.1,1.540061537036138,0.8,0,1,1.0,0.413
12TH AV,GRANVILLE ST,HEMLOCK ST,GOOD,483.8,0.38,0.3,0,0.3,91.48530991602468,0.5,0,1,1.0,0.417
5TH AV,LAKEWOOD DRIVE,TEMPLETON DRIVE,FAIR,578.9,0.314,0.5,0,0.5,90.64973012494386,0.5,0,1,1.0,0.442
COMMERCIAL ST,35TH AV,34TH AV,VERY GOOD,1300.7,0.074,0.1,0,0.1,1.3565933056129893,0.8,0,1,1.0,0.41
31ST AV,WINDSOR ST,ELGIN ST,FAIR,1615.6,0.04,0.5,0,0.5,90.77991958805819,0.5,0,1,1.0,0.401
20TH AV,LAUREL ST,WILLOW ST,VERY POOR,708.2,0.243,0.95,0,0.95,91.73323158311155,0.5,0,1,1.0,0.511
CAMBRIDGE ST,WEST END,TEMPLETON DRIVE,POOR,1397.5,0.061,0.8,0,0.8,90.24075077959048,0.5,0,1,1.0,0.457
50TH AV,FREDERICK ST,FRASER ST,FAIR,1040.4,0.125,0.5,0,0.5,91.48112401720812,0.5,0,1,1.0,0.414
37TH AV,CONNAUGHT DRIVE,GRANVILLE ST,NO DATA,170.8,0.711,0.5,1,0.4,91.37935282264124,0.5,0,1,1.0,0.484
44TH AV,MANITOBA ST,ONTARIO ST,POOR,535.0,0.343,0.8,0,0.8,92.43110549907976,0.5,0,1,1.0,0.499
13TH AV,BLENHEIM ST,TRUTCH ST,NO DATA,1536.9,0.046,0.5,1,0.4,91.486907962889,0.5,0,1,1.0,0.384
BIDWELL ST,COMOX ST,NELSON ST,VERY POOR,533.1,0.344,0.95,0,0.95,44.71835107238218,0.8,0,1,1.0,0.601
BALMORAL ST,56TH AV,55TH AV,GOOD,1276.6,0.078,0.3,0,0.3,1.0906870829669515,0.8,0,1,1.0,0.446
4TH AV,NW MARINE DRIVE,WALLACE ST,VERY POOR,166.5,0.717,0.95,0,0.95,90.82172900765158,0.5,0,1,1.0,0.582
18TH AV,TRAFALGAR ST,LARCH ST,POOR,2294.9,0.01,0.8,0,0.8,91.63737923739347,0.5,0,1,1.0,0.449
BELLEVUE DR,3RD AV,SASAMAT ST,NO DATA,779.3,0.21,0.5,1,0.4,152.89969814547976,0.2,0,1,1.0,0.334
21ST AV,VINE ST,YEW ST,VERY POOR,1978.7,0.019,0.95,0,0.95,91.52865682606478,0.5,0,1,1.0,0.477
48TH AV,COLUMBIA ST,MANITOBA ST,GOOD,148.0,0.744,0.3,0,0.3,91.67857291332365,0.5,0,1,1.0,0.472
40TH AV,YEW ST,WEST BOULEVARD,NO DATA,1372.7,0.064,0.5,1,0.4,91.43419907060638,0.5,0,1,1.0,0.387
16TH AV,MONTCALM ST / RICHELIEU AV,OAK ST,VERY POOR,454.4,0.403,0.95,0,0.95,88.91282796912424,0.5,0,1,1.0,0.535
27TH AV,SKEENA ST,BOUNDARY ROAD,VERY POOR,215.7,0.65,0.95,0,0.95,90.74398686082634,0.5,0,1,1.0,0.572
ALEXANDRA ST,28TH AV,NANTON AV,VERY POOR,717.2,0.238,0.95,0,0.95,1.4509207089903384,0.8,0,1,1.0,0.585
43RD AV,CLARENDON ST,EAST END,VERY GOOD,765.2,0.216,0.1,0,0.1,90.42635220930043,0.5,0,1,1.0,0.357
22ND AV,BEATRICE ST,ALICE ST,FAIR,525.0,0.35,0.5,0,0.5,90.90202709674088,0.5,0,1,1.0,0.448
BRIGADOON AV,VICTORIA DRIVE,DUFF ST,GOOD,1018.2,0.13,0.3,0,0.3,91.42827562786277,0.5,0,1,1.0,0.379
54TH AV,ADERA ST,CHURCHILL ST,POOR,1364.0,0.065,0.8,0,0.8,91.22717679974807,0.5,0,1,1.0,0.458
46TH AV,KIRKLAND ST,BOUNDARY ROAD,FAIR,1812.1,0.027,0.5,0,0.5,90.42661383115995,0.5,0,1,1.0,0.399
BALSAM ST,45TH AV,43RD AV,VERY GOOD,844.3,0.185,0.1,0,0.1,1.5547055342173053,0.8,0,1,1.0,0.427
11TH AV,CLARK DRIVE,WOODLAND DRIVE,VERY GOOD,838.3,0.187,0.1,0,0.1,90.75203861499074,0.5,0,1,1.0,0.352
CHAMPLAIN CRES,MARQUETTE CRESCENT,MARQUETTE CRESCENT,VERY GOOD,229.0,0.633,0.1,0,0.1,353.0166308661261,0.8,0,1,1.0,0.495
39TH AV,VINE ST,YEW ST,NO DATA,1463.0,0.054,0.5,1,0.4,91.42325009359786,0.5,0,1,1.0,0.385
8TH AV,LAKEWOOD DRIVE,GARDEN DRIVE,POOR,258.4,0.596,0.8,0,0.8,90.68963980688545,0.5,0,1,1.0,0.538
19TH AV,MACDONALD ST,TRAFALGAR ST,FAIR,2469.7,0.007,0.5,0,0.5,90.54828043537032,0.5,0,1,1.0,0.396
34TH AV,HIGHGATE ST,ST. MARGARETS ST,FAIR,448.6,0.408,0.5,0,0.5,90.5310398641139,0.5,0,1,1.0,0.456
21ST AV,MACKENZIE ST,MACDONALD ST,POOR,2486.9,0.007,0.8,0,0.8,90.51620673618032,0.5,0,1,1.0,0.449
39TH AV,COLLINGWOOD ST,BLENHEIM ST,VERY GOOD,942.4,0.152,0.1,0,0.1,90.54539159044509,0.5,0,1,1.0,0.347
ADANAC ST,LILLOOET ST,WINDERMERE ST,FAIR,464.1,0.395,0.5,0,0.5,90.16329358273913,0.5,0,1,1.0,0.454
63RD AV,PRINCE ALBERT ST,WINDSOR ST,VERY POOR,602.5,0.3,0.95,0,0.95,91.65407678645948,0.5,0,1,1.0,0.519
BALSAM ST,47TH AV,45TH AV,GOOD,655.1,0.27,0.3,0,0.3,1.5414636145171698,0.8,0,1,1.0,0.475
32ND AV,VICTORIA DRIVE,LITTLE ST,VERY GOOD,1062.5,0.119,0.1,0,0.1,90.61212266988105,0.5,0,1,1.0,0.342
75TH AV,NORTHWEST END,ANGUS DRIVE,VERY GOOD,51.0,0.903,0.1,0,0.1,131.5652793697904,0.5,0,1,1.0,0.46
33RD AV,WINDSOR ST,ELGIN ST,FAIR,1538.4,0.046,0.5,0,0.5,90.62849722223558,0.5,0,1,1.0,0.402
8TH AV,KINGSWAY,SCOTIA ST,GOOD,690.5,0.251,0.3,0,0.3,91.68136861064801,0.5,0,1,1.0,0.397
49TH AV,SHERBROOKE ST,INVERNESS ST,FAIR,1804.0,0.027,0.5,0,0.5,91.63762267184632,0.5,0,1,1.0,0.399
ALMA ST,48TH AV,SW MARINE DRIVE,VERY POOR,476.3,0.386,0.95,0,0.95,1.0254412730736249,0.8,0,1,1.0,0.607
47TH AV,VINE ST,YEW ST,NO DATA,707.9,0.243,0.5,1,0.4,91.49275238657094,0.5,0,1,1.0,0.414
13TH AV,MAPLE ST,CYPRESS ST,NO DATA,1259.3,0.081,0.5,1,0.4,91.54233200688901,0.5,0,1,1.0,0.389
6TH AV,BRUNSWICK ST,PRINCE EDWARD ST,VERY GOOD,607.0,0.297,0.1,0,0.1,91.63621742522014,0.5,0,1,1.0,0.369
CARRALL ST,CORDOVA ST,ALEXANDER ST / POWELL ST,GOOD,306.9,0.541,0.3,0,0.3,10.437485695207272,0.8,0,1,1.0,0.516
BIDWELL ST,NELSON ST,BARCLAY ST,VERY POOR,424.8,0.428,0.95,0,0.95,44.729966637744724,0.8,0,1,1.0,0.614
64TH AV,CAMBIE ST,YUKON ST,POOR,95.8,0.826,0.8,0,0.8,91.3589799890525,0.5,0,1,1.0,0.572
ASH ST,16TH AV,NORTH END,GOOD,399.6,0.45,0.3,0,0.3,1.390145454038759,0.8,0,1,1.0,0.502
29TH AV,MARGUERITE ST,ALEXANDRA ST,FAIR,624.5,0.287,0.5,0,0.5,91.46389824735706,0.5,0,1,1.0,0.438
BORDEN ST,63RD AV,62ND AV,FAIR,459.1,0.399,0.5,0,0.5,0.6197728365039552,0.8,0,1,1.0,0.53
30TH AV,SOPHIA ST,JOHN ST,POOR,667.2,0.263,0.8,0,0.8,91.6429624743962,0.5,0,1,1.0,0.487
39TH AV,WALLACE ST,OLYMPIC ST,FAIR,1171.4,0.096,0.5,0,0.5,90.39036512053673,0.5,0,1,1.0,0.409
CHARLES ST,TEMPLETON DRIVE,GARDEN DRIVE,GOOD,1272.6,0.078,0.3,0,0.3,90.7740100249801,0.5,0,1,1.0,0.371
33RD AV,SHERBROOKE ST,CULLODEN ST,POOR,1780.8,0.028,0.8,0,0.8,90.51428957903721,0.5,0,1,1.0,0.452
CARRALL ST,SOUTH END,PACIFIC BOULEVARD,POOR,193.9,0.678,0.8,0,0.8,1.6736693702886214,0.8,0,1,1.0,0.625
30TH AV,COLLINGWOOD ST,BLENHEIM ST,NO DATA,1919.2,0.022,0.5,1,0.4,90.50299294193769,0.5,0,1,1.0,0.38
COMMERCIAL DR,GRANT ST,KITCHENER ST,FAIR,1360.4,0.066,0.5,0,0.5,0.8408392531362097,0.8,0,1,1.0,0.48
ARBUTUS DIVERSION,ARBUTUS ST,53RD AV / ARBUTUS ST,VERY POOR,612.2,0.294,0.95,0,0.95,321.1355569802269,0.8,0,1,1.0,0.594
ADANAC ST,RUPERT ST,CASSIAR ST,POOR,495.3,0.371,0.8,0,0.8,90.17038548747064,0.5,0,1,1.0,0.504
47TH AV,COMMERCIAL ST,BEATRICE ST,VERY POOR,1620.8,0.039,0.95,0,0.95,91.30113304792724,0.5,0,1,1.0,0.48
3RD AV,BLENHEIM ST,TRUTCH ST,VERY GOOD,1129.2,0.105,0.1,0,0.1,91.52815154518134,0.5,0,1,1.0,0.34
53RD AV,ONTARIO ST,QUEBEC ST,VERY POOR,292.5,0.557,0.95,0,0.95,91.98447597126756,0.5,0,1,1.0,0.558
20TH AV,VALLEY DRIVE,BALSAM ST,FAIR,2306.6,0.01,0.5,0,0.5,91.52756876208605,0.5,0,1,1.0,0.396
10TH AV,ALMA ST,DUNBAR ST,VERY GOOD,918.5,0.159,0.1,0,0.1,91.52538614758384,0.5,0,1,1.0,0.348
ABERDEEN ST,VANNESS AV N,WELLINGTON AV,FAIR,676.5,0.258,0.5,0,0.5,33.37084935298583,0.8,0,1,1.0,0.509
52ND AV,WEST END,ASH ST,GOOD,519.2,0.354,0.3,0,0.3,91.54500648109791,0.5,0,1,1.0,0.413
1ST AV,DUNBAR ST,COLLINGWOOD ST,POOR,707.2,0.243,0.8,0,0.8,91.54803254441532,0.5,0,1,1.0,0.484
24TH AV,PENTICTON ST,SLOCAN ST,POOR,911.5,0.162,0.8,0,0.8,90.06002558818238,0.5,0,1,1.0,0.472
39TH AV,CROWN ST,HOLLAND ST,FAIR,1298.4,0.075,0.5,0,0.5,90.39178187258187,0.5,0,1,1.0,0.406
22ND AV,CAMBIE ST,YUKON ST,POOR,706.6,0.243,0.8,0,0.8,93.09565514368302,0.5,0,1,1.0,0.484
18TH AV,WILLOW ST,HEATHER ST,GOOD,508.2,0.362,0.3,0,0.3,91.90033973715401,0.5,0,1,1.0,0.414
43RD AV,COMMERCIAL ST,BEATRICE ST,GOOD,1416.6,0.059,0.3,0,0.3,91.31188644530482,0.5,0,1,1.0,0.368
62ND AV,COLUMBIA ST,MANITOBA ST,VERY POOR,159.6,0.727,0.95,0,0.95,91.35199564060991,0.5,0,1,1.0,0.584
CHARLES ST,SALSBURY DRIVE,VICTORIA DRIVE,POOR,1467.6,0.053,0.8,0,0.8,90.6051134442597,0.5,0,1,1.0,0.456
55TH AV,ARGYLE ST,COMMERCIAL ST,GOOD,1260.3,0.08,0.3,0,0.3,78.1681792891269,0.5,0,1,1.0,0.372
ASH ST,7TH AV,NORTH END,FAIR,173.3,0.707,0.5,0,0.5,0.8848219110043374,0.8,0,1,1.0,0.576
29TH AV,CROWN ST,CHALDECOTT ST,FAIR,2214.8,0.012,0.5,0,0.5,90.54357049487163,0.5,0,1,1.0,0.397
54TH AV,MARGUERITE ST,ADERA ST,FAIR,1258.6,0.081,0.5,0,0.5,91.27049351233569,0.5,0,1,1.0,0.407
ADANAC ST,TEMPLETON DRIVE,GARDEN DRIVE,GOOD,1231.5,0.085,0.3,0,0.3,90.71695384125042,0.5,0,1,1.0,0.372
BAYSHORE DR,DENMAN ST,CARDERO ST,VERY GOOD,20.1,0.961,0.1,0,0.1,123.47774589242198,0.5,0,1,1.0,0.469
43RD AV,EAST BOULEVARD,MAPLE ST,VERY POOR,1253.7,0.081,0.95,0,0.95,91.46149372092725,0.5,0,1,1.0,0.487
40TH AV,CLARENDON ST,WALES ST,VERY GOOD,417.6,0.434,0.1,0,0.1,90.51979097238637,0.5,0,1,1.0,0.39
COLUMBIA ST,BROADWAY,8TH AV,FAIR,613.1,0.293,0.5,0,0.5,0.15805345236435642,0.8,0,1,1.0,0.514
5TH AV,RENFREW ST,NOOTKA ST,VERY POOR,744.1,0.226,0.95,0,0.95,90.34273473318609,0.5,0,1,1.0,0.508
6TH AV,BALSAM ST,VINE ST,VERY GOOD,1366.4,0.065,0.1,0,0.1,91.49472566594198,0.5,0,1,1.0,0.334
19TH AV,LAUREL ST,WILLOW ST,FAIR,607.8,0.297,0.5,0,0.5,91.68633176276643,0.5,0,1,1.0,0.44
CASSIAR ST,5TH AV,4TH AV,VERY POOR,403.0,0.447,0.95,0,0.95,359.9780990918151,0.8,0,1,1.0,0.617
61ST AV,WINDSOR ST,ROSS ST,GOOD,760.1,0.219,0.3,0,0.3,92.11797079268285,0.5,0,1,1.0,0.392
22ND AV,YEW ST,ARBUTUS ST,VERY POOR,1770.2,0.029,0.95,0,0.95,91.53466537732538,0.5,0,1,1.0,0.479
CHILCO ST,HARO ST,LAGOON DRIVE / ROBSON ST,VERY GOOD,101.8,0.816,0.1,0,0.1,44.72391417716136,0.8,0,1,1.0,0.522
ARGYLE DR,BRAEBURN ST,VICTORIA DRIVE,FAIR,1180.0,0.094,0.5,0,0.5,60.43017624189616,0.5,0,1,1.0,0.409
67TH AV,SHAUGHNESSY ST,FREMLIN ST,VERY POOR,862.4,0.178,0.95,0,0.95,91.47123631558986,0.5,0,1,1.0,0.501
14TH AV,LILLOOET ST,WINDERMERE ST,VERY POOR,163.5,0.721,0.95,0,0.95,89.41096251239611,0.5,0,1,1.0,0.583
BAYSWATER ST,6TH AV,5TH AV,GOOD,1631.4,0.038,0.3,0,0.3,1.4619324796879027,0.8,0,1,1.0,0.44
47TH AV,PRINCE ALBERT ST,ST. CATHERINES ST,GOOD,1343.7,0.068,0.3,0,0.3,91.19609127239636,0.5,0,1,1.0,0.37
33RD AV,HUDSON ST,SELKIRK ST,POOR,93.2,0.83,0.8,0,0.8,93.37908773209597,0.5,0,1,1.0,0.573
BOUNDARY RD,TRIUMPH ST,DUNDAS ST,GOOD,1002.7,0.135,0.3,0,0.3,0.43057097402294175,0.8,0,1,1.0,0.455
10TH AV,ST. GEORGE ST,CAROLINA ST,VERY GOOD,1123.0,0.106,0.1,0,0.1,90.78013752890729,0.5,0,1,1.0,0.34
COLLINGWOOD ST,43RD AV,42ND AV,VERY GOOD,564.6,0.323,0.1,0,0.1,0.3491278235224513,0.8,0,1,1.0,0.448
BLANCA ST,11TH AV,10TH AV,POOR,1418.0,0.059,0.8,0,0.8,1.5245278387561711,0.8,0,1,1.0,0.532
ASH ST,21ST AV,20TH AV,VERY GOOD,774.7,0.212,0.1,0,0.1,1.3220651065720403,0.8,0,1,1.0,0.431
ANGUS DR,29TH AV,NANTON AV,FAIR,833.8,0.189,0.5,0,0.5,346.9723404628002,0.8,0,1,1.0,0.498
13TH AV,TRAFALGAR ST,LARCH ST,NO DATA,2014.0,0.018,0.5,1,0.4,91.5056233644699,0.5,0,1,1.0,0.38
CARNARVON ST,28TH AV,27TH AV,VERY GOOD,2190.6,0.013,0.1,0,0.1,0.4962434597712786,0.8,0,1,1.0,0.401
2ND AV,MAIN ST,LORNE ST,FAIR,122.0,0.784,0.5,0,0.5,124.10381772837434,0.5,0,1,1.0,0.513
BALDWIN ST,GALT ST,BROCK ST,POOR,831.2,0.19,0.8,0,0.8,22.423202744065122,0.8,0,1,1.0,0.551
COLUMBIA ST,20TH AV,19TH AV,GOOD,943.9,0.151,0.3,0,0.3,1.7644166562047872,0.8,0,1,1.0,0.457
30TH AV,PRINCE ALBERT ST,ST. CATHERINES ST,POOR,1368.0,0.065,0.8,0,0.8,90.4662874744156,0.5,0,1,1.0,0.458
43RD AV,KILLARNEY ST,RUPERT ST,VERY POOR,793.8,0.204,0.95,0,0.95,90.16054010728436,0.5,0,1,1.0,0.505
32ND AV,SELKIRK ST,OSLER ST,VERY POOR,238.0,0.621,0.95,0,0.95,109.3236863373557,0.5,0,1,1.0,0.568
57TH AV,ROSS ST,SHERBROOKE ST,VERY POOR,1103.9,0.11,0.95,0,0.95,90.7161638541923,0.5,0,1,1.0,0.491
18TH AV,MANITOBA ST,ONTARIO ST,VERY POOR,1205.6,0.09,0.95,0,0.95,91.73960154796214,0.5,0,1,1.0,0.488
22ND AV,GLENDALE ST,BOUNDARY ROAD,FAIR,756.8,0.22,0.5,0,0.5,90.83567081408376,0.5,0,1,1.0,0.428
13TH AV,WATERLOO ST,BLENHEIM ST,NO DATA,1433.3,0.057,0.5,1,0.4,91.4082560303845,0.5,0,1,1.0,0.386
32ND AV,WEST END,MAIN ST,VERY GOOD,331.5,0.515,0.1,0,0.1,91.6578753030135,0.5,0,1,1.0,0.402
37TH AV,OAK ST,WILLOW ST,FAIR,190.1,0.684,0.5,0,0.5,93.08745139261839,0.5,0,1,1.0,0.498
16TH AV,MACDONALD ST,STEPHENS ST,FAIR,2278.6,0.01,0.5,0,0.5,91.4833110583977,0.5,0,1,1.0,0.396
27TH AV,PRINCE ALBERT ST,ST. CATHERINES ST,VERY POOR,1531.5,0.047,0.95,0,0.95,91.14109972408448,0.5,0,1,1.0,0.481
17TH AV,OAK ST,LAUREL ST,POOR,425.8,0.427,0.8,0,0.8,91.72138887110486,0.5,0,1,1.0,0.512
BALACLAVA ST,35TH AV,34TH AV,FAIR,1424.9,0.058,0.5,0,0.5,0.5649647466420902,0.8,0,1,1.0,0.479
5TH AV,ONTARIO ST,QUEBEC ST,FAIR,376.9,0.471,0.5,0,0.5,91.67022559731583,0.5,0,1,1.0,0.466
33RD AV,CARTIER ST,HUDSON ST,POOR,65.5,0.877,0.8,0,0.8,93.36874581508101,0.5,0,1,1.0,0.58
50TH AV,WINDSOR ST,ROSS ST,POOR,1528.9,0.047,0.8,0,0.8,91.06317341958396,0.5,0,1,1.0,0.455
32ND AV,MACKENZIE ST,MACDONALD ST,FAIR,1849.7,0.025,0.5,0,0.5,90.46383417786006,0.5,0,1,1.0,0.399
BUTLER ST,54TH AV,52ND AV,VERY POOR,818.2,0.195,0.95,0,0.95,1.3640672111199024,0.8,0,1,1.0,0.579
21ST AV,LANARK ST,DUMFRIES ST,VERY POOR,848.4,0.183,0.95,0,0.95,91.37899023769006,0.5,0,1,1.0,0.502
BELMONT AV,BLANCA ST,LANGARA AV,GOOD,599.7,0.301,0.3,0,0.3,91.5402668678044,0.5,0,1,1.0,0.405
CLARK DR,18TH AV,17TH AV,VERY GOOD,1053.6,0.122,0.1,0,0.1,1.4183853101806676,0.8,0,1,1.0,0.418
4TH AV,TRIMBLE ST,NW MARINE DRIVE,FAIR,276.3,0.575,0.5,0,0.5,92.58433727571571,0.5,0,1,1.0,0.482
8TH AV,WEST END,VICTORIA DRIVE,VERY GOOD,689.7,0.252,0.1,0,0.1,90.71669337780577,0.5,0,1,1.0,0.362
17TH AV,WATSON ST,SOPHIA ST,FAIR,1511.5,0.049,0.5,0,0.5,90.4500561451045,0.5,0,1,1.0,0.402
18TH AV,ONTARIO ST,QUEBEC ST,VERY POOR,1262.6,0.08,0.95,0,0.95,91.62662992833248,0.5,0,1,1.0,0.486
21ST AV,BALSAM ST,VINE ST,POOR,2109.2,0.015,0.8,0,0.8,91.51028290222479,0.5,0,1,1.0,0.45
ANGUS DR,SW MARINE DRIVE,68TH AV,VERY GOOD,317.4,0.53,0.1,0,0.1,7.55991063318595,0.8,0,1,1.0,0.479
ARGYLE ST,55TH AV,53RD AV,VERY POOR,1260.2,0.08,0.95,0,0.95,1.6027693360252329,0.8,0,1,1.0,0.561
15TH AV,YEW ST,ARBUTUS ST,FAIR,1655.9,0.036,0.5,0,0.5,91.49187392603454,0.5,0,1,1.0,0.4
8TH AV,QUEBEC ST,MAIN ST,GOOD,675.2,0.259,0.3,0,0.3,91.64477008670724,0.5,0,1,1.0,0.399
66TH AV,HEATHER ST,ASH ST,GOOD,338.4,0.508,0.3,0,0.3,91.24677881516811,0.5,0,1,1.0,0.436
42ND AV,VICTORIA DRIVE,GLADSTONE ST,VERY GOOD,1029.5,0.128,0.1,0,0.1,90.75410606457785,0.5,0,1,1.0,0.343
CAMBRIDGE ST,SLOCAN ST,KASLO ST,GOOD,478.8,0.384,0.3,0,0.3,90.03797719616853,0.5,0,1,1.0,0.417
50TH AV,MAPLE ST,LABURNUM ST,POOR,975.0,0.142,0.8,0,0.8,91.1238198206313,0.5,0,1,1.0,0.469
49TH AV,CHURCHILL ST,GRANVILLE ST,VERY GOOD,1267.5,0.079,0.1,0,0.1,91.21698702803008,0.5,0,1,1.0,0.336
35TH AV,CAMBIE ST,KERSLAND DRIVE,FAIR,230.5,0.631,0.5,0,0.5,53.69707476819286,0.5,0,1,1.0,0.49
ARLINGTON ST,PETERSHAM AV,46TH AV,GOOD,1662.9,0.036,0.3,0,0.3,1.0426533669166247,0.8,0,1,1.0,0.44
5TH AV,MACDONALD ST,STEPHENS ST,POOR,1829.5,0.026,0.8,0,0.8,91.44844354423674,0.5,0,1,1.0,0.452
9TH AV,SASAMAT ST,PAVEMENT CHANGE,FAIR,977.1,0.142,0.5,0,0.5,91.53091325096068,0.5,0,1,1.0,0.416
14TH AV,PINE ST,FIR ST,POOR,877.9,0.173,0.8,0,0.8,91.54537585248977,0.5,0,1,1.0,0.474
31ST AV,COLLINGWOOD ST,BLENHEIM ST,FAIR,1813.7,0.027,0.5,0,0.5,90.5172447188246,0.5,0,1,1.0,0.399
20TH AV,OAK ST,LAUREL ST,FAIR,719.1,0.237,0.5,0,0.5,91.73295821860017,0.5,0,1,1.0,0.431
COMMERCIAL DR,13TH AV,12TH AV,FAIR,501.7,0.367,0.5,0,0.5,0.7872473864832727,0.8,0,1,1.0,0.525
46TH AV,OAK ST,FREMLIN ST,VERY GOOD,1070.4,0.118,0.1,0,0.1,93.14210122038838,0.5,0,1,1.0,0.342
ALMA ST,5TH AV,4TH AV,POOR,570.0,0.32,0.8,0,0.8,1.5320669002524596,0.8,0,1,1.0,0.571
63RD AV,MANITOBA ST,ONTARIO ST,POOR,278.6,0.573,0.8,0,0.8,90.88787773463775,0.5,0,1,1.0,0.534
34TH AV,WEST END,PRINCE EDWARD ST,FAIR,455.3,0.402,0.5,0,0.5,91.7461031615137,0.5,0,1,1.0,0.455
BROUGHTON ST,ALBERNI ST,PENDER ST,GOOD,184.3,0.692,0.3,0,0.3,44.7533716489184,0.8,0,1,1.0,0.539
45TH AV,ROSS ST,SHERBROOKE ST,FAIR,1755.7,0.03,0.5,0,0.5,91.16559682296878,0.5,0,1,1.0,0.399
BAYSWATER ST,3RD AV,2ND AV,GOOD,1609.1,0.04,0.3,0,0.3,2.203340557244985,0.8,0,1,1.0,0.441
73RD AV,CARTIER ST,MONTCALM ST,FAIR,394.5,0.454,0.5,0,0.5,118.78203372460456,0.5,0,1,1.0,0.463
71ST AV,FRENCH ST,CARTIER ST,VERY POOR,492.0,0.374,0.95,0,0.95,91.43166788874106,0.5,0,1,1.0,0.531
6TH AV,HEMLOCK ST,4TH AV,VERY GOOD,260.2,0.594,0.1,0,0.1,87.26862602854499,0.5,0,1,1.0,0.414
15TH AV,KASLO ST,RENFREW ST,GOOD,333.6,0.513,0.3,0,0.3,90.5456774355738,0.5,0,1,1.0,0.437
ASH ST,41ST AV,39TH AV,GOOD,722.6,0.236,0.3,0,0.3,1.3681586373844539,0.8,0,1,1.0,0.47
37TH AV,BLENHEIM ST,BALACLAVA ST,FAIR,1184.6,0.094,0.5,0,0.5,90.47651245520535,0.5,0,1,1.0,0.409
2ND AV,DRUMMOND DRIVE,BLANCA ST,FAIR,521.6,0.352,0.5,0,0.5,86.30954971878174,0.5,0,1,1.0,0.448
19TH AV,VALLEY DRIVE,BALSAM ST,VERY POOR,2252.3,0.011,0.95,0,0.95,91.53003062745802,0.5,0,1,1.0,0.476
67TH AV,FREMLIN ST,LAUREL ST,VERY POOR,762.9,0.217,0.95,0,0.95,91.31987521548945,0.5,0,1,1.0,0.507
46TH AV,ST. CLAIR PLACE,OLYMPIC ST,VERY GOOD,755.5,0.221,0.1,0,0.1,90.5739302599024,0.5,0,1,1.0,0.358
47TH AV,ST. GEORGE ST,FRASER ST,VERY POOR,911.4,0.162,0.95,0,0.95,91.5344238303303,0.5,0,1,1.0,0.499
COMMERCIAL DR,PANDORA ST,POWELL ST,POOR,1512.1,0.049,0.8,0,0.8,0.8690217728128573,0.8,0,1,1.0,0.53
CHARLES ST,LILLOOET ST,HAZELTON ST,VERY POOR,528.1,0.348,0.95,0,0.95,90.15389732489115,0.5,0,1,1.0,0.527
37TH AV,CARTIER ST,HUDSON ST,NO DATA,28.4,0.945,0.5,1,0.4,93.08260659569498,0.5,0,1,1.0,0.52
31ST AV,FRASER ST,PRINCE ALBERT ST,GOOD,1176.6,0.095,0.3,0,0.3,90.70913477248831,0.5,0,1,1.0,0.374
BLENHEIM ST,40TH AV,MAYFAIR AV,VERY GOOD,865.8,0.177,0.1,0,0.1,0.42984938688994134,0.8,0,1,1.0,0.426
64TH AV,PRINCE ALBERT ST,WINDSOR ST,FAIR,509.6,0.361,0.5,0,0.5,90.36556187610825,0.5,0,1,1.0,0.449
16TH AV,QUEBEC ST,WATSON ST,POOR,1307.8,0.073,0.8,0,0.8,91.64614312793333,0.5,0,1,1.0,0.459
54TH AV,SW MARINE DRIVE,BEECHWOOD ST,POOR,370.4,0.477,0.8,0,0.8,91.08041850975496,0.5,0,1,1.0,0.52
CARDERO ST,BEACH AV,HARWOOD ST,VERY POOR,597.4,0.303,0.95,0,0.95,44.613121100533306,0.8,0,1,1.0,0.595
10TH AV,GLEN DRIVE,KEITH DRIVE,VERY GOOD,1267.2,0.079,0.1,0,0.1,90.77384191526778,0.5,0,1,1.0,0.336
CAROLINA ST,KING EDWARD AV,23RD AV,VERY POOR,1431.1,0.057,0.95,0,0.95,1.4362872611794728,0.8,0,1,1.0,0.558
26TH AV,HEATHER ST,ASH ST,FAIR,475.8,0.386,0.5,0,0.5,91.63120935201596,0.5,0,1,1.0,0.453
43RD AV,VINE ST,YEW ST,POOR,1074.8,0.117,0.8,0,0.8,91.38758666944926,0.5,0,1,1.0,0.465
33RD AV,CONNAUGHT DRIVE,GRANVILLE ST,VERY GOOD,244.3,0.614,0.1,0,0.1,91.49344505267953,0.5,0,1,1.0,0.417
ANGUS DR,40TH AV,38TH AV,VERY GOOD,774.7,0.212,0.1,0,0.1,1.4995912299574456,0.8,0,1,1.0,0.431
BONNYVALE AV,STIRLING ST,NANAIMO ST,VERY POOR,874.1,0.174,0.95,0,0.95,90.63964144151737,0.5,0,1,1.0,0.5
ABERDEEN ST,FOSTER AV,CROWLEY DRIVE,GOOD,982.9,0.14,0.3,0,0.3,6.863277908541306,0.8,0,1,1.0,0.456
50TH AV,SELKIRK ST,MONTGOMERY ST,VERY GOOD,1410.1,0.06,0.1,0,0.1,91.35883824145623,0.5,0,1,1.0,0.333
23RD AV,DUNBAR ST,COLLINGWOOD ST,VERY POOR,2113.7,0.015,0.95,0,0.95,90.52810834426782,0.5,0,1,1.0,0.476
55TH AV,BALACLAVA ST,CARNARVON ST,VERY POOR,25.4,0.95,0.95,0,0.95,91.07761891949144,0.5,0,1,1.0,0.618
36TH AV,CULLODEN ST,KNIGHT ST,POOR,1902.0,0.022,0.8,0,0.8,91.48498498652617,0.5,0,1,1.0,0.451
12TH AV,VICTORIA DRIVE,SEMLIN DRIVE,POOR,255.4,0.6,0.8,0,0.8,90.1750994665648,0.5,0,1,1.0,0.538
29TH AV,SKEENA ST,CARIBOO ST,FAIR,49.7,0.905,0.5,0,0.5,90.87158947773815,0.5,0,1,1.0,0.531
18TH AV,KASLO ST,RENFREW ST,POOR,538.2,0.341,0.8,0,0.8,90.53658153075622,0.5,0,1,1.0,0.499
BENTALL ST,CORNETT ROAD,NORTH END,VERY POOR,169.2,0.713,0.95,0,0.95,0.21392860809726244,0.8,0,1,1.0,0.657
62ND AV,KINROSS ST,SPARBROOK CRESCENT,GOOD,171.5,0.71,0.3,0,0.3,95.0925310516908,0.5,0,1,1.0,0.467
24TH AV,PRINCE ALBERT ST,ST. CATHERINES ST,POOR,1702.8,0.033,0.8,0,0.8,91.47149010542557,0.5,0,1,1.0,0.453
BROUGHTON ST,ROBSON ST,ALBERNI ST,FAIR,281.8,0.569,0.5,0,0.5,44.75337859907967,0.8,0,1,1.0,0.556
COLLINGWOOD ST,8TH AV,7TH AV,POOR,950.5,0.149,0.8,0,0.8,1.1532615299129247,0.8,0,1,1.0,0.545
CARTIER ST,57TH AV,55TH AV,VERY POOR,1611.7,0.04,0.95,0,0.95,1.6109610782714867,0.8,0,1,1.0,0.555
12TH AV,PINE ST,FIR ST,VERY GOOD,751.3,0.223,0.1,0,0.1,91.52747615821875,0.5,0,1,1.0,0.358
5TH AV,TEMPLETON DRIVE,GARDEN DRIVE,GOOD,511.4,0.36,0.3,0,0.3,90.64864082147164,0.5,0,1,1.0,0.414
BALACLAVA ST,27TH AV,26TH AV,POOR,2257.0,0.011,0.8,0,0.8,0.4575523783444737,0.8,0,1,1.0,0.524
CHARLES ST,COTTON DRIVE,COMMERCIAL DRIVE,VERY POOR,1200.4,0.091,0.95,0,0.95,90.7364156357894,0.5,0,1,1.0,0.488
23RD AV,SOPHIA ST,PRINCE EDWARD ST,GOOD,1179.8,0.094,0.3,0,0.3,91.4276622377746,0.5,0,1,1.0,0.374
ADERA ST,49TH AV,47TH AV,VERY POOR,1145.4,0.101,0.95,0,0.95,1.474522520305925,0.8,0,1,1.0,0.564
35TH AV,FRASER ST,CHESTER ST,VERY GOOD,1117.1,0.107,0.1,0,0.1,91.36045138367535,0.5,0,1,1.0,0.34
1ST AV,MANITOBA ST,ONTARIO ST,POOR,95.8,0.826,0.8,0,0.8,91.68006069346376,0.5,0,1,1.0,0.572
43RD AV,ELM ST,LARCH ST,VERY GOOD,980.7,0.141,0.1,0,0.1,91.38674841429594,0.5,0,1,1.0,0.345
1ST AV,BLENHEIM ST,TRUTCH ST,FAIR,1134.7,0.103,0.5,0,0.5,91.97075079755695,0.5,0,1,1.0,0.41
37TH AV,FLEMING ST,ARGYLE ST,VERY POOR,1505.4,0.049,0.95,0,0.95,91.73270077247855,0.5,0,1,1.0,0.482
20TH AV,QUEBEC ST,MAIN ST,GOOD,1154.5,0.099,0.3,0,0.3,91.55163509791146,0.5,0,1,1.0,0.375
38TH AV,HUDSON ST,SELKIRK ST,POOR,205.5,0.663,0.8,0,0.8,93.116837209947,0.5,0,1,1.0,0.548
4TH AV,2ND AV,ALBERTA ST,VERY GOOD,306.4,0.542,0.1,0,0.1,96.06826651183002,0.5,0,1,1.0,0.406
BERKELEY ST,45TH AV,41ST AV,VERY POOR,737.9,0.229,0.95,0,0.95,0.8426529446082895,0.8,0,1,1.0,0.584
54TH AV,ROSS ST,INVERNESS ST,VERY POOR,1332.3,0.07,0.95,0,0.95,91.42434100083972,0.5,0,1,1.0,0.485
CLARENDON ST,BERKELEY ST,54TH AV,GOOD,809.8,0.198,0.3,0,0.3,33.42229554874797,0.8,0,1,1.0,0.464
29TH AV,EARLES ST / NOOTKA ST,MOSS ST,GOOD,815.3,0.196,0.3,0,0.3,90.39990370510628,0.5,0,1,1.0,0.389
8TH AV,MANITOBA ST,ONTARIO ST,GOOD,675.0,0.259,0.3,0,0.3,91.69169687823705,0.5,0,1,1.0,0.399
56TH AV,FLEMING ST,ARGYLE ST,GOOD,1135.1,0.103,0.3,0,0.3,90.56099072889623,0.5,0,1,1.0,0.375
35TH AV,BALACLAVA ST,CARNARVON ST,FAIR,1425.3,0.058,0.5,0,0.5,90.47461854904827,0.5,0,1,1.0,0.404
58TH AV,KERR ST,ROSEMONT DRIVE,GOOD,422.9,0.429,0.3,0,0.3,100.10911522590845,0.5,0,1,1.0,0.424
26TH AV,PRINCE EDWARD ST,BALKAN ST,FAIR,1086.4,0.114,0.5,0,0.5,91.07856945667868,0.5,0,1,1.0,0.412
ALMA ST,16TH AV,15TH AV,VERY POOR,1357.9,0.066,0.95,0,0.95,1.4875807111109225,0.8,0,1,1.0,0.559
CHARLES ST,ODLUM DRIVE,MCLEAN DRIVE,FAIR,887.2,0.17,0.5,0,0.5,90.99512780843384,0.5,0,1,1.0,0.42
33RD AV,YEW ST,YEW ST,POOR,1406.9,0.06,0.8,0,0.8,91.65975951415419,0.5,0,1,1.0,0.457
16TH AV,TRIMBLE ST,DISCOVERY ST,FAIR,1464.7,0.053,0.5,0,0.5,91.50399608786523,0.5,0,1,1.0,0.403
52ND AV,DOMAN ST,BROOKS ST,FAIR,1076.2,0.116,0.5,0,0.5,90.52167204798877,0.5,0,1,1.0,0.412
BATTISON ST,43RD AV,KINGSWAY,VERY POOR,1361.3,0.066,0.95,0,0.95,359.151768983054,0.8,0,1,1.0,0.559
ALBERTA ST,7TH AV,6TH AV,VERY GOOD,508.9,0.361,0.1,0,0.1,1.711133455972174,0.8,0,1,1.0,0.454
COMMERCIAL DR,5TH AV,4TH AV,FAIR,1078.6,0.116,0.5,0,0.5,0.8369520777586672,0.8,0,1,1.0,0.487
13TH AV,GLEN DRIVE,CLARK DRIVE,GOOD,1051.5,0.122,0.3,0,0.3,90.75757052097885,0.5,0,1,1.0,0.378
18TH AV,CAMOSUN ST,CROWN ST,POOR,1523.8,0.047,0.8,0,0.8,90.3988074734649,0.5,0,1,1.0,0.455
34TH AV,CARNARVON ST,MACKENZIE ST,VERY GOOD,1581.1,0.042,0.1,0,0.1,90.46735087088041,0.5,0,1,1.0,0.331
36TH AV,BLENHEIM ST,BALACLAVA ST,FAIR,1289.9,0.076,0.5,0,0.5,90.47871007604039,0.5,0,1,1.0,0.406
CASSIAR ST,4TH AV,3RD AV,VERY POOR,305.6,0.543,0.95,0,0.95,0.6229132052377508,0.8,0,1,1.0,0.631
16TH AV,PRINCE ALBERT ST,ST. CATHERINES ST,POOR,1606.3,0.04,0.8,0,0.8,91.45170260337181,0.5,0,1,1.0,0.454
5TH AV,KAMLOOPS ST,PENTICTON ST,VERY POOR,459.4,0.399,0.95,0,0.95,90.09509267977353,0.5,0,1,1.0,0.534
62ND AV,WINDSOR ST,ROSS ST,POOR,664.1,0.265,0.8,0,0.8,90.7268724523413,0.5,0,1,1.0,0.488
CAMOSUN ST,31ST AV,30TH AV,VERY GOOD,2187.2,0.013,0.1,0,0.1,0.3295847410531678,0.8,0,1,1.0,0.401
18TH AV,WINLAW PLACE,KASLO ST,FAIR,653.2,0.271,0.5,0,0.5,90.81349634781151,0.5,0,1,1.0,0.436
15TH AV,WOLFE AV,ALDER ST,POOR,690.9,0.251,0.8,0,0.8,84.69309585380017,0.5,0,1,1.0,0.486
3RD AV,VICTORIA DRIVE,SEMLIN DRIVE,VERY GOOD,913.0,0.161,0.1,0,0.1,90.71008038498218,0.5,0,1,1.0,0.349
32ND AV,GRANVILLE ST,HUDSON ST,VERY POOR,302.8,0.546,0.95,0,0.95,84.565118558329,0.5,0,1,1.0,0.557
16TH AV,CYPRESS ST,BURRARD ST,VERY GOOD,1273.1,0.078,0.1,0,0.1,91.51192269364799,0.5,0,1,1.0,0.336
45TH AV,CYPRESS ST,ANGUS DRIVE,NO DATA,1140.5,0.102,0.5,1,0.4,91.47481295823985,0.5,0,1,1.0,0.393
65TH AV,MAIN ST,SOPHIA ST,GOOD,717.1,0.238,0.3,0,0.3,92.17337130157978,0.5,0,1,1.0,0.395
58TH AV,KNIGHT ST,DUMFRIES ST,FAIR,931.8,0.155,0.5,0,0.5,90.64761217387752,0.5,0,1,1.0,0.418
26TH AV,HUDSON ST,SELKIRK ST,POOR,799.6,0.202,0.8,0,0.8,91.50691610592622,0.5,0,1,1.0,0.478
BOUNDARY RD,HASTINGS ST,FRANKLIN ST,FAIR,886.7,0.17,0.5,0,0.5,0.6847557788705672,0.8,0,1,1.0,0.495
13TH AV,BURRARD ST,PINE ST,GOOD,952.8,0.149,0.3,0,0.3,91.51008661313739,0.5,0,1,1.0,0.382
23RD AV,BALACLAVA ST,QUESNEL DRIVE,POOR,2401.1,0.008,0.8,0,0.8,90.48617111830538,0.5,0,1,1.0,0.449
44TH AV,COLUMBIA ST,MANITOBA ST,VERY GOOD,552.4,0.331,0.1,0,0.1,92.90293600028764,0.5,0,1,1.0,0.374
ASH ST,8TH AV,7TH AV,POOR,82.7,0.848,0.8,0,0.8,1.4976080497984299,0.8,0,1,1.0,0.651
37TH AV,BALACLAVA ST,CARNARVON ST,FAIR,1220.1,0.087,0.5,0,0.5,90.4760435278921,0.5,0,1,1.0,0.408
CEDAR CRES,PINE ST,FIR ST,GOOD,1050.3,0.122,0.3,0,0.3,66.76504932106366,0.5,0,1,1.0,0.378
30TH AV,NANAIMO ST,33RD AV,VERY GOOD,505.8,0.364,0.1,0,0.1,131.45501685821392,0.5,0,1,1.0,0.379
CHESTNUT ST,GREER AV,CREELMAN AV,POOR,274.0,0.578,0.8,0,0.8,1.6768920620282302,0.8,0,1,1.0,0.61
BROUGHTON ST,DAVIE ST,PENDRELL ST,POOR,441.8,0.413,0.8,0,0.8,44.76177569663315,0.8,0,1,1.0,0.585
30TH AV,FRASER ST,PRINCE ALBERT ST,POOR,1215.8,0.088,0.8,0,0.8,90.97477056926442,0.5,0,1,1.0,0.461
CHARLES ST,RENFREW ST,KELOWNA ST,POOR,891.4,0.168,0.8,0,0.8,90.16874136445529,0.5,0,1,1.0,0.473
ARBUTUS ST,12TH AV,11TH AV,FAIR,1356.4,0.066,0.5,0,0.5,1.538703351210188,0.8,0,1,1.0,0.48
12TH AV,WALLACE ST,HIGHBURY ST,FAIR,960.6,0.146,0.5,0,0.5,91.39304527360616,0.5,0,1,1.0,0.417
ASH ST,20TH AV,19TH AV,VERY GOOD,682.8,0.255,0.1,0,0.1,1.4013956855287688,0.8,0,1,1.0,0.438
BLENHEIM ST,3RD AV,2ND AV,VERY GOOD,1127.3,0.105,0.1,0,0.1,1.4783835130624539,0.8,0,1,1.0,0.415
13TH AV,CYPRESS ST,BURRARD ST,VERY GOOD,1102.9,0.11,0.1,0,0.1,91.54415446638654,0.5,0,1,1.0,0.341
19TH AV,MAIN ST,SOPHIA ST,FAIR,1343.3,0.068,0.5,0,0.5,91.37251547340759,0.5,0,1,1.0,0.405
54TH AV,RUPERT ST,LANCASTER ST,POOR,749.3,0.223,0.8,0,0.8,90.27577464831847,0.5,0,1,1.0,0.481
COMMERCIAL DR,VENABLES ST,ADANAC ST,GOOD,1251.8,0.082,0.3,0,0.3,0.6505499605283944,0.8,0,1,1.0,0.447
11TH AV,ST. CATHERINES ST,WINDSOR ST,GOOD,1504.8,0.049,0.3,0,0.3,90.77681071144212,0.5,0,1,1.0,0.367
52ND AV,FRASER ST,PRINCE ALBERT ST,VERY POOR,1162.4,0.098,0.95,0,0.95,90.50936972642387,0.5,0,1,1.0,0.489
14TH AV,CYPRESS ST,BURRARD ST,VERY POOR,1153.5,0.1,0.95,0,0.95,91.5299842979739,0.5,0,1,1.0,0.489
7TH AV,ALBERTA ST,COLUMBIA ST,VERY GOOD,529.6,0.347,0.1,0,0.1,91.76499728397539,0.5,0,1,1.0,0.377
52ND AV,GRANVILLE ST,CARTIER ST,FAIR,1576.6,0.043,0.5,0,0.5,91.35564809413506,0.5,0,1,1.0,0.401
32ND AV,FLEMING ST,ARGYLE ST,VERY GOOD,1528.4,0.047,0.1,0,0.1,90.95543727832188,0.5,0,1,1.0,0.331
29TH AV,WALDEN ST,SOPHIA ST,FAIR,695.2,0.249,0.5,0,0.5,91.47920124523205,0.5,0,1,1.0,0.432
ARBUTUS ST,10TH AV,BROADWAY,FAIR,1212.8,0.088,0.5,0,0.5,1.5470654421243353,0.8,0,1,1.0,0.483
39TH AV,KNIGHT ST,LANARK ST,GOOD,1836.2,0.025,0.3,0,0.3,90.93378990503527,0.5,0,1,1.0,0.363
71ST AV,CARTIER ST,MONTCALM ST,FAIR,563.7,0.324,0.5,0,0.5,91.42005253070289,0.5,0,1,1.0,0.444
COLLINGWOOD ST,38TH AV,37TH AV,GOOD,1097.6,0.111,0.3,0,0.3,0.5945319886694733,0.8,0,1,1.0,0.451
37TH AV,LARCH ST,BALSAM ST,GOOD,1609.0,0.04,0.3,0,0.3,91.49671497695982,0.5,0,1,1.0,0.366
COLLINGWOOD ST,SOUTH END,COLLINGWOOD PLACE,VERY GOOD,328.8,0.518,0.1,0,0.1,0.4235657377147959,0.8,0,1,1.0,0.477
ALDER ST,15TH AV,14TH AV,GOOD,600.8,0.301,0.3,0,0.3,1.4923867822200805,0.8,0,1,1.0,0.48
CARNARVON ST,43RD AV,42ND AV,NO DATA,744.5,0.226,0.5,1,0.4,0.5624110956801474,0.8,0,1,1.0,0.486
BIDWELL ST,DAVIE ST,PENDRELL ST,FAIR,756.7,0.22,0.5,0,0.5,46.60231868885319,0.5,0,1,1.0,0.428
26TH AV,BLENHEIM ST,BALACLAVA ST,VERY POOR,2343.3,0.009,0.95,0,0.95,90.47547979692558,0.5,0,1,1.0,0.476
ASH ST,63RD AV,62ND AV,POOR,399.0,0.45,0.8,0,0.8,1.4211410548178947,0.8,0,1,1.0,0.591
40TH AV,EARLES ST,DUNDEE ST,VERY POOR,413.9,0.437,0.95,0,0.95,89.92648940874301,0.5,0,1,1.0,0.54
BURRARD ST,16TH AV,15TH AV,VERY GOOD,1209.9,0.089,0.1,0,0.1,1.3497294579348136,0.8,0,1,1.0,0.413
28TH AV,ONTARIO ST,JAMES ST,FAIR,544.3,0.337,0.5,0,0.5,92.53029513516663,0.5,0,1,1.0,0.446
6TH AV,TRUTCH ST,BALACLAVA ST,GOOD,1318.1,0.072,0.3,0,0.3,91.44893128362287,0.5,0,1,1.0,0.37
63RD AV,LABURNUM ST,ANGUS DRIVE,VERY GOOD,494.6,0.372,0.1,0,0.1,91.11605734008413,0.5,0,1,1.0,0.38
COMOX ST,BUTE ST,THURLOW ST,GOOD,13.5,0.973,0.3,0,0.3,134.7952205065497,0.5,0,1,1.0,0.506
BROADWAY,8TH AV / WALLACE CRESCENT,HIGHBURY ST,NO DATA,570.1,0.32,0.5,1,0.4,100.88596477748013,0.5,0,1,1.0,0.425
23RD AV,WINDERMERE ST,RUPERT ST,FAIR,675.7,0.259,0.5,0,0.5,89.86784705541208,0.5,0,1,1.0,0.434
3RD AV,BALACLAVA ST,BAYSWATER ST,POOR,1410.8,0.06,0.8,0,0.8,90.71204051422183,0.5,0,1,1.0,0.457
CAROLINA ST,6TH AV,5TH AV,VERY GOOD,893.0,0.168,0.1,0,0.1,0.6620689481936779,0.8,0,1,1.0,0.425
37TH AV,PINE CRESCENT,MARGUERITE ST,FAIR,517.6,0.355,0.5,0,0.5,91.39587364607485,0.5,0,1,1.0,0.448
53RD AV,VICTORIA DRIVE,GLADSTONE ST,FAIR,1320.3,0.071,0.5,0,0.5,90.87456450105316,0.5,0,1,1.0,0.406
26TH AV,PENTICTON ST,SLOCAN ST,GOOD,1033.0,0.127,0.3,0,0.3,89.67676685188582,0.5,0,1,1.0,0.379
38TH AV,CARNARVON ST,MACKENZIE ST,VERY POOR,1189.5,0.093,0.95,0,0.95,90.47295311438336,0.5,0,1,1.0,0.488
48TH AV,ARLINGTON ST,FRONTENAC ST,FAIR,1438.3,0.056,0.5,0,0.5,90.24867320771926,0.5,0,1,1.0,0.403
ALMA ST,2ND AV,1ST AV,GOOD,544.9,0.336,0.3,0,0.3,1.5944328836044406,0.8,0,1,1.0,0.485
23RD AV,KASLO ST,RENFREW ST,POOR,990.1,0.138,0.8,0,0.8,90.49839024416099,0.5,0,1,1.0,0.469
BARCLAY ST,BIDWELL ST,CARDERO ST,POOR,420.5,0.431,0.8,0,0.8,134.80170799813868,0.5,0,1,1.0,0.513
ALMA ST,11TH AV,10TH AV,POOR,918.1,0.159,0.8,0,0.8,0.8819972173797055,0.8,0,1,1.0,0.547
3RD AV,BLANCA ST,TOLMIE ST,NO DATA,819.9,0.194,0.5,1,0.4,91.49047432866786,0.5,0,1,1.0,0.406
54TH AV,MAPLE ST,WEST BOULEVARD,VERY POOR,718.0,0.238,0.95,0,0.95,91.17857625072014,0.5,0,1,1.0,0.51
10TH AV,LARCH ST,BALSAM ST,NO DATA,1696.6,0.034,0.5,1,0.4,91.48608964458685,0.5,0,1,1.0,0.382
47TH AV,ELM ST,LARCH ST,VERY GOOD,584.6,0.311,0.1,0,0.1,91.64806808353751,0.5,0,1,1.0,0.371
16TH AV,TOLMIE ST,SASAMAT ST,POOR,1624.5,0.039,0.8,0,0.8,91.49390020982162,0.5,0,1,1.0,0.454
13TH AV,DUNBAR ST,COLLINGWOOD ST,NO DATA,1254.4,0.081,0.5,1,0.4,91.48191354994873,0.5,0,1,1.0,0.389
4TH AV,RENFREW ST,NOOTKA ST,VERY POOR,841.6,0.186,0.95,0,0.95,90.25598842688157,0.5,0,1,1.0,0.502
2ND AV,3RD AV,COLUMBIA ST,POOR,130.6,0.77,0.8,0,0.8,55.026966132604116,0.5,0,1,1.0,0.564
FIR ST,10TH AV,BROADWAY,POOR,642.7,0.277,0.8,0,0.8,1.5086556506551574,0.8,0,1,1.0,0.564
MANITOBA ST,1ST AV,WALTER HARDWICK AV,VERY GOOD,95.7,0.826,0.1,0,0.1,357.30637673866937,0.8,0,1,1.0,0.524
GREAT NORTHERN WAY,THORNTON ST,FRASER ST,GOOD,596.5,0.303,0.3,0,0.3,91.98733880937391,0.5,0,1,1.0,0.405
GRANT ST,COTTON DRIVE,COMMERCIAL DRIVE,FAIR,1249.9,0.082,0.5,0,0.5,93.26812401553553,0.5,0,1,1.0,0.407
CROWN ST,35TH AV,34TH AV,FAIR,1711.7,0.033,0.5,0,0.5,0.7018657209109733,0.8,0,1,1.0,0.475
GARDEN DR,GRANDVIEW HWY NORTH,12TH AV,VERY GOOD,294.5,0.555,0.1,0,0.1,4.253501153492664,0.8,0,1,1.0,0.483
KAMLOOPS ST,TRIUMPH ST,DUNDAS ST,GOOD,947.1,0.15,0.3,0,0.3,0.1143624530856755,0.8,0,1,1.0,0.457
CULLODEN ST,59TH AV,57TH AV,FAIR,862.6,0.178,0.5,0,0.5,0.4758866099149941,0.8,0,1,1.0,0.497
MAIN ST,52ND AV,51ST AV,VERY POOR,381.5,0.466,0.95,0,0.95,1.2404977489243834,0.8,0,1,1.0,0.62
MARPOLE AV,GRANVILLE ST,15TH AV,GOOD,756.7,0.22,0.3,0,0.3,61.19973538493764,0.5,0,1,1.0,0.393
GRAVELEY ST,NANAIMO ST,KAMLOOPS ST,FAIR,979.4,0.141,0.5,0,0.5,90.15075693119365,0.5,0,1,1.0,0.416
LAUREL ST,24TH AV,22ND AV,FAIR,917.2,0.16,0.5,0,0.5,1.7105818278633365,0.8,0,1,1.0,0.494
DUCHESS ST,KINGSWAY,DUKE ST,GOOD,233.8,0.626,0.3,0,0.3,32.63889881125658,0.8,0,1,1.0,0.529
FERNDALE ST,LAKEWOOD DRIVE,TEMPLETON DRIVE,GOOD,1303.5,0.074,0.3,0,0.3,91.45952852953775,0.5,0,1,1.0,0.371
DEADMANS ISLAND RD,PARKING LOT,STANLEY PARK DRIVE,VERY POOR,536.5,0.342,0.95,0,0.95,351.17876085420846,0.8,0,1,1.0,0.601
DONCASTER WAY,29TH AV,KEVIN PLACE,GOOD,2436.6,0.008,0.3,0,0.3,59.37375749654984,0.5,0,1,1.0,0.361
GLEN DR,26TH AV,KING EDWARD AV,GOOD,1564.4,0.044,0.3,0,0.3,359.5163446938871,0.8,0,1,1.0,0.441
HOY ST,VANNESS AV N,WELLINGTON AV,FAIR,745.1,0.225,0.5,0,0.5,34.8613368060565,0.8,0,1,1.0,0.504
LILLOOET ST,20TH AV,19TH AV,FAIR,582.9,0.312,0.5,0,0.5,0.07750360860188721,0.8,0,1,1.0,0.517
KASLO ST,21ST AV,20TH AV,VERY POOR,799.6,0.202,0.95,0,0.95,0.4612382355701925,0.8,0,1,1.0,0.58
LAKEWOOD DR,2ND AV,1ST AV,POOR,908.3,0.163,0.8,0,0.8,0.7351093636191308,0.8,0,1,1.0,0.547
MANITOBA ST,3RD AV,2ND AV,GOOD,112.1,0.799,0.3,0,0.3,1.6163279979970753,0.8,0,1,1.0,0.555
GLADSTONE ST,40TH AV,39TH AV,VERY GOOD,879.9,0.172,0.1,0,0.1,0.40792842913737104,0.8,0,1,1.0,0.425
KING EDWARD AV,ONTARIO ST,QUEBEC ST,FAIR,723.6,0.235,0.5,0,0.5,91.58421843877221,0.5,0,1,1.0,0.43
GEORGIA ST,WEST END,VERNON DRIVE,GOOD,514.5,0.357,0.3,0,0.3,91.5982805923228,0.5,0,1,1.0,0.413
KING EDWARD AV,MAPLE CRESCENT,CYPRESS ST,GOOD,1321.2,0.071,0.3,0,0.3,125.31512848743228,0.5,0,1,1.0,0.37
ELM ST,43RD AV,42ND AV,VERY GOOD,980.7,0.141,0.1,0,0.1,1.4653583899678893,0.8,0,1,1.0,0.42
KASLO ST,PENDER ST,HASTINGS ST,FAIR,337.9,0.509,0.5,0,0.5,0.08448329244373554,0.8,0,1,1.0,0.547
HASTINGS ST,JERVIS ST,BUTE ST,GOOD,262.1,0.592,0.3,0,0.3,114.12835992742544,0.5,0,1,1.0,0.449
DOMAN ST,WAVERLEY AV,47TH AV,GOOD,1503.8,0.049,0.3,0,0.3,1.7849492631927433,0.8,0,1,1.0,0.442
HOWE ST,CORDOVA ST,HASTINGS ST,VERY GOOD,400.1,0.449,0.1,0,0.1,224.27819279806153,0.2,0,1,1.0,0.317
CORDOVA ST,JACKSON AV,PRINCESS AV,VERY POOR,733.7,0.231,0.95,0,0.95,91.69665577846547,0.5,0,1,1.0,0.509
LAMEYS MILL RD,ALDER CROSSING,THE CASTINGS,VERY GOOD,253.6,0.602,0.1,0,0.1,104.96320396763724,0.5,0,1,1.0,0.415
GLADSTONE ST,27TH AV,25TH AV,FAIR,699.0,0.247,0.5,0,0.5,359.372725898175,0.8,0,1,1.0,0.507
MAPLE ST,16TH AV,15TH AV,FAIR,1505.7,0.049,0.5,0,0.5,1.50152877072793,0.8,0,1,1.0,0.477
DENMAN ST,COMOX ST,NELSON ST,VERY POOR,527.4,0.348,0.95,0,0.95,44.74542251807492,0.8,0,1,1.0,0.602
MACDONALD ST,42ND AV,41ST AV,POOR,1052.3,0.122,0.8,0,0.8,0.6220435678905005,0.8,0,1,1.0,0.541
KOOTENAY ST,MCGILL ST,TRINITY ST,POOR,654.5,0.27,0.8,0,0.8,0.07577525617733727,0.8,0,1,1.0,0.563
KEEFER ST,CARRALL ST,COLUMBIA ST / QUEBEC ST,FAIR,25.2,0.951,0.5,0,0.5,88.98202342759981,0.5,0,1,1.0,0.538
HARO ST,CARDERO ST,NICOLA ST,VERY POOR,324.2,0.523,0.95,0,0.95,132.95425561610364,0.5,0,1,1.0,0.553
MAIN ST,ONTARIO PLACE,WOODSTOCK AV,POOR,671.5,0.261,0.8,0,0.8,358.55910613444485,0.8,0,1,1.0,0.562
FRASER ST,GREAT NORTHERN WAY,EARL FINNING WAY,GOOD,871.9,0.175,0.3,0,0.3,359.87238688446246,0.8,0,1,1.0,0.461
KAMLOOPS ST,PENDER ST,HASTINGS ST,VERY GOOD,909.5,0.162,0.1,0,0.1,0.07358593233391275,0.8,0,1,1.0,0.424
FLEMING ST,49TH AV,47TH AV,FAIR,1830.3,0.026,0.5,0,0.5,1.502434650352484,0.8,0,1,1.0,0.474
KENT AV N,KNIGHT ST OP,BORDEN ST,GOOD,68.6,0.872,0.3,0,0.3,85.62903206175127,0.5,1,1,1.0,0.791
FRASER ST,43RD AV,41ST AV,VERY POOR,1286.9,0.076,0.95,0,0.95,0.9919684196345884,0.8,0,1,1.0,0.561
HURST AV,RADISSON ST,BOUNDARY ROAD,VERY GOOD,1028.6,0.128,0.1,0,0.1,89.9998994808522,0.5,0,1,1.0,0.344
MAIN ST,30TH AV,29TH AV,POOR,531.9,0.345,0.8,0,0.8,1.721924226153135,0.8,0,1,1.0,0.575
DUNSMUIR ST,HOWE ST,HORNBY ST,GOOD,332.5,0.514,0.3,0,0.3,314.7733243994178,0.5,0,1,1.0,0.437
KING EDWARD AV,DUNBAR ST,DUNKIRK ST,NO DATA,2317.1,0.01,0.5,1,0.4,90.48178425091021,0.5,0,1,1.0,0.379
JACKSON AV,PENDER ST,HASTINGS ST,VERY POOR,601.6,0.3,0.95,0,0.95,1.8292608423532783,0.8,0,1,1.0,0.595
KINGHORNE MEWS,GRANVILLE ST 1,SOUTHEAST END,NO DATA,506.2,0.363,0.5,1,0.4,139.74327455647676,0.2,1,1,1.0,0.657
KASLO ST,PARKER ST,VENABLES ST,VERY GOOD,637.3,0.28,0.1,0,0.1,0.7232528486794081,0.8,0,1,1.0,0.441
KITCHENER ST,VICTORIA DRIVE,SEMLIN DRIVE,POOR,1310.6,0.073,0.8,0,0.8,90.75702086077428,0.5,0,1,1.0,0.459
HOYLAKE AV,NANAIMO ST,MUIRFIELD DRIVE,VERY POOR,547.5,0.335,0.95,0,0.95,90.9064993205659,0.5,0,1,1.0,0.525
FOLEY ST,GREAT NORTHERN WAY,EARL FINNING WAY,FAIR,911.4,0.162,0.5,0,0.5,6.058125116015674,0.8,0,1,1.0,0.494
CYPRESS ST,4TH AV,3RD AV,VERY GOOD,614.7,0.292,0.1,0,0.1,1.5198029991139492,0.8,0,1,1.0,0.443
DISCOVERY ST,13TH AV,12TH AV,VERY POOR,1069.4,0.118,0.95,0,0.95,1.453871572956018,0.8,0,1,1.0,0.567
LAKEWOOD DR,FRANKLIN ST,PANDORA ST,GOOD,1427.9,0.058,0.3,0,0.3,1.1640624877109644,0.8,0,1,1.0,0.443
EAST BLVD,41ST AV,37TH AV,POOR,1291.3,0.076,0.8,0,0.8,1.4828215783614382,0.8,0,1,1.0,0.534
GEORGIA ST,HEATLEY AV,EAST END,VERY GOOD,292.3,0.557,0.1,0,0.1,91.29963744308066,0.5,0,1,1.0,0.408
MACKENZIE ST,41ST AV,39TH AV,VERY POOR,1042.1,0.124,0.95,0,0.95,359.5980168763705,0.8,0,1,1.0,0.568
HEATHER ST,19TH AV,18TH AV,FAIR,535.2,0.343,0.5,0,0.5,1.4807272771795965,0.8,0,1,1.0,0.522
KENT AV S,CROMPTON ST,EAST END,FAIR,89.3,0.836,0.5,0,0.5,82.72244299997112,0.5,0,1,1.0,0.521
KAMLOOPS ST,CAMBRIDGE ST,ETON ST,VERY GOOD,1051.8,0.122,0.1,0,0.1,0.05083706190293924,0.8,0,1,1.0,0.418
MAIN ST,50TH AV,49TH AV,POOR,332.4,0.514,0.8,0,0.8,1.3737105722565275,0.8,0,1,1.0,0.6
FRASER ST,22ND AV,21ST AV,VERY GOOD,1717.8,0.032,0.1,0,0.1,1.5089490538212544,0.8,0,1,1.0,0.404
KOOTENAY ST,GEORGIA ST,TURNER ST,VERY GOOD,539.5,0.34,0.1,0,0.1,0.15469890833355748,0.8,0,1,1.0,0.45
KINROSS ST,62ND AV,NORTH END,GOOD,253.7,0.602,0.3,0,0.3,355.1173482039236,0.8,0,1,1.0,0.525
FREMLIN ST,70TH AV,67TH AV,NO DATA,712.2,0.241,0.5,1,0.4,1.369390353227061,0.8,0,1,1.0,0.488
MARKET HILL,MOBERLY ROAD,LEG-IN-BOOT SQUARE,NO DATA,217.4,0.647,0.5,1,0.4,1.4717956295210115,0.8,0,1,1.0,0.55
FRASER ST,59TH AV,58TH AV,VERY POOR,1105.7,0.11,0.95,0,0.95,1.0247953647393615,0.8,0,1,1.0,0.566
HIGHBURY ST,11TH AV,10TH AV,FAIR,842.5,0.185,0.5,0,0.5,1.353268584493037,0.8,0,1,1.0,0.498
GRAVELEY ST,LAKEWOOD DRIVE,TEMPLETON DRIVE,FAIR,1031.3,0.127,0.5,0,0.5,90.73242298606266,0.5,0,1,1.0,0.414
MAIN ST,69TH AV,SE MARINE DRIVE,VERY POOR,481.5,0.382,0.95,0,0.95,2.5954299659215394,0.8,0,1,1.0,0.607
DUMFRIES ST,39TH AV,37TH AV,VERY GOOD,1705.8,0.033,0.1,0,0.1,1.2992484871224974,0.8,0,1,1.0,0.404
KEEFER ST,HAWKS AV,CAMPBELL AV,VERY GOOD,403.4,0.446,0.1,0,0.1,91.58009393638793,0.5,0,1,1.0,0.392
LA SALLE ST,BERING AV,HENNEPIN AV,GOOD,1065.7,0.119,0.3,0,0.3,21.774575428508797,0.8,0,1,1.0,0.452
MANITOBA ST,SW MARINE DRIVE,63RD AV,FAIR,272.5,0.58,0.5,0,0.5,1.4088730932587055,0.8,0,1,1.0,0.557
EARLES ST,CHEYENNE AV,EUCLID AV,FAIR,451.0,0.406,0.5,0,0.5,32.26671301067563,0.8,0,1,1.0,0.531
GILFORD ST,BEACH AV,PENDRELL ST,GOOD,551.5,0.332,0.3,0,0.3,47.918308074410504,0.5,0,1,1.0,0.41
ETON ST,KAMLOOPS ST,PENTICTON ST,FAIR,867.5,0.176,0.5,0,0.5,90.03413762472906,0.5,0,1,1.0,0.421
HUDSON ST,51ST AV,50TH AV,GOOD,1390.4,0.062,0.3,0,0.3,1.433832057280938,0.8,0,1,1.0,0.444
HARWOOD ST,THURLOW ST,BURRARD ST,VERY POOR,401.3,0.448,0.95,0,0.95,134.81971132781496,0.5,0,1,1.0,0.542
KILLARNEY ST,49TH AV,NORTH END,VERY POOR,1219.3,0.087,0.95,0,0.95,2.0499576825330905,0.8,0,1,1.0,0.562
MAIN ST,45TH AV,44TH AV,POOR,545.3,0.336,0.8,0,0.8,2.3336618571538565,0.8,0,1,1.0,0.573
EXPO BLVD,TERRY FOX WAY,SMITHE ST,VERY POOR,260.4,0.594,0.95,0,0.95,218.30235565103095,0.2,0,1,1.0,0.489
MAIN ST,38TH AV,37TH AV,POOR,357.1,0.49,0.8,0,0.8,0.2029989787829436,0.8,0,1,1.0,0.597
DUNDAS ST,GARDEN DRIVE,NANAIMO ST,FAIR,1112.3,0.108,0.5,0,0.5,90.4875915666488,0.5,0,1,1.0,0.411
CYPRESS ST,15TH AV,14TH AV,VERY GOOD,1303.6,0.074,0.1,0,0.1,1.5034533444100475,0.8,0,1,1.0,0.41
INVERNESS ST,20TH AV,19TH AV,VERY POOR,1233.5,0.085,0.95,0,0.95,1.4266376130091203,0.8,0,1,1.0,0.562
LAUREL ST,KENT AV SOUTH,KENT AV NORTH,NO DATA,199.2,0.671,0.5,1,0.4,327.42923959715336,0.8,0,1,1.0,0.553
DUMFRIES ST,54TH AV,53RD AV,VERY POOR,1284.4,0.077,0.95,0,0.95,1.5916986791989416,0.8,0,1,1.0,0.561
KITCHENER ST,NOOTKA ST,LILLOOET ST,VERY POOR,598.4,0.302,0.95,0,0.95,90.10730502156252,0.5,0,1,1.0,0.52
HUDSON ST,71ST AV,70TH AV,VERY GOOD,707.5,0.243,0.1,0,0.1,1.4483438499506178,0.8,0,1,1.0,0.436
LANGARA AV_1,TOLMIE ST,BELMONT AV,NO DATA,715.8,0.239,0.5,1,0.4,321.7128657984587,0.8,0,1,1.0,0.488
HEATLEY AV,ALEXANDER ST,NORTH END,FAIR,908.4,0.163,0.5,0,0.5,1.7036444581994488,0.8,0,1,1.0,0.494
FREMLIN ST,62ND AV,60TH AV,VERY GOOD,930.0,0.156,0.1,0,0.1,1.3813883808405762,0.8,0,1,1.0,0.423
ELGIN ST,26TH AV,KING EDWARD AV,VERY POOR,1611.9,0.04,0.95,0,0.95,0.74349470628988,0.8,0,1,1.0,0.555
GLEN DR,TERMINAL AV WB ACCESS,EVANS AV,VERY GOOD,677.4,0.258,0.1,0,0.1,358.96040639363326,0.8,0,1,1.0,0.438
CYPRESS ST,GREER AV,CREELMAN AV,GOOD,318.8,0.529,0.3,0,0.3,1.521331359465023,0.8,0,1,1.0,0.514
EUCLID AV,MOSS ST,FAIRMONT ST,FAIR,576.4,0.316,0.5,0,0.5,121.77857134568285,0.5,0,1,1.0,0.442
KASLO ST,PARKER ST,PARKER ST,VERY GOOD,716.8,0.238,0.1,0,0.1,0.6155724222238064,0.8,0,1,1.0,0.435
KITCHENER ST,LAKEWOOD DRIVE,TEMPLETON DRIVE,POOR,1204.3,0.09,0.8,0,0.8,89.68851926540185,0.5,0,1,1.0,0.461
HARWOOD ST,BIDWELL ST,CARDERO ST,FAIR,697.8,0.248,0.5,0,0.5,134.83701194018533,0.5,0,1,1.0,0.432
MAGNOLIA ST,30TH AV,29TH AV,GOOD,1078.5,0.116,0.3,0,0.3,0.9252695145489156,0.8,0,1,1.0,0.452
HEATHER ST,37TH AV,MCGUIGAN AV,VERY POOR,512.7,0.359,0.95,0,0.95,1.4058150835887204,0.8,0,1,1.0,0.603
EDDINGTON DR,PUGET DRIVE,HAGGART ST,POOR,1827.8,0.026,0.8,0,0.8,85.41288716031761,0.5,0,1,1.0,0.452
LAUREL ST,KING EDWARD AV,24TH AV,GOOD,904.2,0.164,0.3,0,0.3,1.6097439315342967,0.8,0,1,1.0,0.459
LABURNUM ST,CORNWALL AV,CREELMAN AV,POOR,514.4,0.357,0.8,0,0.8,1.5375544436157043,0.8,0,1,1.0,0.577
GEORGIA ST,SLOCAN ST,KASLO ST,VERY POOR,487.8,0.377,0.95,0,0.95,90.10772188143824,0.5,0,1,1.0,0.531
GARDEN DR,NAPIER ST,PARKER ST,FAIR,1318.5,0.072,0.5,0,0.5,0.7036654589057321,0.8,0,1,1.0,0.481
KERR ST,KENT AV SOUTH,KENT AV NORTH,GOOD,147.7,0.744,0.3,0,0.3,0.8600396630050682,0.8,0,1,1.0,0.547
HEATHER ST,20TH AV,19TH AV,VERY GOOD,632.0,0.283,0.1,0,0.1,1.4760968899338422,0.8,0,1,1.0,0.442
HAWKS AV,HASTINGS ST,CORDOVA ST,GOOD,608.2,0.296,0.3,0,0.3,1.6240955025834296,0.8,0,1,1.0,0.479
JERVIS ST,COMOX ST,NELSON ST,FAIR,299.7,0.549,0.5,0,0.5,44.759012614317555,0.8,0,1,1.0,0.553
FIR ST,3RD AV,2ND AV,FAIR,121.0,0.785,0.5,0,0.5,1.5681097481948996,0.8,0,1,1.0,0.588
CROWN ST,12TH AV,11TH AV,VERY GOOD,839.6,0.187,0.1,0,0.1,1.43527057668922,0.8,0,1,1.0,0.427
GRANVILLE ST,SMITHE ST,ROBSON ST,NO DATA,122.5,0.783,0.5,1,0.4,44.7926647876007,0.8,0,1,1.0,0.57
FRANKLIN ST,GARDEN DRIVE,NANAIMO ST,VERY GOOD,1054.3,0.121,0.1,0,0.1,90.47014667207998,0.5,0,1,1.0,0.343
MAPLE ST,EAST BOULEVARD,50TH AV,NO DATA,882.5,0.171,0.5,1,0.4,17.162988832410804,0.8,0,1,1.0,0.478
LANCASTER ST,41ST AV,SCHOOL AV,VERY GOOD,714.2,0.24,0.1,0,0.1,0.13034791962053305,0.8,0,1,1.0,0.435
DISCOVERY ST,10TH AV,9TH AV,GOOD,788.2,0.207,0.3,0,0.3,1.4526562316079321,0.8,0,1,1.0,0.466
HEATHER ST,21ST AV,20TH AV,POOR,728.9,0.233,0.8,0,0.8,1.4799900496740293,0.8,0,1,1.0,0.558
ELLIOTT ST,ANCASTER CRESCENT,BOBOLINK AV,FAIR,458.3,0.4,0.5,0,0.5,7.544435414016505,0.8,0,1,1.0,0.53
HEATHER ST,60TH AV,59TH AV,POOR,777.7,0.211,0.8,0,0.8,1.4040396681504603,0.8,0,1,1.0,0.555
EAST BLVD,47TH AV,46TH AV,FAIR,958.1,0.147,0.5,0,0.5,1.4228309310816485,0.8,0,1,1.0,0.492
MAPLE ST,47TH AV,46TH AV,GOOD,1135.6,0.103,0.3,0,0.3,1.451768886859611,0.8,0,1,1.0,0.45
CYPRESS ST,18TH AV,17TH AV,FAIR,1473.1,0.053,0.5,0,0.5,1.4740143932763203,0.8,0,1,1.0,0.478
MAIN ST,65TH AV,64TH AV,VERY POOR,750.7,0.223,0.95,0,0.95,1.6778927392925311,0.8,0,1,1.0,0.583
FRASER ST,65TH AV,64TH AV,POOR,599.4,0.302,0.8,0,0.8,0.9926823076739879,0.8,0,1,1.0,0.568
GEORGIA ST,LILLOOET ST,WINDERMERE ST,VERY POOR,373.8,0.473,0.95,0,0.95,90.13664024767189,0.5,0,1,1.0,0.546
KAMLOOPS ST,MCGILL ST,TRINITY ST,FAIR,1073.4,0.117,0.5,0,0.5,0.2903013630941018,0.8,0,1,1.0,0.487
EAST BLVD,MAPLE ST,50TH AV,NO DATA,882.5,0.171,0.5,1,0.4,338.89633641331346,0.8,0,1,1.0,0.478
HOMER ST,BEACH CRESCENT,PACIFIC BOULEVARD,GOOD,481.7,0.382,0.3,0,0.3,23.62379383594424,0.8,0,1,1.0,0.492
MAINLAND ST,SMITHE ST,NELSON ST,NO DATA,206.0,0.662,0.5,1,0.4,221.45608884314547,0.2,0,1,1.0,0.402
CREE ST,43RD AV,41ST AV,POOR,766.7,0.216,0.8,0,0.8,1.6630364051209767,0.8,0,1,1.0,0.555
LILLOOET ST,7TH AV,6TH AV,VERY POOR,484.3,0.38,0.95,0,0.95,0.42949400336220833,0.8,0,1,1.0,0.606
CULLODEN ST,33RD AV,31ST AV,POOR,1793.0,0.028,0.8,0,0.8,1.075665515454773,0.8,0,1,1.0,0.527
GRAVELEY ST,SEMLIN DRIVE,LAKEWOOD DRIVE,FAIR,1084.8,0.114,0.5,0,0.5,89.90523715028723,0.5,0,1,1.0,0.412
KASLO ST,BROADWAY,8TH AV,GOOD,605.0,0.298,0.3,0,0.3,0.11427012330943853,0.8,0,1,1.0,0.479
MARGUERITE ST,KING EDWARD AV,LAURIER AV,POOR,1115.2,0.107,0.8,0,0.8,11.57854007258777,0.8,0,1,1.0,0.539
GEORGIA ST,COMMERCIAL DRIVE,SALSBURY DRIVE,POOR,1291.4,0.076,0.8,0,0.8,91.19511136597049,0.5,0,1,1.0,0.459
HARO ST,JERVIS ST,BUTE ST,VERY POOR,339.7,0.507,0.95,0,0.95,134.8009732441032,0.5,0,1,1.0,0.551
MAIN ST,SE MARINE DRIVE,65TH AV,POOR,675.9,0.259,0.8,0,0.8,1.7188451858139047,0.8,0,1,1.0,0.562
LARCH ST,39TH AV,37TH AV,VERY POOR,1406.7,0.06,0.95,0,0.95,1.476682435828934,0.8,0,1,1.0,0.558
DOMAN ST,51ST AV,50TH AV,FAIR,1148.1,0.101,0.5,0,0.5,1.6925279612168538,0.8,0,1,1.0,0.485
HUDSON ST,70TH AV,67TH AV,GOOD,851.2,0.182,0.3,0,0.3,1.327433881962179,0.8,0,1,1.0,0.462
FRASER ST,30TH AV,29TH AV,VERY GOOD,1215.8,0.088,0.1,0,0.1,1.1310155922186027,0.8,0,1,1.0,0.412
JOHN ST,26TH AV,KING EDWARD AV,VERY POOR,1074.9,0.117,0.95,0,0.95,2.8478911328131744,0.8,0,1,1.0,0.567
CROWLEY DR,GASTON ST,TYNE ST,GOOD,846.8,0.184,0.3,0,0.3,123.69049536182422,0.5,0,1,1.0,0.387
MAIN ST,24TH AV,23RD AV,VERY POOR,982.7,0.14,0.95,0,0.95,0.9779011856172701,0.8,0,1,1.0,0.57
FRASER ST,48TH AV,47TH AV,VERY POOR,1131.0,0.104,0.95,0,0.95,1.5930343288184758,0.8,0,1,1.0,0.565
DUNSMUIR ST,GRANVILLE ST,HOWE ST,FAIR,410.6,0.44,0.5,0,0.5,314.7823049968322,0.5,1,1,1.0,0.761
HEMLOCK ST,10TH AV,BROADWAY,VERY GOOD,291.1,0.559,0.1,0,0.1,1.4546786023142886,0.8,0,1,1.0,0.483
MAPLE ST,59TH AV,58TH AV,VERY POOR,689.9,0.252,0.95,0,0.95,1.4449584094018633,0.8,0,1,1.0,0.587
DOUGLAS CRES,WOLFE AV,19TH AV / OAK ST,VERY GOOD,692.8,0.25,0.1,0,0.1,105.8798415087046,0.5,0,1,1.0,0.362
KERR ST,SCHOOL AV,IVANHOE ST,VERY GOOD,819.2,0.194,0.1,0,0.1,9.95875918255075,0.8,0,1,1.0,0.429
ELLIOTT ST,WAVERLEY AV,47TH AV,FAIR,1145.9,0.101,0.5,0,0.5,1.1442528504879306,0.8,0,1,1.0,0.485
GLEN DR,5TH AV,NORTH END,POOR,1035.6,0.126,0.8,0,0.8,358.9371025896013,0.8,1,1,1.0,0.842
GRANT ST,LILLOOET ST,WINDERMERE ST,FAIR,414.3,0.437,0.5,0,0.5,90.13125077178984,0.5,0,1,1.0,0.461
INVERNESS ST,28TH AV,27TH AV,VERY POOR,1566.2,0.044,0.95,0,0.95,1.3398263852847094,0.8,0,1,1.0,0.556
EXPO BLVD,UNION ST,CARRALL ST,POOR,85.1,0.843,0.8,0,0.8,284.41629607432185,0.5,0,1,1.0,0.575
MAIN ST,29TH AV,28TH AV,POOR,627.3,0.285,0.8,0,0.8,1.7429581245590953,0.8,0,1,1.0,0.566
KENT AV S,WEST END,BORDEN ST,VERY POOR,46.4,0.911,0.95,0,0.95,89.6884927937075,0.5,0,1,1.0,0.612
LARCH ST,49TH AV,47TH AV,VERY GOOD,424.7,0.428,0.1,0,0.1,1.6474842419197557,0.8,0,1,1.0,0.464
MARSHALL ST,SOUTHWEST END,20TH AV,FAIR,243.6,0.614,0.5,0,0.5,23.136541175732134,0.8,0,1,1.0,0.562
EAST BLVD,57TH AV,LABURNUM ST,VERY POOR,835.9,0.188,0.95,0,0.95,338.8779792454207,0.8,0,1,1.0,0.578
KAMLOOPS ST,7TH AV,6TH AV,VERY GOOD,256.0,0.599,0.1,0,0.1,0.11361760880924976,0.8,0,1,1.0,0.49
HEATHER ST,62ND AV,60TH AV,VERY POOR,714.6,0.239,0.95,0,0.95,1.4211176189343178,0.8,0,1,1.0,0.585
KERR ST,SOUTH END,RIVERWALK AV,GOOD,52.6,0.9,0.3,0,0.3,0.9001337757985652,0.8,0,1,1.0,0.57
MANITOBA ST,23RD AV,22ND AV,VERY POOR,716.6,0.239,0.95,0,0.95,1.7414719473898117,0.8,0,1,1.0,0.585
KING EDWARD AV,BRAKENRIDGE ST,VALLEY DRIVE,VERY GOOD,1938.2,0.021,0.1,0,0.1,59.36813905357252,0.5,0,1,1.0,0.327
JOYCE ST,CROWLEY DRIVE,VANNESS AV,FAIR,687.0,0.253,0.5,0,0.5,32.747910495527606,0.8,0,1,1.0,0.508
GORE AV,PRIOR ST,UNION ST,VERY GOOD,480.5,0.383,0.1,0,0.1,354.8609892813044,0.8,0,1,1.0,0.457
LINCOLN ST,43RD AV,KINGSWAY,FAIR,1351.2,0.067,0.5,0,0.5,359.05868236788575,0.8,0,1,1.0,0.48
HEATHER ST,BROADWAY,8TH AV,GOOD,136.1,0.762,0.3,0,0.3,1.486935528679794,0.8,0,1,1.0,0.549
MARINE CRES,SW MARINE DRIVE,51ST AV,FAIR,130.0,0.771,0.5,0,0.5,12.4623172525732,0.8,0,1,1.0,0.586
ETON ST,GARDEN DRIVE,NANAIMO ST,FAIR,1195.9,0.091,0.5,0,0.5,90.22028877664718,0.5,0,1,1.0,0.409
COTTON DR,2ND AV,1ST AV,VERY POOR,1332.2,0.07,0.95,0,0.95,0.7564384732801841,0.8,0,1,1.0,0.56
MAPLE ST,45TH AV,44TH AV,NO DATA,1255.5,0.081,0.5,1,0.4,1.515174442207183,0.8,0,1,1.0,0.464
KING EDWARD AV,BLENHEIM ST,BALACLAVA ST,NO DATA,2458.8,0.007,0.5,1,0.4,90.4310252702669,0.5,0,1,1.0,0.378
HUDSON ST,52ND AV,51ST AV,FAIR,1487.8,0.051,0.5,0,0.5,1.4748296389274742,0.8,0,1,1.0,0.478
CULLODEN ST,57TH AV,55TH AV,VERY POOR,1050.6,0.122,0.95,0,0.95,0.5779819148592651,0.8,0,1,1.0,0.568
MAPLE ST,MCNICOLL AV,OGDEN AV,VERY GOOD,341.7,0.505,0.1,0,0.1,1.5609461574257466,0.8,0,1,1.0,0.475
KASLO ST,ETON ST,MCGILL ST,FAIR,490.0,0.375,0.5,0,0.5,0.19527438760235327,0.8,0,1,1.0,0.526
MARGUERITE ST,29TH AV,28TH AV,POOR,745.7,0.225,0.8,0,0.8,344.9814901306261,0.8,0,1,1.0,0.557
DUNBAR ST,KING EDWARD AV,24TH AV,GOOD,2210.2,0.012,0.3,0,0.3,0.5195960029948878,0.8,0,1,1.0,0.436
CULLODEN ST,41ST AV,39TH AV,FAIR,2034.1,0.017,0.5,0,0.5,1.212112277385586,0.8,0,1,1.0,0.472
MANITOBA ST,70TH AV,68TH AV,VERY POOR,379.0,0.469,0.95,0,0.95,1.8288180049476637,0.8,0,1,1.0,0.62
HALSS CRES,WEST END,SALISH DRIVE,GOOD,1271.0,0.079,0.3,0,0.3,112.48520651198663,0.5,0,1,1.0,0.371
FLEMING ST,43RD AV,41ST AV,VERY POOR,1703.2,0.033,0.95,0,0.95,1.15723405284092,0.8,0,1,1.0,0.554
KENT AV S,JELLICOE ST,KERR ST,VERY GOOD,102.9,0.814,0.1,0,0.1,84.77875730950745,0.5,0,1,1.0,0.447
GREAT NORTHERN WAY,FRASER ST,FOLEY ST,VERY GOOD,971.0,0.143,0.1,0,0.1,106.35681878569073,0.5,0,1,1.0,0.346
INVERNESS ST,SE MARINE DRIVE,64TH AV,GOOD,333.7,0.513,0.3,0,0.3,0.7467191495014163,0.8,0,1,1.0,0.512
JOYCE ST,MARMION AV,SCHOOL AV,GOOD,1102.4,0.11,0.3,0,0.3,5.913312935397585,0.8,0,1,1.0,0.451
DUMFRIES ST,20TH AV,19TH AV,VERY POOR,751.7,0.222,0.95,0,0.95,1.3900840035024657,0.8,0,1,1.0,0.583
GEORGIA ST,SKEENA ST,KOOTENAY ST,FAIR,526.9,0.349,0.5,0,0.5,89.95935295841497,0.5,0,1,1.0,0.447
KING EDWARD AV,JOHN ST,BALKAN ST,VERY GOOD,1181.7,0.094,0.1,0,0.1,90.79266148453945,0.5,0,1,1.0,0.338
LILLOOET ST,26TH AV,25TH AV,GOOD,770.2,0.214,0.3,0,0.3,0.19215638990459638,0.8,0,1,1.0,0.467
CYPRESS ST,5TH AV,4TH AV,VERY GOOD,653.3,0.271,0.1,0,0.1,1.5381023265097724,0.8,0,1,1.0,0.44
LAUREL ST,64TH AV,63RD AV,GOOD,775.9,0.212,0.3,0,0.3,1.3865058039992277,0.8,0,1,1.0,0.466
KENT AV N,ROSS ST,CROMPTON ST,FAIR,116.2,0.793,0.5,0,0.5,82.70468160442408,0.5,0,1,1.0,0.514
CROWN ST,27TH AV,KING EDWARD AV,FAIR,2237.7,0.011,0.5,0,0.5,0.5116507692300729,0.8,0,1,1.0,0.472
HASTINGS ST,BUTE ST,THURLOW ST,VERY GOOD,210.3,0.657,0.1,0,0.1,114.19738897048734,0.5,0,1,1.0,0.423
KILLARNEY ST,51ST AV,49TH AV,POOR,1048.4,0.123,0.8,0,0.8,2.074260458105698,0.8,0,1,1.0,0.541
GRANT ST,WINDERMERE ST,RUPERT ST,POOR,218.3,0.646,0.8,0,0.8,90.15163174305911,0.5,0,1,1.0,0.545
JASPER CRES,59TH AV,PRESTWICK DRIVE,FAIR,875.1,0.174,0.5,0,0.5,35.90118954437378,0.8,0,1,1.0,0.496
LARCH ST,45TH AV,43RD AV,VERY POOR,810.4,0.198,0.95,0,0.95,1.5050350565712733,0.8,0,1,1.0,0.579
KAMLOOPS ST,FRANKLIN ST,PANDORA ST,GOOD,911.4,0.162,0.3,0,0.3,0.02807473255700188,0.8,0,1,1.0,0.459
MANITOBA ST,17TH AV,16TH AV,FAIR,1084.2,0.114,0.5,0,0.5,1.7216317616035326,0.8,0,1,1.0,0.487
FLEMING ST,55TH AV,54TH AV,GOOD,1194.3,0.092,0.3,0,0.3,26.095128170940143,0.8,0,1,1.0,0.448
HEATHER ST,15TH AV,14TH AV,GOOD,206.4,0.662,0.3,0,0.3,1.0176114459032988,0.8,0,1,1.0,0.534
HOLLAND ST,SW MARINE DRIVE,41ST AV,NO DATA,1065.1,0.119,0.5,1,0.4,0.6752842284457756,0.8,0,1,1.0,0.47
GRAVELEY ST,COMMERCIAL DRIVE,SALSBURY DRIVE,FAIR,1325.2,0.071,0.5,0,0.5,90.87783851323047,0.5,0,1,1.0,0.405
DUNBAR DIVERSION,14TH AV / DUNBAR ST,ALMA ST,VERY POOR,1136.0,0.103,0.95,0,0.95,318.07800406307337,0.8,0,1,1.0,0.565
EUCLID AV,CECIL ST,JOYCE ST,VERY GOOD,905.1,0.164,0.1,0,0.1,121.43305686663325,0.5,0,1,1.0,0.349
HIGHBURY ST,14TH AV,13TH AV,VERY POOR,1118.9,0.107,0.95,0,0.95,1.4841239806735302,0.8,0,1,1.0,0.565
EUCLID AV,RUPERT ST,SPENCER ST,GOOD,818.6,0.195,0.3,0,0.3,121.81349244121088,0.5,0,1,1.0,0.389
HARWOOD ST,NICOLA ST,BROUGHTON ST,GOOD,590.1,0.307,0.3,0,0.3,133.1274585426753,0.5,0,1,1.0,0.406
EAST BLVD,SW MARINE DRIVE,NORTH END,VERY GOOD,439.1,0.416,0.1,0,0.1,341.8482087078264,0.8,0,1,1.0,0.462
GEORGIA ST,PENTICTON ST,SLOCAN ST,POOR,635.1,0.281,0.8,0,0.8,90.07643440421975,0.5,0,1,1.0,0.49
DOMAN ST,52ND AV,51ST AV,VERY POOR,1060.1,0.12,0.95,0,0.95,1.7033834684974067,0.8,0,1,1.0,0.567
LAKEWOOD DR,GRANT ST,KITCHENER ST,GOOD,1164.5,0.097,0.3,0,0.3,2.1091858231910123,0.8,0,1,1.0,0.449
ELLIOTT ST,49TH AV,48TH AV,POOR,1303.4,0.074,0.8,0,0.8,1.1644148373241592,0.8,0,1,1.0,0.534
COTTON DR,GRANT ST,KITCHENER ST,FAIR,1224.9,0.086,0.5,0,0.5,0.7487521255343381,0.8,0,1,1.0,0.483
EAST BLVD,50TH AV,49TH AV,VERY POOR,883.7,0.171,0.95,0,0.95,338.81071835457976,0.8,0,1,1.0,0.575
GRAVELEY ST,WOODLAND DRIVE,COTTON DRIVE,VERY GOOD,1161.0,0.098,0.1,0,0.1,90.75234442000817,0.5,0,1,1.0,0.339
LAURIER AV,ALEXANDRA ST,GRANVILLE ST,VERY POOR,1096.5,0.112,0.95,0,0.95,91.47761004095321,0.5,0,1,1.0,0.491
FRANKLIN ST,SLOCAN ST,KASLO ST,GOOD,342.7,0.504,0.3,0,0.3,90.14575948312057,0.5,0,1,1.0,0.436
KITSILANO DIVERSION,11TH AV / MACDONALD ST,12TH AV / STEPHENS ST,GOOD,2016.6,0.018,0.3,0,0.3,128.5363610142631,0.5,0,1,1.0,0.362
HUDSON ST,47TH AV,46TH AV,FAIR,976.1,0.142,0.5,0,0.5,1.431588619675665,0.8,0,1,1.0,0.491
LANARK ST,22ND AV,21ST AV,VERY GOOD,941.3,0.152,0.1,0,0.1,1.368388107567398,0.8,0,1,1.0,0.422
KINGS AV,MOSS ST,PICTON ST,POOR,848.7,0.183,0.8,0,0.8,122.58542901375836,0.5,0,1,1.0,0.475
ELLIOTT ST,ROSEDALE DRIVE,ANCASTER CRESCENT,POOR,272.3,0.58,0.8,0,0.8,13.042953394889366,0.8,0,1,1.0,0.61
MACDONALD ST,3RD AV,2ND AV,VERY GOOD,1809.3,0.027,0.1,0,0.1,1.4190682350097745,0.8,0,1,1.0,0.403
MANSON ST,41ST AV,39TH AV,FAIR,772.2,0.213,0.5,0,0.5,1.3830180279795172,0.8,0,1,1.0,0.502
HOMER ST,GEORGIA ST,DUNSMUIR ST,VERY POOR,130.5,0.77,0.95,0,0.95,44.79098297818604,0.8,0,1,1.0,0.665
KING EDWARD AV,WALLACE ST,HIGHBURY ST,NO DATA,2246.8,0.011,0.5,1,0.4,90.48106243297633,0.5,0,1,1.0,0.379
EXPO BLVD,GRIFFITHS WAY,TERRY FOX WAY,POOR,204.2,0.665,0.8,0,0.8,237.33624657364265,0.5,1,1,1.0,0.848
LABURNUM ST,ANGUS DRIVE,64TH AV,POOR,455.1,0.402,0.8,0,0.8,317.479524862175,0.8,0,1,1.0,0.583
HUDSON ST,50TH AV,49TH AV,VERY POOR,1278.2,0.078,0.95,0,0.95,1.4711921271126016,0.8,0,1,1.0,0.561
DOGWOOD AV,CARTIER ST,HUDSON ST,FAIR,1639.4,0.038,0.5,0,0.5,91.35068213523601,0.5,0,1,1.0,0.401
MACDONALD ST,11TH AV / KITSILANO DIVERSION,10TH AV,VERY GOOD,1975.7,0.019,0.1,0,0.1,0.4455891192469039,0.8,0,1,1.0,0.402
LAMEYS MILL RD,ALDER BAY COURT,ALDER CROSSING,VERY POOR,265.0,0.589,0.95,0,0.95,111.12593258662235,0.5,0,1,1.0,0.563
MAPLE CRES,PINE CRESCENT,30TH AV,VERY POOR,846.0,0.184,0.95,0,0.95,334.6074002112191,0.8,0,1,1.0,0.577
INVERNESS ST,43RD AV,41ST AV,VERY GOOD,2006.4,0.018,0.1,0,0.1,1.4164436140368935,0.8,0,1,1.0,0.402
HAGGART ST,MCMULLEN AV,MCBAIN AV,POOR,1957.5,0.02,0.8,0,0.8,309.58247077903025,0.5,0,1,1.0,0.451
JELLICOE ST,SOUTH END,KENT AV NORTH,POOR,16.7,0.967,0.8,0,0.8,1.161722228947042,0.8,0,1,1.0,0.669
FREMLIN ST,49TH AV,48TH AV,GOOD,1222.7,0.087,0.3,0,0.3,356.0290831064089,0.8,0,1,1.0,0.448
ELLIOTT ST,56TH AV,54TH AV,FAIR,742.8,0.226,0.5,0,0.5,1.1199678982019918,0.8,0,1,1.0,0.504
CORDOVA ST,DUNLEVY AV,JACKSON AV,VERY POOR,608.7,0.296,0.95,0,0.95,91.69676806818632,0.5,0,1,1.0,0.519
MARGUERITE ST,37TH AV,36TH AV,POOR,517.5,0.355,0.8,0,0.8,1.4120489375972625,0.8,0,1,1.0,0.576
GRANVILLE ST,HASTINGS ST,CORDOVA ST,NO DATA,502.4,0.366,0.5,1,0.4,44.77175610056253,0.8,0,1,1.0,0.507
TOLMIE ST,9TH AV,8TH AV,VERY POOR,1166.8,0.097,0.95,0,0.95,1.5225051284146502,0.8,0,1,1.0,0.564
NAPIER ST,GARDEN DRIVE,NANAIMO ST,VERY POOR,1291.8,0.075,0.95,0,0.95,90.69520536758228,0.5,0,1,1.0,0.486
SOPHIA ST,26TH AV,KING EDWARD AV,POOR,994.0,0.137,0.8,0,0.8,1.461809096065565,0.8,0,1,1.0,0.543
MELVILLE ST,BUTE ST,JERVIS ST,VERY GOOD,198.4,0.672,0.1,0,0.1,315.0689259029044,0.8,0,1,1.0,0.501
PENTICTON ST,CAMBRIDGE ST,ETON ST,VERY GOOD,861.0,0.179,0.1,0,0.1,0.06450899700922719,0.8,0,1,1.0,0.426
SHERBROOKE ST,47TH AV,45TH AV,GOOD,1827.2,0.026,0.3,0,0.3,1.0272155564301215,0.8,0,1,1.0,0.438
RUPERT ST,52ND AV,51ST AV,POOR,914.0,0.161,0.8,0,0.8,2.058214854284131,0.8,0,1,1.0,0.547
SMITHE ST,BURRARD ST,HARO ST,VERY GOOD,166.0,0.718,0.1,0,0.1,332.7628743605507,0.8,0,1,1.0,0.507
OXFORD ST,PENTICTON ST,SLOCAN ST,FAIR,680.8,0.256,0.5,0,0.5,90.13409008816757,0.5,0,1,1.0,0.433
NEAL ST,52ND AV,50TH AV,FAIR,795.4,0.204,0.5,0,0.5,1.3502593373920035,0.8,0,1,1.0,0.501
POPLAR ST,SE MARINE DRIVE,63RD AV,VERY POOR,595.9,0.304,0.95,0,0.95,0.9597602817498228,0.8,0,1,1.0,0.595
OSLER ST,SOUTH END,33RD AV,VERY POOR,86.8,0.841,0.95,0,0.95,1.4206540725225523,0.8,0,1,1.0,0.676
SALISH DR,SEMANA CRESCENT,SENNOK CRESCENT,VERY POOR,1370.9,0.064,0.95,0,0.95,291.5396811700266,0.5,0,1,1.0,0.484
SELKIRK ST,40TH AV,39TH AV,NO DATA,379.2,0.468,0.5,1,0.4,1.3989985516021193,0.8,0,1,1.0,0.523
ONTARIO ST,43RD AV,42ND AV,VERY POOR,639.0,0.279,0.95,0,0.95,2.3349947800721225,0.8,0,1,1.0,0.591
TURNER ST,WINDERMERE ST,RUPERT ST,FAIR,351.7,0.495,0.5,0,0.5,90.12446089643083,0.5,0,1,1.0,0.469
NICOLA ST,HARO ST,ROBSON ST,VERY POOR,284.2,0.566,0.95,0,0.95,44.7647949150616,0.8,0,1,1.0,0.635
POINT GREY RD,BALACLAVA ST,DEAD END,VERY GOOD,1414.9,0.059,0.1,0,0.1,91.2260187174752,0.5,0,1,1.0,0.333
QUEEN ELIZABETH PARK RD 1,30TH AV,QUEEN ELIZABETH PARK ROAD 2,VERY GOOD,10.5,0.979,0.1,0,0.1,111.54331807338662,0.5,0,1,1.0,0.472
PRESTWICK DR,JASPER CRESCENT,THORNHILL DRIVE,VERY GOOD,918.5,0.159,0.1,0,0.1,127.60700915433767,0.5,0,1,1.0,0.348
SLOCAN ST,YALE ST,WALL ST,VERY POOR,775.6,0.212,0.95,0,0.95,0.13440839449327768,0.8,0,1,1.0,0.581
NELSON ST,PARK LANE,CHILCO ST,VERY GOOD,209.5,0.658,0.1,0,0.1,131.8549482319355,0.5,0,1,1.0,0.423
SALSBURY DR,POWELL ST,NORTH END,GOOD,1712.1,0.033,0.3,0,0.3,0.8537349972026504,0.8,0,1,1.0,0.439
ST CLAIR PL,46TH AV,NORTH END,VERY GOOD,801.0,0.201,0.1,0,0.1,359.5638996336715,0.8,0,1,1.0,0.43
SKEENA ST,3RD AV,2ND AV,VERY GOOD,197.6,0.673,0.1,0,0.1,0.616055075780821,0.8,0,1,1.0,0.501
PACIFIC BLVD TO QUEBEC ST,PACIFIC BOULEVARD,EXPO BOULEVARD / QUEBEC ST,GOOD,329.7,0.517,0.3,0,0.3,51.48273531741455,0.5,1,1,1.0,0.737
TRAFALGAR ST,23RD AV,22ND AV,VERY GOOD,2431.1,0.008,0.1,0,0.1,1.5371362101931823,0.8,0,1,1.0,0.4
PENTICTON ST,TRIUMPH ST,DUNDAS ST,VERY GOOD,764.7,0.217,0.1,0,0.1,0.11186867101520193,0.8,0,1,1.0,0.432
PARKER ST,NOOTKA ST,LE ROI ST,POOR,671.7,0.261,0.8,0,0.8,90.10655745613963,0.5,0,1,1.0,0.487
TAMATH CRES,START LOOP (R),END LOOP,GOOD,1226.6,0.086,0.3,0,0.3,116.62138910602863,0.5,0,1,1.0,0.372
PACIFIC ST,GRANVILLE ST 1,SEYMOUR ST,VERY POOR,684.0,0.255,0.95,0,0.95,135.7537036515015,0.2,1,1,1.0,0.738
PRINCE EDWARD ST,37TH AV,36TH AV,POOR,642.0,0.277,0.8,0,0.8,1.5546808345613954,0.8,0,1,1.0,0.565
PANDORA ST,SLOCAN ST,KASLO ST,VERY GOOD,372.3,0.475,0.1,0,0.1,90.18307742483745,0.5,0,1,1.0,0.396
PERRY ST,KINGSWAY,22ND AV,VERY GOOD,783.2,0.209,0.1,0,0.1,3.185022788269407,0.8,0,1,1.0,0.431
NANAIMO ST,7TH AV,6TH AV,VERY POOR,263.4,0.591,0.95,0,0.95,0.11201332941567443,0.8,0,1,1.0,0.638
RENFREW ST,7TH AV,6TH AV,POOR,663.9,0.265,0.8,0,0.8,0.15061365662597836,0.8,0,1,1.0,0.563
PENTICTON ST,19TH AV,17TH AV,VERY GOOD,663.8,0.265,0.1,0,0.1,0.6833085329085407,0.8,0,1,1.0,0.439
TUPPER ST,23RD AV,22ND AV,VERY POOR,666.3,0.264,0.95,0,0.95,1.2169637239804274,0.8,0,1,1.0,0.589
NOOTKA ST,22ND AV,21ST AV,GOOD,756.9,0.22,0.3,0,0.3,0.08787240936328544,0.8,0,1,1.0,0.468
PINE CRES,KING EDWARD AV,MATTHEWS AV,POOR,1247.5,0.082,0.8,0,0.8,6.960993406636192,0.8,0,1,1.0,0.535
RINGWOOD AV,ST. CATHERINES ST,WINDSOR ST,VERY POOR,1526.1,0.047,0.95,0,0.95,90.72897685039027,0.5,0,1,1.0,0.481
QUEBEC ST,22ND AV,21ST AV,FAIR,998.1,0.136,0.5,0,0.5,1.4742980845084617,0.8,0,1,1.0,0.49
ONTARIO ST,17TH AV,16TH AV,GOOD,1208.1,0.089,0.3,0,0.3,2.4651082347425586,0.8,0,1,1.0,0.448
TRIMBLE ST,1ST AV,NW MARINE DRIVE,FAIR,539.1,0.34,0.5,0,0.5,1.533216452435795,0.8,0,1,1.0,0.521
OXFORD ST,KAMLOOPS ST,PENTICTON ST,FAIR,853.8,0.181,0.5,0,0.5,90.15031873981098,0.5,0,1,1.0,0.422
OSLER ST,40TH AV,39TH AV,POOR,334.9,0.512,0.8,0,0.8,1.39956422298593,0.8,0,1,1.0,0.6
SIDNEY ST,25TH AV,23RD AV,FAIR,555.6,0.329,0.5,0,0.5,4.235087595808807,0.8,0,1,1.0,0.519
ONTARIO ST,7TH AV,6TH AV,VERY GOOD,511.2,0.36,0.1,0,0.1,1.6579632136403006,0.8,0,1,1.0,0.453
TRUTCH ST,2ND AV,1ST AV,FAIR,1268.4,0.079,0.5,0,0.5,1.50883601105852,0.8,0,1,1.0,0.482
SOPHIA ST,SE MARINE DRIVE,65TH AV,VERY GOOD,617.6,0.291,0.1,0,0.1,2.1881904482409027,0.8,0,1,1.0,0.443
NOOTKA ST,28TH AV,27TH AV,VERY POOR,901.0,0.165,0.95,0,0.95,0.9818594141858625,0.8,0,1,1.0,0.574
PRINCE EDWARD ST,WOODSTOCK AV,40TH AV,VERY POOR,805.2,0.2,0.95,0,0.95,1.3839426483855846,0.8,0,1,1.0,0.579
SLOCAN ST,CHARLES ST,WILLIAM ST,FAIR,970.7,0.143,0.5,0,0.5,0.6835433000785542,0.8,0,1,1.0,0.491
OXFORD ST,CASSIAR ST,SKEENA ST,GOOD,535.7,0.343,0.3,0,0.3,90.10740675510954,0.5,0,1,1.0,0.411
NATIONAL AV,STATION ST,THORNTON ST,POOR,358.7,0.488,0.8,0,0.8,104.10447926549051,0.5,0,1,1.0,0.521
MOSCROP ST,HOY ST,BOUNDARY ROAD,GOOD,357.1,0.49,0.3,0,0.3,90.41002664062825,0.5,0,1,1.0,0.433
NANTON AV,SELKIRK ST,OSLER ST,VERY POOR,626.8,0.286,0.95,0,0.95,91.52747275918779,0.5,0,1,1.0,0.517
SLOCAN ST,29TH AV,28TH AV,POOR,779.7,0.21,0.8,0,0.8,2.243030796256619,0.8,0,1,1.0,0.554
PARK DR,OSLER ST,OAK ST,POOR,1110.4,0.109,0.8,0,0.8,113.65844122249717,0.5,0,1,1.0,0.464
NICOLA ST,DAVIE ST,NORTHEAST END,VERY GOOD,570.5,0.319,0.1,0,0.1,44.808080946983466,0.8,0,1,1.0,0.447
SHERBROOKE ST,35TH AV,33RD AV,POOR,1775.4,0.029,0.8,0,0.8,1.155268026767999,0.8,0,1,1.0,0.527
ONTARIO ST,56TH AV,55TH AV,GOOD,285.0,0.565,0.3,0,0.3,1.2797323073579605,0.8,0,1,1.0,0.52
QUILCHENA CRES,ASPEN AV / LINDEN ROAD,CYPRESS ST,GOOD,932.6,0.155,0.3,0,0.3,79.13199886354482,0.5,0,1,1.0,0.383
RUPERT ST,ROSEMONT DRIVE,59TH AV,FAIR,346.6,0.5,0.5,0,0.5,31.74734287647493,0.8,0,1,1.0,0.545
SALSBURY DR,CHARLES ST,WILLIAM ST,FAIR,1463.0,0.054,0.5,0,0.5,0.5535422125557261,0.8,0,1,1.0,0.478
STEPHENS ST,12TH AV / KITSILANO DIVERSION,11TH AV,VERY POOR,2135.5,0.014,0.95,0,0.95,1.475733885923546,0.8,0,1,1.0,0.551
TRAFALGAR ST,YORK AV,CORNWALL AV / POINT GREY ROAD,VERY GOOD,1461.8,0.054,0.1,0,0.1,1.4844841960837698,0.8,0,1,1.0,0.407
PRINCE EDWARD ST,64TH AV,63RD AV,VERY POOR,752.0,0.222,0.95,0,0.95,1.3302704931263634,0.8,0,1,1.0,0.583
THE CRESCENT,TECUMSEH AV,MCRAE AV,VERY GOOD,901.4,0.165,0.1,0,0.1,271.4295948459969,0.5,0,1,1.0,0.349
PIPELINE RD,STANLEY PARK CAUSEWAY,STANLEY PARK DRIVE,FAIR,47.3,0.91,0.5,0,0.5,1.6352258774963957,0.8,0,1,1.0,0.607
THURLOW ST,NELSON ST,COMOX ST,POOR,74.5,0.862,0.8,0,0.8,224.77304534522565,0.2,0,1,1.0,0.503
NAPIER ST,SKEENA ST,KOOTENAY ST,VERY GOOD,158.6,0.728,0.1,0,0.1,90.04364063970877,0.5,0,1,1.0,0.434
PENDRELL ST,GILFORD ST,DENMAN ST,VERY GOOD,551.4,0.332,0.1,0,0.1,133.54243374292145,0.5,0,1,1.0,0.374
PENDER ST,RAYMUR AV,EAST END,GOOD,623.2,0.288,0.3,0,0.3,92.01771377297973,0.5,0,1,1.0,0.403
TRIUMPH ST,SLOCAN ST,KASLO ST,VERY GOOD,424.8,0.428,0.1,0,0.1,90.18196760432033,0.5,0,1,1.0,0.389
NANAIMO ST,28TH AV,27TH AV,VERY GOOD,971.1,0.143,0.1,0,0.1,0.12816878952901334,0.8,0,1,1.0,0.421
TRIMBLE ST,10TH AV,9TH AV,POOR,902.2,0.165,0.8,0,0.8,1.4864895374116145,0.8,0,1,1.0,0.548
NOOTKA ST,21ST AV,20TH AV,VERY GOOD,664.1,0.265,0.1,0,0.1,0.09044129686611768,0.8,0,1,1.0,0.439
ST GEORGE ST,35TH AV,34TH AV,VERY POOR,779.2,0.21,0.95,0,0.95,1.4862042331851057,0.8,0,1,1.0,0.581
PENTICTON ST,1ST AV,GRAVELEY ST,GOOD,909.2,0.162,0.3,0,0.3,0.5942716173796612,0.8,0,1,1.0,0.459
ONTARIO ST,61ST AV,60TH AV,FAIR,333.6,0.513,0.5,0,0.5,2.6323556395309993,0.8,0,1,1.0,0.547
NAPIER ST,GEORGE ST,CLARK DRIVE,GOOD,592.6,0.306,0.3,0,0.3,91.13491843270089,0.5,0,1,1.0,0.406
MATTHEWS AV,CYPRESS ST,PINE CRESCENT,POOR,1382.4,0.063,0.8,0,0.8,82.15701215040974,0.5,0,1,1.0,0.457
SASAMAT PL,4TH AV,NORTH END,VERY GOOD,702.6,0.245,0.1,0,0.1,352.017474918751,0.8,0,1,1.0,0.436
ROSEMONT DR,55TH AV,57TH AV,POOR,482.8,0.381,0.8,0,0.8,165.6089954503259,0.2,0,1,1.0,0.43
NANAIMO ST,MCGILL ST,TRINITY ST,VERY POOR,1204.4,0.09,0.95,0,0.95,357.3124079441926,0.8,0,1,1.0,0.563
PENDER ST,GRANVILLE ST,SEYMOUR ST,POOR,435.6,0.418,0.8,0,0.8,134.76136573853012,0.5,0,1,1.0,0.511
RUPERT ST,6TH AV,5TH AV,FAIR,528.6,0.347,0.5,0,0.5,359.9830814978417,0.8,0,1,1.0,0.522
NEWPORT AV,GLADSTONE ST,STIRLING ST,VERY POOR,907.0,0.163,0.95,0,0.95,90.63543275409631,0.5,0,1,1.0,0.499
MCNICOLL AV,MAPLE ST,CYPRESS ST,POOR,188.8,0.686,0.8,0,0.8,91.53073241758693,0.5,0,1,1.0,0.551
PINE CRES,19TH AV,PINE ST,POOR,1309.6,0.073,0.8,0,0.8,51.55579739970716,0.5,0,1,1.0,0.459
NANAIMO ST,37TH AV,35TH AV,POOR,584.7,0.311,0.8,0,0.8,0.4759900709529461,0.8,0,1,1.0,0.57
SELKIRK ST,72ND AV,71ST AV,FAIR,580.6,0.313,0.5,0,0.5,1.42583899886273,0.8,0,1,1.0,0.517
PACIFIC BLVD,CAMBIE ST,MARINASIDE CRESCENT / NELSON ST,POOR,34.2,0.934,0.8,0,0.8,98.51214673476602,0.5,1,1,1.0,0.889
ST GEORGE ST,38TH AV,NORTH END,VERY GOOD,885.9,0.17,0.1,0,0.1,1.1090376472693038,0.8,0,1,1.0,0.425
OGDEN AV,MAPLE ST,CYPRESS ST,POOR,169.3,0.713,0.8,0,0.8,105.02986949598017,0.5,0,1,1.0,0.555
MOSS ST,EUCLID AV,VANNESS AV,POOR,576.6,0.316,0.8,0,0.8,32.27614383459729,0.8,0,1,1.0,0.57
STANLEY PARK DR,DEADMANS ISLAND ROAD,STANLEY PARK SHORTCUT 1,VERY GOOD,536.6,0.342,0.1,0,0.1,73.55084467988809,0.5,0,1,1.0,0.376
PENTICTON ST,25TH AV,24TH AV,GOOD,911.3,0.162,0.3,0,0.3,0.23022571415708626,0.8,0,1,1.0,0.459
ONTARIO ST,14TH AV,13TH AV,FAIR,1038.0,0.125,0.5,0,0.5,1.6991250263106963,0.8,0,1,1.0,0.489
PRINCE ALBERT ST,8TH AV,7TH AV,VERY GOOD,1229.5,0.086,0.1,0,0.1,0.8562611415218271,0.8,0,1,1.0,0.412
RICHARDS ST,DUNSMUIR ST,GEORGIA ST,FAIR,229.9,0.631,0.5,0,0.5,224.79051549029035,0.2,0,1,1.0,0.415
MCLEAN DR,KITCHENER ST,CHARLES ST,GOOD,989.4,0.138,0.3,0,0.3,0.7743208111614308,0.8,0,1,1.0,0.455
TRAFALGAR ST,OLIVER CRESCENT,ALAMEIN AV,POOR,2302.7,0.01,0.8,0,0.8,1.5228965773584946,0.8,0,1,1.0,0.524
NOOTKA ST,25TH AV,24TH AV / BOYD DIVERSION,FAIR,974.9,0.142,0.5,0,0.5,0.32851571331730156,0.8,0,1,1.0,0.491
TEMPLETON DR,OXFORD ST,CAMBRIDGE ST,VERY POOR,1362.4,0.066,0.95,0,0.95,1.256117117169822,0.8,0,1,1.0,0.559
TRINITY ST,KAMLOOPS ST,PENTICTON ST,GOOD,912.6,0.161,0.3,0,0.3,90.11489132233834,0.5,0,1,1.0,0.384
ONTARIO ST,59TH AV,58TH AV,FAIR,245.5,0.612,0.5,0,0.5,1.295924738903011,0.8,0,1,1.0,0.562
RAVINE TRAIL,PIPELINE ROAD,STANLEY PARK DRIVE,VERY GOOD,154.9,0.734,0.1,0,0.1,50.93559278479154,0.5,0,1,1.0,0.435
RUPERT ST,22ND AV,21ST AV,VERY GOOD,769.1,0.215,0.1,0,0.1,359.9570284808733,0.8,0,1,1.0,0.432
MCLEAN DR,PENDER ST,HASTINGS ST,GOOD,1119.3,0.107,0.3,0,0.3,359.3058905390789,0.8,0,1,1.0,0.451
PENDER ST,HORNBY ST,HOWE ST,GOOD,375.0,0.472,0.3,0,0.3,134.74897392295247,0.5,0,1,1.0,0.431
PACIFIC ST,THURLOW ST,BURRARD ST,VERY GOOD,509.5,0.361,0.1,0,0.1,134.70416497860992,0.5,0,1,1.0,0.379
NANAIMO ST,50TH AV,49TH AV,VERY POOR,1372.5,0.064,0.95,0,0.95,0.8917676164807631,0.8,0,1,1.0,0.559
ONTARIO ST,WOODSTOCK AV,40TH AV,FAIR,484.1,0.38,0.5,0,0.5,1.7496567645556524,0.8,0,1,1.0,0.527
MORTON AV,BEACH AV,DENMAN ST,NO DATA,620.4,0.289,0.5,1,0.4,134.8075743919485,0.5,0,1,1.0,0.421
QUEBEC ST,19TH AV,18TH AV,GOOD,1247.0,0.083,0.3,0,0.3,1.6853833678316619,0.8,0,1,1.0,0.447
OXFORD ST,GARDEN DRIVE,NANAIMO ST,VERY GOOD,1147.9,0.101,0.1,0,0.1,90.51939917937074,0.5,0,1,1.0,0.339
PENDRELL ST,CARDERO ST,NICOLA ST,VERY GOOD,561.1,0.326,0.1,0,0.1,134.83660357939033,0.5,0,1,1.0,0.373
RENFREW ST,TRIUMPH ST,DUNDAS ST,VERY GOOD,261.7,0.593,0.1,0,0.1,0.06574862099506618,0.8,0,1,1.0,0.489
ST CATHERINES ST,49TH AV,47TH AV,FAIR,1424.9,0.058,0.5,0,0.5,1.425940182036527,0.8,0,1,1.0,0.479
PARKER ST,LILLOOET ST,HAZELTON ST,POOR,613.8,0.293,0.8,0,0.8,90.1002052348403,0.5,0,1,1.0,0.492
PENDER ST,CASSIAR ST,SKEENA ST,POOR,615.2,0.292,0.8,0,0.8,90.07736482543959,0.5,0,1,1.0,0.492
RUPERT ST,TURNER ST,PENDER ST,FAIR,426.0,0.427,0.5,0,0.5,0.025439284137462437,0.8,0,1,1.0,0.534
SIDNEY ST,26TH AV,25TH AV,GOOD,652.2,0.271,0.3,0,0.3,1.238141788119549,0.8,0,1,1.0,0.475
ONTARIO ST,10TH AV,BROADWAY,VERY GOOD,783.7,0.209,0.1,0,0.1,1.6529104398966297,0.8,0,1,1.0,0.431
SALSBURY DR,WILLIAM ST,NAPIER ST,GOOD,1456.0,0.054,0.3,0,0.3,0.738626244857187,0.8,0,1,1.0,0.443
ONTARIO ST,45TH AV,44TH AV,FAIR,433.6,0.42,0.5,0,0.5,1.6711057447582789,0.8,0,1,1.0,0.533
STIRLING ST,NEWPORT AV,BONNYVALE AV,VERY POOR,906.6,0.163,0.95,0,0.95,0.6592273349175457,0.8,0,1,1.0,0.574
PRESTWICK DR,NASSAU DRIVE,UPLAND DRIVE,GOOD,971.6,0.143,0.3,0,0.3,112.85256307353791,0.5,0,1,1.0,0.381
PRINCE EDWARD ST,10TH AV,BROADWAY,VERY GOOD,906.2,0.163,0.1,0,0.1,3.613856674671922,0.8,0,1,1.0,0.424
THE CASTINGS,LAMEYS MILL ROAD,NORTHWEST END,VERY GOOD,256.6,0.599,0.1,0,0.1,323.4266223432869,0.8,0,1,1.0,0.489
TRUTCH ST,5TH AV,4TH AV,GOOD,1279.5,0.077,0.3,0,0.3,1.4710572267943007,0.8,0,1,1.0,0.446
NANAIMO ST,51ST AV,50TH AV,VERY POOR,1292.2,0.075,0.95,0,0.95,1.0636593885188859,0.8,0,1,1.0,0.561
SCOTIA ST,SOUTH END,TERMINAL AV,GOOD,483.1,0.381,0.3,0,0.3,14.520948961710928,0.8,1,1,1.0,0.792
NATIONAL AV,THORNTON ST,CHESS ST,FAIR,280.3,0.571,0.5,0,0.5,104.52185397390025,0.5,0,1,1.0,0.481
ST GEORGE ST,AUBREY PLACE,29TH AV,POOR,1002.6,0.135,0.8,0,0.8,1.0664427032721164,0.8,0,1,1.0,0.543
ONTARIO ST,54TH AV,53RD AV,GOOD,286.8,0.563,0.3,0,0.3,1.3057228341646123,0.8,0,1,1.0,0.519
RAYMUR AV,PARKER ST,UNION ST,GOOD,362.2,0.485,0.3,0,0.3,1.5966049895766332,0.8,0,1,1.0,0.508
QUEENS AV,PICTON ST,MANOR ST,GOOD,722.7,0.236,0.3,0,0.3,122.00557007941507,0.5,0,1,1.0,0.395
PINE ST,BROADWAY,8TH AV,GOOD,705.3,0.244,0.3,0,0.3,1.4798155261942156,0.8,0,1,1.0,0.471
TEMPLETON DR,CAMBRIDGE ST,ETON ST,POOR,1397.9,0.061,0.8,0,0.8,0.9820058585883658,0.8,0,1,1.0,0.532
TRUTCH ST,13TH AV,12TH AV,VERY GOOD,1580.7,0.042,0.1,0,0.1,1.497459495318651,0.8,0,1,1.0,0.406
PARKER ST,VICTORIA DRIVE,SEMLIN DRIVE,GOOD,1597.1,0.041,0.3,0,0.3,89.15163963715565,0.5,0,1,1.0,0.366
ONTARIO ST,39TH AV,38TH AV,FAIR,282.9,0.568,0.5,0,0.5,1.3363850498784586,0.8,0,1,1.0,0.555
ST GEORGE ST,46TH AV,45TH AV,VERY GOOD,941.4,0.152,0.1,0,0.1,0.8892631390600059,0.8,0,1,1.0,0.422
PRINCE EDWARD ST,33RD AV,32ND AV,FAIR,649.3,0.273,0.5,0,0.5,1.64611726270806,0.8,0,1,1.0,0.511
SLOCAN ST,TRINITY ST,YALE ST,VERY POOR,730.7,0.232,0.95,0,0.95,0.11788727200450921,0.8,0,1,1.0,0.584
NW MARINE DR,LOCARNO CRESCENT,4TH AV,VERY GOOD,275.7,0.576,0.1,0,0.1,102.62430003248454,0.5,0,1,1.0,0.411
OSLER ST,67TH AV,64TH AV,VERY GOOD,1090.3,0.113,0.1,0,0.1,1.7030340252995302,0.8,0,1,1.0,0.416
SLOCAN ST,8TH AV,7TH AV,POOR,445.8,0.41,0.8,0,0.8,0.8303680991816123,0.8,0,1,1.0,0.585
MCLEAN DR,POWELL ST,NORTH END,VERY POOR,1309.4,0.073,0.95,0,0.95,1.1629253052300328,0.8,0,1,1.0,0.56
TRAFALGAR ST,33RD AV,32ND AV,GOOD,1913.9,0.022,0.3,0,0.3,1.492142162639425,0.8,0,1,1.0,0.438
OAK ST,8TH AV,7TH AV,FAIR,244.7,0.613,0.5,0,0.5,1.4763050174943828,0.8,0,1,1.0,0.562
NATIONAL AV,QUEBEC ST,MAIN ST,FAIR,468.4,0.392,0.5,0,0.5,91.44005783145212,0.5,0,1,1.0,0.454
PRINCE EDWARD ST,40TH AV,39TH AV,GOOD,747.4,0.224,0.3,0,0.3,1.4909453191682474,0.8,0,1,1.0,0.468
NAPIER ST,KAMLOOPS ST,PENTICTON ST,POOR,1019.1,0.13,0.8,0,0.8,90.14552518068848,0.5,0,1,1.0,0.467
ST CATHERINES ST,13TH AV,12TH AV,VERY POOR,1609.1,0.04,0.95,0,0.95,0.8540239056110295,0.8,0,1,1.0,0.555
PINE CRES,33RD AV,32ND AV,VERY POOR,779.7,0.21,0.95,0,0.95,356.5340978671576,0.8,0,1,1.0,0.581
THORNTON ST 1,1ST AV,DEAD END,GOOD,554.6,0.33,0.3,0,0.3,14.527000922961747,0.8,0,1,1.0,0.484
RUPERT ST,16TH AV,15TH AV / WORTHINGTON DRIVE,FAIR,391.1,0.457,0.5,0,0.5,0.276324745850161,0.8,0,1,1.0,0.539
PRINCE EDWARD ST,15TH AV,14TH AV,VERY GOOD,1334.7,0.069,0.1,0,0.1,3.5667452618410493,0.8,0,1,1.0,0.41
OXFORD ST,NANAIMO ST,KAMLOOPS ST,FAIR,1020.2,0.13,0.5,0,0.5,90.13588526474985,0.5,0,1,1.0,0.414
NAPIER ST,VICTORIA DRIVE,SEMLIN DRIVE,GOOD,1583.3,0.042,0.3,0,0.3,90.70776481716985,0.5,0,1,1.0,0.366
PENDER ST,ABBOTT ST,TAYLOR ST,FAIR,161.8,0.724,0.5,0,0.5,105.62252557182114,0.5,0,1,1.0,0.504
RUPERT ST,3RD AV,2ND AV,GOOD,349.6,0.497,0.3,0,0.3,0.6795152000338476,0.8,0,1,1.0,0.509
QUADRA ST,18TH AV,NORTH END,GOOD,1755.4,0.03,0.3,0,0.3,347.39015277937114,0.8,0,1,1.0,0.439
NANAIMO ST,KINGSWAY,GALT ST,GOOD,719.2,0.237,0.3,0,0.3,36.31471521654481,0.8,0,1,1.0,0.47
RALEIGH ST,COLERIDGE AV,47TH AV,GOOD,1136.7,0.103,0.3,0,0.3,2.1476504160631293,0.8,0,1,1.0,0.45
ONTARIO PL,ONTARIO ST,QUEBEC ST,FAIR,704.5,0.244,0.5,0,0.5,91.80006639495934,0.5,0,1,1.0,0.432
SKEENA ST,PANDORA ST,TRIUMPH ST,VERY GOOD,755.9,0.22,0.1,0,0.1,0.31306885026697273,0.8,0,1,1.0,0.432
RAYMUR AV,MALKIN AV,WILLIAM ST,VERY GOOD,377.8,0.47,0.1,0,0.1,1.4946085618353777,0.8,0,1,1.0,0.47
QUEBEC ST,56TH AV,55TH AV,VERY GOOD,427.6,0.425,0.1,0,0.1,0.6083065979074149,0.8,0,1,1.0,0.463
TEMPLETON DR,13TH AV,GRANDVIEW HWY,VERY GOOD,195.1,0.677,0.1,0,0.1,6.335189357240267,0.8,0,1,1.0,0.501
PRINCE EDWARD ST,46TH AV,45TH AV,VERY POOR,714.1,0.24,0.95,0,0.95,1.6811368639737907,0.8,0,1,1.0,0.585
ST GEORGE ST,6TH AV,5TH AV,VERY POOR,769.5,0.215,0.95,0,0.95,0.6502042570160143,0.8,0,1,1.0,0.582
PENTICTON ST,TRINITY ST,YALE ST,VERY POOR,912.7,0.161,0.95,0,0.95,359.9518309932768,0.8,0,1,1.0,0.574
SCHOOL AV,HAROLD ST,SENLAC ST,GOOD,1207.2,0.089,0.3,0,0.3,120.55207382247573,0.5,0,1,1.0,0.373
PANDORA ST,WOODLAND DRIVE,COMMERCIAL DRIVE,POOR,1382.3,0.063,0.8,0,0.8,91.12590001244149,0.5,0,1,1.0,0.457
QUILCHENA CRES,ARBUTUS ST,ASPEN AV / LINDEN ROAD,FAIR,1094.3,0.112,0.5,0,0.5,86.21143947651865,0.5,0,1,1.0,0.412
ROSS ST,55TH AV,54TH AV,VERY GOOD,1315.4,0.072,0.1,0,0.1,1.5127347141387872,0.8,0,1,1.0,0.41
SASAMAT ST,1ST AV,LANGARA AV,POOR,759.0,0.219,0.8,0,0.8,1.493507272758393,0.8,0,1,1.0,0.556
TEMPLETON DR,5TH AV,4TH AV,VERY POOR,579.3,0.314,0.95,0,0.95,0.6739262693228625,0.8,0,1,1.0,0.597
ST CATHERINES ST,32ND AV,31ST AV,FAIR,1457.0,0.054,0.5,0,0.5,1.0754554983298021,0.8,0,1,1.0,0.478
SELKIRK ST,26TH AV,KING EDWARD AV,VERY POOR,829.9,0.19,0.95,0,0.95,1.486309128442599,0.8,0,1,1.0,0.578
NICOLA ST,PENDRELL ST,COMOX ST,FAIR,557.9,0.328,0.5,0,0.5,44.7591617954713,0.8,0,1,1.0,0.519
PINE ST,CEDAR CRESCENT,16TH AV,VERY POOR,1145.4,0.101,0.95,0,0.95,1.2865449573729393,0.8,0,1,1.0,0.564
STEPHENS ST,14TH AV,13TH AV,VERY POOR,2231.5,0.012,0.95,0,0.95,1.4760697606154167,0.8,0,1,1.0,0.551
MCHARDY ST,KINGSWAY,TAUNTON ST,FAIR,900.4,0.165,0.5,0,0.5,14.996002424181256,0.8,0,1,1.0,0.495
POINT GREY RD,TRUTCH ST,BALACLAVA ST,VERY GOOD,1277.0,0.078,0.1,0,0.1,99.57536497007055,0.5,0,1,1.0,0.336
OSLER ST,32ND AV,CONNAUGHT DRIVE,FAIR,237.4,0.622,0.5,0,0.5,1.420808271589408,0.8,0,1,1.0,0.564
PINE CRES,NANTON AV,KING EDWARD AV,GOOD,1094.9,0.112,0.3,0,0.3,1.480916022428687,0.8,0,1,1.0,0.451
RICHARDS ST,NELSON ST,HELMCKEN ST,VERY GOOD,385.5,0.463,0.1,0,0.1,224.77523151463225,0.2,0,1,1.0,0.319
RENFREW ST,23RD AV,BOYD DIVERSION,FAIR,917.4,0.16,0.5,0,0.5,34.706959637281216,0.8,0,1,1.0,0.494
PRINCESS AV,PENDER ST,HASTINGS ST,VERY GOOD,533.8,0.344,0.1,0,0.1,1.8253589204613263,0.8,0,1,1.0,0.451
PORTER ST,VICTORIA DIVERSION,VICTORIA DRIVE,VERY POOR,235.6,0.624,0.95,0,0.95,26.196862910227026,0.8,0,1,1.0,0.643
TOLMIE ST,NW MARINE DRIVE,NORTH END,NO DATA,786.2,0.208,0.5,1,0.4,1.5069472009140554,0.8,0,1,1.0,0.483
NOOTKA ST,ADANAC ST,GEORGIA ST,VERY GOOD,351.7,0.495,0.1,0,0.1,357.6906616561796,0.8,0,1,1.0,0.474
PARK DR,SELKIRK ST,OSLER ST,VERY POOR,1217.1,0.088,0.95,0,0.95,113.65869399260896,0.5,0,1,1.0,0.487
NANAIMO ST,52ND AV,51ST AV,VERY POOR,1221.3,0.087,0.95,0,0.95,6.497949793393161,0.8,0,1,1.0,0.562
SLOCAN ST,21ST AV,20TH AV,VERY POOR,888.0,0.169,0.95,0,0.95,0.6767866272099354,0.8,0,1,1.0,0.575
ONTARIO ST,ONTARIO ST NB TO E 18TH AV,17TH AV,POOR,1225.4,0.086,0.8,0,0.8,354.4705868072699,0.8,0,1,1.0,0.536
MONTCALM ST,72ND AV,71ST AV,FAIR,526.7,0.349,0.5,0,0.5,1.4408098361758448,0.8,0,1,1.0,0.522
PENDER ST,SEMLIN DRIVE,LAKEWOOD DRIVE,VERY POOR,1434.3,0.057,0.95,0,0.95,90.51611334731194,0.5,0,1,1.0,0.483
SEMLIN DR,11TH AV,NORTH END,VERY POOR,351.0,0.496,0.95,0,0.95,8.487230525265602,0.8,0,1,1.0,0.624
PINE CRES,32ND AV,30TH AV,POOR,831.7,0.189,0.8,0,0.8,357.59562115895994,0.8,0,1,1.0,0.551
SHERBROOKE ST,57TH AV,55TH AV,FAIR,1103.7,0.11,0.5,0,0.5,0.5110427290544521,0.8,0,1,1.0,0.486
OSLER ST,41ST AV,40TH AV,POOR,436.5,0.418,0.8,0,0.8,1.3991422526867154,0.8,0,1,1.0,0.586
TRAFALGAR ST,15TH AV,14TH AV,VERY GOOD,2195.2,0.012,0.1,0,0.1,1.450702994939661,0.8,0,1,1.0,0.401
WINDERMERE ST,20TH AV,19TH AV,VERY POOR,647.3,0.274,0.95,0,0.95,0.10153080685842042,0.8,0,1,1.0,0.591
WINDSOR ST,18TH AV,17TH AV,POOR,1472.3,0.053,0.8,0,0.8,1.480321515340961,0.8,0,1,1.0,0.531
WHYTE AV,ARBUTUS ST,MAPLE ST,VERY GOOD,388.9,0.459,0.1,0,0.1,91.53861835580642,0.5,0,1,1.0,0.394
VANCOUVER AQUARIUM ST,AVISON WAY,STANLEY PARK DRIVE,VERY POOR,78.5,0.855,0.95,0,0.95,21.46452261923548,0.8,0,1,1.0,0.678
WINDSOR ST,KING EDWARD AV,23RD AV,POOR,1628.3,0.039,0.8,0,0.8,1.314230665475577,0.8,0,1,1.0,0.529
VINE ST,1ST AV,YORK AV,VERY POOR,1049.6,0.123,0.95,0,0.95,1.4888580592852918,0.8,0,1,1.0,0.568
YEW ST,41ST AV,40TH AV,NO DATA,1328.0,0.07,0.5,1,0.4,1.3946193492706698,0.8,0,1,1.0,0.463
VIVIAN ST,47TH AV,46TH AV,FAIR,1011.9,0.132,0.5,0,0.5,2.0016970426733565,0.8,0,1,1.0,0.49
VERNON DR,UNION ST,ADANAC ST,NO DATA,638.5,0.279,0.5,1,0.4,1.2435662081422834,0.8,0,1,1.0,0.494
YEW ST,43RD AV,42ND AV,VERY POOR,1117.2,0.107,0.95,0,0.95,1.4878197098998385,0.8,0,1,1.0,0.565
WOODLAND DR,6TH AV,5TH AV,FAIR,1154.7,0.099,0.5,0,0.5,0.7944512247402713,0.8,0,1,1.0,0.485
WALDEN ST,33RD AV,NORTH END,VERY POOR,425.9,0.427,0.95,0,0.95,1.8088209523682508,0.8,0,1,1.0,0.614
WINDSOR ST,26TH AV,KING EDWARD AV,GOOD,1693.7,0.034,0.3,0,0.3,0.5042583282161672,0.8,0,1,1.0,0.44
VANNESS AV,KILLARNEY ST,MANOR ST,VERY POOR,812.8,0.197,0.95,0,0.95,121.98006757956085,0.5,0,1,1.0,0.504
VICTORIA DR,CHARLES ST,WILLIAM ST,FAIR,1467.7,0.053,0.5,0,0.5,0.44203833538801973,0.8,0,1,1.0,0.478
WEST BLVD,54TH AV,53RD AV,VERY GOOD,791.6,0.205,0.1,0,0.1,338.85401797110785,0.8,0,1,1.0,0.43
YALE ST,KOOTENAY ST,BOUNDARY ROAD,VERY GOOD,655.5,0.27,0.1,0,0.1,90.05631761007027,0.5,0,1,1.0,0.365
WINDSOR ST,19TH AV,18TH AV,FAIR,1486.1,0.051,0.5,0,0.5,1.3953005947349766,0.8,0,1,1.0,0.478
VERNON DR,PARKER ST,VENABLES ST,VERY POOR,654.7,0.27,0.95,0,0.95,0.8087587081177503,0.8,0,1,1.0,0.59
WILLIAM ST,GLEN DRIVE,EAST END,VERY GOOD,472.1,0.389,0.1,0,0.1,91.20261179381401,0.5,0,1,1.0,0.383
WELLINGTON AV,ABERDEEN ST,HOY ST,FAIR,676.3,0.259,0.5,0,0.5,122.12125467704539,0.5,0,1,1.0,0.434
WINDSOR ST,40TH AV,39TH AV,POOR,1597.1,0.041,0.8,0,0.8,359.7046001603994,0.8,0,1,1.0,0.529
VICTORIA DR,43RD AV,42ND AV,VERY POOR,1240.7,0.084,0.95,0,0.95,0.9442542798300337,0.8,0,1,1.0,0.562
VINE ST,2ND AV,1ST AV,GOOD,1107.0,0.109,0.3,0,0.3,1.519687661266346,0.8,0,1,1.0,0.451
YALE ST,KAMLOOPS ST,PENTICTON ST,VERY GOOD,949.2,0.15,0.1,0,0.1,89.9626527951927,0.5,0,1,1.0,0.347
WILLOW ST,39TH AV,38TH AV,VERY POOR,503.7,0.365,0.95,0,0.95,1.3755496213840956,0.8,0,1,1.0,0.604
VICTORIA DR,PARKER ST,VENABLES ST,GOOD,1597.5,0.041,0.3,0,0.3,0.7162705563574718,0.8,0,1,1.0,0.441
WINDERMERE ST,ADANAC ST,GEORGIA ST,POOR,427.8,0.425,0.8,0,0.8,3.3774448638506556,0.8,0,1,1.0,0.587
UPLAND DR,HUMM ST,GLADSTONE ST,FAIR,1096.2,0.112,0.5,0,0.5,91.42754978532093,0.5,0,1,1.0,0.412
WILLOW ST,BROADWAY,8TH AV,VERY POOR,278.1,0.573,0.95,0,0.95,1.4919302443383344,0.8,0,1,1.0,0.636
WILLIAM ST,SKEENA ST,KOOTENAY ST,POOR,66.9,0.875,0.8,0,0.8,90.02833915976987,0.5,0,1,1.0,0.58
VINE ST,51ST AV,49TH AV,POOR,421.2,0.431,0.8,0,0.8,0.269233909341267,0.8,0,1,1.0,0.588
WATERLOO ST,11TH AV,10TH AV,GOOD,1229.7,0.085,0.3,0,0.3,1.4935294508437096,0.8,0,1,1.0,0.447
VICTORIA DR,PRESTWICK DRIVE,JASPER CRESCENT,VERY GOOD,971.3,0.143,0.1,0,0.1,1.095873447952556,0.8,0,1,1.0,0.421
VICTORIA DR,3RD AV,2ND AV,POOR,1013.0,0.132,0.8,0,0.8,0.8019435675925024,0.8,0,1,1.0,0.543
WAVERLEY AV,WALES ST,VIVIAN ST,GOOD,1201.5,0.09,0.3,0,0.3,90.56847553417907,0.5,0,1,1.0,0.373
YUKON ST,27TH AV / TALISMAN AV,26TH AV,POOR,267.1,0.586,0.8,0,0.8,1.6646573483484985,0.8,0,1,1.0,0.611
VANNESS AV,MELBOURNE ST,OBEN ST,FAIR,855.6,0.181,0.5,0,0.5,125.1526398920879,0.5,0,1,1.0,0.422
YUKON ST,18TH AV,17TH AV,FAIR,832.6,0.189,0.5,0,0.5,1.744309252830476,0.8,0,1,1.0,0.498
VICTORIA DR,15TH AV,14TH AV,GOOD,187.7,0.687,0.3,0,0.3,0.7530959958194217,0.8,0,1,1.0,0.538
WALDEN ST,36TH AV,33RD AV,POOR,401.5,0.448,0.8,0,0.8,1.6957842548151802,0.8,0,1,1.0,0.59
WINDERMERE ST,26TH AV,25TH AV,GOOD,608.0,0.296,0.3,0,0.3,0.0681508074252406,0.8,0,1,1.0,0.479
VENABLES ST,NOOTKA ST,LILLOOET ST,VERY POOR,556.7,0.328,0.95,0,0.95,90.13219223236536,0.5,0,1,1.0,0.524
VANNESS AV,MOSS ST,FAIRMONT ST,VERY GOOD,811.5,0.197,0.1,0,0.1,121.98052789488327,0.5,0,1,1.0,0.354
YEW ST,EDDINGTON DRIVE,NANTON AV,VERY POOR,1500.7,0.05,0.95,0,0.95,1.541603904353508,0.8,0,1,1.0,0.557
YEW ST,48TH AV,47TH AV,NO DATA,699.4,0.247,0.5,1,0.4,1.758031583564616,0.8,0,1,1.0,0.489
WATERLOO ST,12TH AV,11TH AV,GOOD,1294.3,0.075,0.3,0,0.3,1.5110637358585564,0.8,0,1,1.0,0.446
WEST BLVD,42ND AV,41ST AV,VERY POOR,1310.6,0.073,0.95,0,0.95,1.4670329130790378,0.8,0,1,1.0,0.56
WINDSOR ST,62ND AV,61ST AV,POOR,698.2,0.247,0.8,0,0.8,0.3188534608416944,0.8,0,1,1.0,0.56
WILLIAM ST,LILY ST,ROSE ST,VERY GOOD,1453.7,0.055,0.1,0,0.1,90.70119722369111,0.5,0,1,1.0,0.332
VICTORIA DR,13TH AV,12TH AV,FAIR,250.5,0.606,0.5,0,0.5,0.7627264413847001,0.8,0,1,1.0,0.561
WINDERMERE ST,21ST AV,20TH AV,POOR,731.3,0.232,0.8,0,0.8,0.10758207109120121,0.8,0,1,1.0,0.558
VINE ST,4TH AV,3RD AV,VERY GOOD,1237.4,0.084,0.1,0,0.1,1.5203827911273038,0.8,0,1,1.0,0.412
VICTORIA DR,41ST AV,40TH AV,VERY POOR,1150.1,0.1,0.95,0,0.95,1.093034802134639,0.8,0,1,1.0,0.564
WALKER ST,VANNESS AV,19TH AV,VERY POOR,380.5,0.467,0.95,0,0.95,24.958221583471186,0.8,0,1,1.0,0.62
YEW ST,47TH AV,46TH AV,NO DATA,770.9,0.214,0.5,1,0.4,1.3874412742671325,0.8,0,1,1.0,0.484
YEW ST,13TH AV,SALAL DRIVE,VERY GOOD,1515.9,0.048,0.1,0,0.1,1.5651774228250588,0.8,0,1,1.0,0.407
VENABLES ST,CLARK DRIVE,ODLUM DRIVE,GOOD,767.6,0.215,0.3,0,0.3,90.99282265248291,0.5,0,1,1.0,0.392
VICTORIA DR,POWELL ST,NORTH END,NO DATA,1744.3,0.031,0.5,1,0.4,0.7789503833748199,0.8,1,1,1.0,0.757
WALL ST,PENTICTON ST,SLOCAN ST,NO DATA,859.8,0.179,0.5,1,0.4,73.9965971050915,0.5,0,1,1.0,0.404
VICTORIA DR,28TH AV,27TH AV,FAIR,873.4,0.174,0.5,0,0.5,1.1073201740878744,0.8,0,1,1.0,0.496
WALTER HARDWICK AV,SALT ST,ONTARIO ST,NO DATA,86.9,0.84,0.5,1,0.4,91.67770977245118,0.5,0,1,1.0,0.504
VICTORIA DR,2ND AV,1ST AV,FAIR,1082.0,0.115,0.5,0,0.5,0.7789005716003885,0.8,0,1,1.0,0.487
WINDERMERE ST,4TH AV,3RD AV,GOOD,572.7,0.318,0.3,0,0.3,0.5615601819699805,0.8,0,1,1.0,0.482
WATERLOO ST,4TH AV,3RD AV,GOOD,984.1,0.14,0.3,0,0.3,1.4594763516583384,0.8,0,1,1.0,0.456
VIVIAN DR,ELLIOTT ST,BOBOLINK AV,FAIR,340.2,0.506,0.5,0,0.5,40.81236654360532,0.8,0,1,1.0,0.546
WINDSOR ST,8TH AV,7TH AV,GOOD,1274.1,0.078,0.3,0,0.3,0.8117313028885178,0.8,0,1,1.0,0.446
WALL ST,DUNDAS ST / POWELL ST,ETON ST,FAIR,1499.7,0.05,0.5,0,0.5,34.16207747326138,0.8,0,1,1.0,0.477
VANNESS AV,BRANT ST,NANAIMO ST,GOOD,665.4,0.264,0.3,0,0.3,122.32839336768768,0.5,0,1,1.0,0.399
VICTORIA DR,KENT AV NORTH,SE MARINE DRIVE,FAIR,77.8,0.856,0.5,0,0.5,0.6717682438975316,0.8,0,1,1.0,0.599
WALLACE ST,4TH AV,2ND AV,FAIR,184.5,0.691,0.5,0,0.5,1.5659511923709033,0.8,0,1,1.0,0.574
VANNESS AV,RUPERT ST,SPENCER ST,POOR,692.2,0.25,0.8,0,0.8,122.08507027562109,0.5,0,1,1.0,0.486
WINDSOR ST,27TH AV,26TH AV,POOR,1745.6,0.03,0.8,0,0.8,0.7227565441978072,0.8,0,1,1.0,0.527
WALLACE ST,1ST AV,POINT GREY ROAD,VERY GOOD,294.6,0.555,0.1,0,0.1,0.7840103848486706,0.8,0,1,1.0,0.483
WALL ST,TRINITY ST,NANAIMO ST,FAIR,1262.1,0.08,0.5,0,0.5,52.9050714350775,0.5,0,1,1.0,0.407
MAPLE ST,50TH AV,49TH AV,NO DATA,975.3,0.142,0.5,1,0.4,1.2277940623996528,0.8,0,1,1.0,0.474
ELLIOTT ST,48TH AV,WAVERLEY AV,FAIR,1232.6,0.085,0.5,0,0.5,1.0776557728700595,0.8,0,1,1.0,0.483
ELM ST,31ST AV,TRAFALGAR ST,VERY GOOD,2075.6,0.016,0.1,0,0.1,309.3021949046966,0.5,0,1,1.0,0.327
GUELPH ST,6TH AV,5TH AV,VERY POOR,652.8,0.271,0.95,0,0.95,0.6763312535504724,0.8,0,1,1.0,0.59
KILLARNEY ST,41ST AV,40TH AV,FAIR,519.9,0.354,0.5,0,0.5,0.25472962865603677,0.8,0,1,1.0,0.523
GARDEN DR,18TH AV,17TH AV,VERY POOR,218.7,0.646,0.95,0,0.95,0.22370737452519052,0.8,0,1,1.0,0.647
GORE AV,GEORGIA ST,KEEFER ST,GOOD,405.7,0.444,0.3,0,0.3,354.8375394341643,0.8,0,1,1.0,0.501
CREELMAN AV,LABURNUM ST,MAPLE ST,GOOD,440.4,0.414,0.3,0,0.3,91.55131106795648,0.5,0,1,1.0,0.422
MATHESON CRES,ARBOR AV,BLAKE ST,GOOD,725.8,0.234,0.3,0,0.3,295.7038986792379,0.5,0,1,1.0,0.395
KITCHENER ST,GARDEN DRIVE,NANAIMO ST,VERY POOR,1160.7,0.098,0.95,0,0.95,90.97258228432747,0.5,0,1,1.0,0.489
MACKENZIE ST,15TH AV,14TH AV,POOR,2041.8,0.017,0.8,0,0.8,1.4849352594107472,0.8,0,1,1.0,0.525
LAUREL ST,8TH AV,7TH AV,FAIR,165.6,0.718,0.5,0,0.5,1.4713621361935907,0.8,0,1,1.0,0.578
CYPRESS ST,MCNICOLL AV,OGDEN AV,VERY GOOD,169.0,0.713,0.1,0,0.1,1.5488831632635538,0.8,0,1,1.0,0.507
HUDSON ST,BALFOUR AV,MATTHEWS AV,FAIR,1146.0,0.101,0.5,0,0.5,347.7231884401661,0.8,0,1,1.0,0.485
FAIRMONT ST,EUCLID AV,VANNESS AV,GOOD,610.1,0.295,0.3,0,0.3,32.26368506080132,0.8,0,1,1.0,0.479
LILLOOET ST,25TH AV,24TH AV,VERY GOOD,811.4,0.197,0.1,0,0.1,0.20615066619632216,0.8,0,1,1.0,0.429
LAKEWOOD ST,20TH AV,19TH AV,VERY POOR,207.0,0.661,0.95,0,0.95,23.153032902728285,0.8,0,1,1.0,0.649
MAPLE ST,20TH AV,19TH AV,POOR,1738.0,0.031,0.8,0,0.8,1.5004256250110188,0.8,0,1,1.0,0.527
LARCH ST,35TH AV,34TH AV,NO DATA,1822.2,0.026,0.5,1,0.4,1.4441681628774745,0.8,0,1,1.0,0.456
FALAISE AV,WORTHINGTON DRIVE,MATAPAN CRESCENT,POOR,602.8,0.3,0.8,0,0.8,45.12020428956828,0.5,0,1,1.0,0.493
RUPERT ST,CHARLES ST,WILLIAM ST,VERY GOOD,248.4,0.609,0.1,0,0.1,0.5498162383669296,0.8,0,1,1.0,0.491
SELKIRK ST,PARK DRIVE,59TH AV,NO DATA,1325.6,0.071,0.5,1,0.4,1.2412969638194227,0.8,0,1,1.0,0.463
TEMPLETON DR,4TH AV,3RD AV,VERY GOOD,656.7,0.269,0.1,0,0.1,0.7910216390192772,0.8,0,1,1.0,0.44
TRUTCH ST,BROADWAY,8TH AV,GOOD,1380.8,0.063,0.3,0,0.3,1.5050396851473238,0.8,0,1,1.0,0.444
THORNTON ST 1,GREAT NORTHERN WAY,1ST AV,VERY GOOD,564.7,0.323,0.1,0,0.1,8.910361860599494,0.8,0,1,1.0,0.448
TRIUMPH ST,TEMPLETON DRIVE,GARDEN DRIVE,VERY GOOD,1172.2,0.096,0.1,0,0.1,90.46255802677467,0.5,0,1,1.0,0.339
SEMLIN DR,PANDORA ST,TRIUMPH ST,VERY GOOD,1576.0,0.043,0.1,0,0.1,2.9921426451817297,0.8,0,1,1.0,0.406
SELKIRK ST,52ND AV,51ST AV,POOR,1507.0,0.049,0.8,0,0.8,1.4417311800257266,0.8,0,1,1.0,0.53
STAINSBURY AV,COMMERCIAL ST,BEATRICE ST,FAIR,422.4,0.43,0.5,0,0.5,115.04830862449336,0.5,0,1,1.0,0.46
TYNE ST,STAMFORD ST,EUCLID AV,GOOD,1007.0,0.133,0.3,0,0.3,7.831029562481035,0.8,0,1,1.0,0.455
PUGET DR,ALAMEIN AV,24TH AV,NO DATA,2583.6,0.006,0.5,1,0.4,330.55841920112124,0.8,0,1,1.0,0.453
TOLMIE ST,2ND AV,1ST AV,VERY POOR,873.3,0.174,0.95,0,0.95,1.5124605237954256,0.8,0,1,1.0,0.576
THURLOW ST,ROBSON ST,HARO ST,VERY POOR,250.4,0.606,0.95,0,0.95,224.77297121365606,0.2,0,1,1.0,0.491
TUPPER ST,20TH AV,19TH AV,VERY GOOD,769.1,0.215,0.1,0,0.1,1.3638293384527174,0.8,0,1,1.0,0.432
ST GEORGE ST,19TH AV,18TH AV,FAIR,1694.0,0.034,0.5,0,0.5,1.4748861568275515,0.8,0,1,1.0,0.475
ROBSON ST,CHILCO ST / LAGOON DRIVE,GILFORD ST,VERY POOR,101.4,0.816,0.95,0,0.95,134.81331816692125,0.5,0,1,1.0,0.597
RENFREW ST,6TH AV,5TH AV,FAIR,755.8,0.221,0.5,0,0.5,0.19333325416351954,0.8,0,1,1.0,0.503
SASAMAT ST,5TH AV,4TH AV,VERY POOR,798.0,0.203,0.95,0,0.95,1.5001449357766319,0.8,0,1,1.0,0.58
NOOTKA ST,GRANT ST,KITCHENER ST,VERY POOR,779.8,0.21,0.95,0,0.95,0.6509630389040808,0.8,0,1,1.0,0.581
PENDER ST,HAMILTON ST,CAMBIE ST,GOOD,184.1,0.692,0.3,0,0.3,133.9506538163718,0.5,0,1,1.0,0.464
MIDLOTHIAN AV,DINMONT AV,QUEEN ELIZABETH PARK ROAD 1,FAIR,66.4,0.876,0.5,0,0.5,142.82441770346531,0.2,0,1,1.0,0.452
N LAGOON DR_1,LAGOON DR TO CAUSEWAY SB RAMP,STANLEY PARK DRIVE,VERY GOOD,27.0,0.947,0.1,0,0.1,60.47929215799945,0.5,1,1,1.0,0.767
ROSSLAND ST,WILLIAM ST,PARKER ST,VERY GOOD,718.7,0.238,0.1,0,0.1,0.6794374298457342,0.8,0,1,1.0,0.435
SLOCAN ST,WARD ST,NORQUAY ST,POOR,453.0,0.404,0.8,0,0.8,32.66017265582036,0.8,0,1,1.0,0.584
QUEBEC ST,8TH AV,7TH AV,FAIR,577.3,0.315,0.5,0,0.5,1.6207125852736795,0.8,0,1,1.0,0.517
POINT GREY RD,HIGHBURY ST,ALMA ST,VERY GOOD,461.9,0.397,0.1,0,0.1,91.52847010849723,0.5,0,1,1.0,0.384
SKEENA ST,PENDER ST,HASTINGS ST,VERY GOOD,746.1,0.225,0.1,0,0.1,0.08555006420851896,0.8,0,1,1.0,0.433
ST GEORGE ST,21ST AV,20TH AV,FAIR,1572.7,0.043,0.5,0,0.5,1.3884131850249446,0.8,0,1,1.0,0.476
PRINCESS AV,GEORGIA ST,KEEFER ST,GOOD,356.2,0.49,0.3,0,0.3,1.7088176680647393,0.8,0,1,1.0,0.508
TEAHOUSE LANE,THIRD BEACH PARKING LANE,STANLEY PARK DRIVE,FAIR,999.8,0.135,0.5,0,0.5,201.48337251365376,0.2,0,1,1.0,0.34
SW MARINE DR,70TH AV,71ST AV,FAIR,373.5,0.474,0.5,0,0.5,182.27508245012416,0.2,0,1,1.0,0.391
NANTON AV,ARBUTUS ST,MAPLE ST,GOOD,1348.0,0.067,0.3,0,0.3,91.4609844219546,0.5,0,1,1.0,0.37
SLOCAN ST,KITCHENER ST,CHARLES ST,VERY POOR,1053.7,0.122,0.95,0,0.95,0.5375294053183666,0.8,0,1,1.0,0.568
NANAIMO ST,23RD AV,22ND AV,POOR,546.0,0.336,0.8,0,0.8,0.14230382211536607,0.8,0,1,1.0,0.573
SHAUGHNESSY ST,KENT AV SOUTH,SOUTHEAST END,GOOD,18.2,0.964,0.3,0,0.3,327.32621503007476,0.8,0,1,1.0,0.58
PINE ST,8TH AV,7TH AV,FAIR,625.3,0.286,0.5,0,0.5,1.4908964988145499,0.8,0,1,1.0,0.513
TRAFALGAR ST,2ND AV,1ST AV,VERY GOOD,1539.5,0.046,0.1,0,0.1,1.4793793710724117,0.8,0,1,1.0,0.406
TRIUMPH ST,LAKEWOOD DRIVE,TEMPLETON DRIVE,FAIR,1310.2,0.073,0.5,0,0.5,90.49002621925416,0.5,0,1,1.0,0.406
ONTARIO ST,33RD AV / MIDLOTHIAN AV,30TH AV,GOOD,123.8,0.781,0.3,0,0.3,1.662066515608558,0.8,0,1,1.0,0.552
TYTAHUN CRES,SALISH DRIVE,EAST END,POOR,1338.0,0.069,0.8,0,0.8,104.71727967467882,0.5,0,1,1.0,0.458
MCKINNON ST,IVANHOE ST,KINGSWAY,VERY GOOD,950.6,0.149,0.1,0,0.1,35.007688412628,0.8,0,1,1.0,0.422
SASAMAT ST,2ND AV,1ST AV,VERY POOR,755.6,0.221,0.95,0,0.95,1.4563865305921695,0.8,0,1,1.0,0.583
MATTHEWS AV,GRANVILLE ST,CARTIER ST,FAIR,1236.3,0.084,0.5,0,0.5,73.54538511646626,0.5,0,1,1.0,0.408
PRINCE EDWARD ST,26TH AV,KING EDWARD AV,FAIR,1085.6,0.114,0.5,0,0.5,1.1329903765714562,0.8,0,1,1.0,0.487
NORMANDY DR,MONS DRIVE,WORTHINGTON DRIVE,GOOD,780.4,0.21,0.3,0,0.3,126.60047355469572,0.5,0,1,1.0,0.391
NANAIMO ST,PARKER ST,VENABLES ST,VERY POOR,1182.5,0.094,0.95,0,0.95,0.12589558917244403,0.8,0,1,1.0,0.563
RENFREW ST,ADANAC ST,GEORGIA ST,POOR,381.7,0.466,0.8,0,0.8,0.11631027279776163,0.8,0,1,1.0,0.593
SE MARINE DR,MATHESON CRESCENT,E END BOUNDARY RD OP,GOOD,359.8,0.487,0.3,0,0.3,88.94892091661347,0.5,1,1,1.0,0.733
MOSS ST,KINGS AV,29TH AV,FAIR,813.4,0.197,0.5,0,0.5,28.251585936752406,0.8,0,1,1.0,0.499
OSLER ST,64TH AV,PARK DRIVE,VERY POOR,1170.8,0.096,0.95,0,0.95,1.2040843689467238,0.8,0,1,1.0,0.564
NANTON AV,PINE CRESCENT,ANGUS DRIVE,VERY POOR,1015.5,0.131,0.95,0,0.95,91.45623474243149,0.5,0,1,1.0,0.494
STAULO CRES,NORTH END,STAULO CRESCENT 1,FAIR,555.4,0.329,0.5,0,0.5,136.17636898478833,0.2,0,1,1.0,0.369
RUPERT ST,ADANAC ST,GEORGIA ST,VERY POOR,546.4,0.335,0.95,0,0.95,0.08428914721906722,0.8,0,1,1.0,0.6
TRIMBLE ST,NW MARINE DRIVE,NORTH END,NO DATA,657.2,0.269,0.5,1,0.4,6.2209579324434685,0.8,0,1,1.0,0.493
ONTARIO ST,63RD AV,62ND AV,GOOD,481.3,0.382,0.3,0,0.3,2.607979636463881,0.8,0,1,1.0,0.492
PRINCE ALBERT ST,SE MARINE DRIVE,64TH AV,FAIR,464.5,0.395,0.5,0,0.5,1.712428385191572,0.8,0,1,1.0,0.529
MCGILL ONRAMP,OVERHEAD SIGN,BRIDGEWAY ST,GOOD,163.8,0.721,0.3,0,0.3,92.74794390563522,0.5,0,1,1.0,0.468
PENTICTON ST,23RD AV,22ND AV,FAIR,786.8,0.207,0.5,0,0.5,0.08164658738991193,0.8,0,1,1.0,0.501
SOPHIA ST,14TH AV,13TH AV,GOOD,1197.8,0.091,0.3,0,0.3,1.3677843670508878,0.8,0,1,1.0,0.448
QUEBEC ST,TERMINAL AV,NATIONAL AV,POOR,265.4,0.588,0.8,0,0.8,356.3453918592309,0.8,1,1,1.0,0.911
TYNE ST,EUCLID AV,CROWLEY DRIVE,GOOD,884.6,0.17,0.3,0,0.3,22.61165455434667,0.8,0,1,1.0,0.46
SCARBORO AV,NANAIMO ST,MUIRFIELD DRIVE,GOOD,656.8,0.269,0.3,0,0.3,95.03243026037552,0.5,0,1,1.0,0.4
THORNTON ST,SOUTH END,TERMINAL AV,VERY GOOD,550.9,0.332,0.1,0,0.1,14.495138529903272,0.8,1,1,1.0,0.749
NANAIMO ST,TURNER ST,PENDER ST,POOR,1061.6,0.12,0.8,0,0.8,0.2563297110971803,0.8,0,1,1.0,0.541
TURNER ST,NANAIMO ST,KAMLOOPS ST,FAIR,947.1,0.15,0.5,0,0.5,90.17573444670876,0.5,0,1,1.0,0.418
TRUTCH ST,8TH AV,7TH AV,POOR,1346.9,0.068,0.8,0,0.8,1.5050192765539805,0.8,0,1,1.0,0.533
THORNHILL DR,VICTORIA DRIVE,61ST AV,VERY GOOD,658.5,0.268,0.1,0,0.1,307.8952316320057,0.5,0,1,1.0,0.365
RICHARDS ST,DAVIE ST,DRAKE ST,VERY GOOD,436.9,0.417,0.1,0,0.1,224.7835307294394,0.2,0,1,1.0,0.312
MCKINNON ST,54TH AV,53RD AV,FAIR,909.4,0.162,0.5,0,0.5,1.894875266724739,0.8,0,1,1.0,0.494
ROSS ST,58TH AV,57TH AV,GOOD,1051.6,0.122,0.3,0,0.3,0.8391499318331057,0.8,0,1,1.0,0.453
MUSQUEAM DR,STAULO CRESCENT,YUCULTA CRESCENT,POOR,717.9,0.238,0.8,0,0.8,122.66308009983464,0.5,0,1,1.0,0.484
QUEBEC ST,16TH AV,15TH AV,VERY POOR,1255.1,0.081,0.95,0,0.95,1.6883008319535406,0.8,0,1,1.0,0.561
ST CATHERINES ST,47TH AV,NORTH END,VERY GOOD,1443.5,0.056,0.1,0,0.1,0.9992812508036195,0.8,0,1,1.0,0.408
PIPELINE RD,MALKIN BOWL LANE,RAVINE TRAIL,VERY GOOD,89.4,0.836,0.1,0,0.1,351.02821581403896,0.8,0,1,1.0,0.525
THURLOW ST,PACIFIC ST,BEACH AV,FAIR,509.5,0.361,0.5,0,0.5,224.79607886326718,0.2,0,1,1.0,0.374
SKEENA ST,24TH AV,23RD AV,GOOD,496.9,0.37,0.3,0,0.3,0.23896373412043204,0.8,0,1,1.0,0.49
RUPERT ST,15TH AV / WORTHINGTON DRIVE,14TH AV,VERY GOOD,297.9,0.551,0.1,0,0.1,0.26929247821243507,0.8,0,1,1.0,0.482
OXFORD ST,SLOCAN ST,KASLO ST,FAIR,494.0,0.372,0.5,0,0.5,90.14515990916163,0.5,0,1,1.0,0.451
NANAIMO ST,49TH AV,48TH AV,FAIR,1444.9,0.056,0.5,0,0.5,0.9672398079958953,0.8,0,1,1.0,0.478
PARKER ST,SLOCAN ST,KASLO ST,VERY POOR,716.9,0.238,0.95,0,0.95,90.07767795842312,0.5,0,1,1.0,0.51
THURLOW ST,ALBERNI ST,ROBSON ST,POOR,139.6,0.756,0.8,0,0.8,224.77271824300703,0.2,0,1,1.0,0.487
OLYMPIC ST,SW MARINE DRIVE,41ST AV,NO DATA,846.3,0.184,0.5,1,0.4,1.2711147393068813,0.8,0,1,1.0,0.48
STEPHENS ST,1ST AV,POINT GREY ROAD,VERY GOOD,1609.7,0.04,0.1,0,0.1,1.4310677856083203,0.8,0,1,1.0,0.405
WALLACE ST,14TH AV,13TH AV,VERY POOR,1059.9,0.12,0.95,0,0.95,1.4523768864970066,0.8,0,1,1.0,0.567
WALLACE ST,35TH AV,34TH AV,FAIR,1602.9,0.041,0.5,0,0.5,0.7081634627239168,0.8,0,1,1.0,0.476
WALL ST,MCGILL ST,WINDEMERE ST,GOOD,147.6,0.744,0.3,0,0.3,95.67189091376031,0.5,1,1,1.0,0.772
WATERLOO ST,6TH AV,5TH AV,FAIR,1017.2,0.131,0.5,0,0.5,1.5001215375913262,0.8,0,1,1.0,0.49
WEST BLVD,41ST AV,40TH AV,VERY POOR,1371.7,0.064,0.95,0,0.95,1.4953278741538725,0.8,0,1,1.0,0.559
WEST BLVD,40TH AV,39TH AV,VERY POOR,1351.5,0.067,0.95,0,0.95,1.4496155525999939,0.8,0,1,1.0,0.559
UPLAND DR,NANAIMO ST,BERKELEY ST,FAIR,828.4,0.191,0.5,0,0.5,89.90779571877749,0.5,0,1,1.0,0.424
YEW ST,4TH AV,3RD AV,POOR,1120.7,0.106,0.8,0,0.8,1.5121451959915362,0.8,0,1,1.0,0.539
WATSON ST,16TH AV,15TH AV,VERY GOOD,1370.0,0.065,0.1,0,0.1,2.3836884632072497,0.8,0,1,1.0,0.409
WEST BLVD,48TH AV,47TH AV,VERY POOR,877.8,0.173,0.95,0,0.95,354.2429417159972,0.8,0,1,1.0,0.575
WINDERMERE ST,1ST AV,GRAVELEY ST,GOOD,438.4,0.416,0.3,0,0.3,0.5945791218018712,0.8,0,1,1.0,0.497
WALL ST,YALE ST,SOUTHEAST END,VERY GOOD,234.9,0.625,0.1,0,0.1,141.0331790037004,0.2,0,1,1.0,0.343
VANNESS AV,MANOR ST,CHATHAM ST,VERY POOR,768.4,0.215,0.95,0,0.95,121.98054330307139,0.5,0,1,1.0,0.507
WALDEN ST,29TH AV,28TH AV,VERY GOOD,695.5,0.249,0.1,0,0.1,1.7252437944708845,0.8,0,1,1.0,0.437
VICTORIA DR,KENT AV SOUTH,KENT AV NORTH,POOR,43.9,0.916,0.8,0,0.8,0.7912114805235433,0.8,0,1,1.0,0.661
WILLIAM ST,WEST END,SALSBURY DRIVE,POOR,1275.2,0.078,0.8,0,0.8,90.65373208320148,0.5,0,1,1.0,0.46
WAVERLEY AV,VICTORIA DRIVE,GLADSTONE ST,FAIR,1432.9,0.057,0.5,0,0.5,91.03252350912453,0.5,0,1,1.0,0.403
WOODSTOCK AV,ONTARIO ST,QUEBEC ST,GOOD,584.7,0.311,0.3,0,0.3,91.85662768712666,0.5,0,1,1.0,0.406
WOODLAND DR,SOUTH END,VENABLES ST,GOOD,1038.5,0.125,0.3,0,0.3,0.8850850023388261,0.8,0,1,1.0,0.453
WINDERMERE ST,7TH AV,6TH AV,VERY POOR,443.7,0.412,0.95,0,0.95,0.3944383162799454,0.8,0,1,1.0,0.611
VANNESS AV,LAKEWOOD ST,SOUTHEAST END,GOOD,373.3,0.474,0.3,0,0.3,122.42755750371117,0.5,0,1,1.0,0.431
VALLEY DR,KING EDWARD AV,OLIVER CRESCENT,POOR,1938.0,0.021,0.8,0,0.8,334.90908616113063,0.8,0,1,1.0,0.526
YALE ST,SLOCAN ST,KASLO ST,VERY GOOD,612.0,0.294,0.1,0,0.1,90.07213214282405,0.5,0,1,1.0,0.369
YORK AV,YEW ST,ARBUTUS ST,FAIR,786.3,0.208,0.5,0,0.5,91.48385548408078,0.5,0,1,1.0,0.426
WINDERMERE ST,24TH AV,23RD AV,GOOD,719.7,0.237,0.3,0,0.3,0.5127179626546194,0.8,0,1,1.0,0.47
VERNON DR,FRANKLIN ST,POWELL ST,VERY GOOD,974.8,0.142,0.1,0,0.1,357.54321788644324,0.8,0,1,1.0,0.421
VINE ST,3RD AV,2ND AV,VERY POOR,1169.9,0.096,0.95,0,0.95,1.5219101060750972,0.8,0,1,1.0,0.564
VICTORIA DR,53RD AV,52ND AV,POOR,1511.7,0.049,0.8,0,0.8,1.1033779451528858,0.8,0,1,1.0,0.53
VICTORIA DR,KITCHENER ST,CHARLES ST,FAIR,1382.1,0.063,0.5,0,0.5,0.7406115789344767,0.8,0,1,1.0,0.479
WAVERLEY AV,ELLIOTT ST,WALES ST,VERY GOOD,1203.4,0.09,0.1,0,0.1,90.84645366009715,0.5,0,1,1.0,0.338
WALES ST,51ST AV,50TH AV,FAIR,1031.5,0.127,0.5,0,0.5,1.9321013413583614,0.8,0,1,1.0,0.489
WILLIAM ST,CLARK DRIVE,ODLUM DRIVE,VERY GOOD,765.8,0.216,0.1,0,0.1,91.24085789952602,0.5,0,1,1.0,0.357
VINE ST,18TH AV,16TH AV,FAIR,1972.8,0.019,0.5,0,0.5,1.529739454174944,0.8,0,1,1.0,0.473
WILLIAM ST,SLOCAN ST,KASLO ST,GOOD,878.9,0.172,0.3,0,0.3,88.72636143797945,0.5,0,1,1.0,0.386
WOLFE AV,DOUGLAS CRESCENT,16TH AV / TECUMSEH AV,VERY GOOD,702.2,0.246,0.1,0,0.1,323.60712675102934,0.8,0,1,1.0,0.436
WINDSOR ST,52ND AV,51ST AV,GOOD,1538.8,0.046,0.3,0,0.3,0.9970586964547579,0.8,0,1,1.0,0.441
WINDERMERE ST,29TH AV,28TH AV,FAIR,528.5,0.347,0.5,0,0.5,0.402908357058152,0.8,0,1,1.0,0.522
BATTISON ST,45TH AV,43RD AV,VERY POOR,1489.8,0.051,0.95,0,0.95,359.14936023007346,0.8,0,1,1.0,0.557
COMMERCIAL DR,1ST AV,GRAVELEY ST,POOR,1357.2,0.066,0.8,0,0.8,0.7149148463167307,0.8,0,1,1.0,0.533
CHAMPLAIN CRES,ARLINGTON ST,54TH AV / TYNE ST,FAIR,696.8,0.248,0.5,0,0.5,0.594488517456,0.8,0,1,1.0,0.507
36TH AV,GRANVILLE ST,EAST END,VERY GOOD,130.6,0.77,0.1,0,0.1,91.67685884955597,0.5,0,1,1.0,0.44
6TH AV,COLLINGWOOD ST,WATERLOO ST,VERY POOR,910.0,0.162,0.95,0,0.95,91.51772952312018,0.5,0,1,1.0,0.499
45TH AV,LANCASTER ST,KERR ST,FAIR,1124.3,0.106,0.5,0,0.5,89.97891943909781,0.5,0,1,1.0,0.411
43RD AV,LATTA ST,EAST END,VERY GOOD,1388.0,0.062,0.1,0,0.1,90.26023955907061,0.5,0,1,1.0,0.334
74TH AV,SOUTHWEST END,OAK ST,VERY GOOD,365.6,0.481,0.1,0,0.1,57.448844095177094,0.5,0,1,1.0,0.397
3RD AV,HIGHBURY ST,ALMA ST,FAIR,411.2,0.439,0.5,0,0.5,91.63595663922621,0.5,0,1,1.0,0.461
27TH AV,MANITOBA ST,ONTARIO ST,POOR,437.5,0.417,0.8,0,0.8,91.92759626067033,0.5,0,1,1.0,0.511
65TH AV,ASH ST,LORD ST,FAIR,219.4,0.645,0.5,0,0.5,92.18797497265751,0.5,0,1,1.0,0.492
64TH AV,ASH ST,CAMBIE ST,FAIR,153.1,0.736,0.5,0,0.5,92.37777818619111,0.5,0,1,1.0,0.506
ARBUTUS ST,8TH AV,7TH AV,VERY POOR,1097.9,0.111,0.95,0,0.95,1.5319506332888295,0.8,0,1,1.0,0.566
54TH AV,OSLER ST,OAK ST,GOOD,1216.3,0.088,0.3,0,0.3,91.33977309388303,0.5,0,1,1.0,0.373
50TH AV,LABURNUM ST,CYPRESS ST,GOOD,1075.5,0.116,0.3,0,0.3,91.28424390085797,0.5,0,1,1.0,0.377
CLARK DR,20TH AV,19TH AV,VERY GOOD,1097.7,0.111,0.1,0,0.1,1.4544990595994136,0.8,0,1,1.0,0.416
25TH AV,KASLO ST,EAST END,FAIR,1173.0,0.096,0.5,0,0.5,90.5109471904911,0.5,0,1,1.0,0.409
CEDAR COTTAGE MEWS,KNIGHT ST,PAVEMENT CHANGE,NO DATA,1090.6,0.113,0.5,1,0.4,104.16588396726559,0.5,0,1,1.0,0.394
38TH AV,PRINCE ALBERT ST,WINDSOR ST,GOOD,1336.0,0.069,0.3,0,0.3,91.06053056782804,0.5,0,1,1.0,0.37
46TH AV,KERR ST,MCKINNON ST,FAIR,1237.3,0.084,0.5,0,0.5,90.38204620077539,0.5,0,1,1.0,0.408
2ND AV,BLANCA ST,DRUMMOND DRIVE,NO DATA,732.5,0.231,0.5,1,0.4,91.44611629402044,0.5,0,1,1.0,0.412
CHESS ST,NATIONAL AV,MALKIN AV,FAIR,173.7,0.707,0.5,0,0.5,14.661580152753515,0.8,0,1,1.0,0.576
24TH AV,ASH ST,23RD AV / CAMBIE ST,VERY POOR,599.0,0.302,0.95,0,0.95,88.79033459390507,0.5,0,1,1.0,0.52
ARGYLE ST,62ND AV,61ST AV,VERY POOR,579.9,0.314,0.95,0,0.95,0.6376473285599786,0.8,0,1,1.0,0.597
COLUMBIA ST,59TH AV,NORTH END,VERY GOOD,55.0,0.896,0.1,0,0.1,1.2323526971152887,0.8,0,1,1.0,0.534
37TH AV,WINDSOR ST,ELGIN ST,FAIR,1555.1,0.045,0.5,0,0.5,91.10237649937903,0.5,0,1,1.0,0.402
6TH AV,GLEN DRIVE / GREAT NORTHERN WAY,KEITH DRIVE,VERY POOR,1218.1,0.087,0.95,0,0.95,91.54665539981539,0.5,0,1,1.0,0.487
47TH AV,ARLINGTON ST,FRONTENAC ST,GOOD,1564.8,0.044,0.3,0,0.3,90.83330933120169,0.5,0,1,1.0,0.366
23RD AV,OLIVER CRESCENT / VINE ST,YEW ST,FAIR,1848.8,0.025,0.5,0,0.5,91.52901327211441,0.5,0,1,1.0,0.399
ARBUTUS ST,37TH AV,36TH AV,POOR,1331.3,0.07,0.8,0,0.8,1.4618873140513529,0.8,0,1,1.0,0.533
BOUNDARY RD,OXFORD ST,CAMBRIDGE ST,FAIR,899.8,0.165,0.5,0,0.5,0.9613330715133657,0.8,0,1,1.0,0.495
36TH AV,ANGUS DRIVE,MARGUERITE ST,POOR,523.2,0.351,0.8,0,0.8,91.45147371549984,0.5,0,1,1.0,0.501
16TH AV,KASLO ST,WANETA PLACE,FAIR,474.9,0.387,0.5,0,0.5,90.54765367815872,0.5,0,1,1.0,0.453
CARDERO ST,ROBSON ST,ALBERNI ST,FAIR,121.8,0.784,0.5,0,0.5,44.8066466300462,0.8,0,1,1.0,0.588
21ST AV,CARNARVON ST,MACKENZIE ST,POOR,2355.2,0.009,0.8,0,0.8,90.50928417995863,0.5,0,1,1.0,0.449
BLENHEIM ST,36TH AV,35TH AV,FAIR,1290.0,0.076,0.5,0,0.5,0.4639378792153366,0.8,0,1,1.0,0.481
BRANT ST,27TH AV,25TH AV,GOOD,745.5,0.225,0.3,0,0.3,1.3007230657441369,0.8,0,1,1.0,0.468
6TH AV,KEITH DRIVE,CLARK DRIVE,GOOD,1281.0,0.077,0.3,0,0.3,90.66099687965323,0.5,0,1,1.0,0.371
12TH AV,WATERLOO ST,BLENHEIM ST,VERY GOOD,1361.3,0.066,0.1,0,0.1,91.52604936100971,0.5,0,1,1.0,0.334
7TH AV,WINDERMERE ST,RUPERT ST,VERY GOOD,424.6,0.428,0.1,0,0.1,90.34970830883594,0.5,0,1,1.0,0.389
ALBERTA ST,5TH AV,4TH AV,GOOD,335.3,0.511,0.3,0,0.3,1.7112175910605743,0.8,0,1,1.0,0.512
BURSILL ST,KINGSWAY,HORLEY ST,POOR,487.7,0.377,0.8,0,0.8,32.85048821828639,0.8,0,1,1.0,0.58
19TH AV,MANITOBA ST,ONTARIO ST,NO DATA,1112.6,0.108,0.5,1,0.4,91.79134230062459,0.5,0,1,1.0,0.393
7TH AV,CYPRESS ST,BURRARD ST,FAIR,712.1,0.241,0.5,0,0.5,91.50505393358156,0.5,0,1,1.0,0.431
24TH AV,KAMLOOPS ST,PENTICTON ST,POOR,796.9,0.203,0.8,0,0.8,89.71153198431034,0.5,0,1,1.0,0.478
31ST AV,MACKENZIE ST,MACDONALD ST,VERY POOR,1947.5,0.02,0.95,0,0.95,90.48613194494675,0.5,0,1,1.0,0.477
CARNARVON ST,38TH AV,37TH AV,VERY GOOD,1189.0,0.093,0.1,0,0.1,0.356694029131404,0.8,0,1,1.0,0.413
75TH AV,ANGUS DRIVE,BARNARD ST,VERY GOOD,100.8,0.817,0.1,0,0.1,125.60365805698132,0.5,0,1,1.0,0.447
33RD AV,SOPHIA ST,PRINCE EDWARD ST,POOR,515.6,0.357,0.8,0,0.8,91.80165979609893,0.5,0,1,1.0,0.502
12TH AV,LAUREL ST,WILLOW ST,FAIR,67.2,0.874,0.5,0,0.5,91.49191356079086,0.5,1,1,1.0,0.827
5TH AV,PENTICTON ST,SLOCAN ST,POOR,513.5,0.358,0.8,0,0.8,90.16820830565808,0.5,0,1,1.0,0.502
47TH AV,LANARK ST,DUMFRIES ST,FAIR,2035.2,0.017,0.5,0,0.5,91.09101582079563,0.5,0,1,1.0,0.397
CAMOSUN ST,38TH AV,37TH AV,POOR,1627.3,0.039,0.8,0,0.8,2.515637986190029,0.8,0,1,1.0,0.529
53RD AV,TISDALL ST,EAST END,GOOD,581.4,0.313,0.3,0,0.3,89.34441653586282,0.5,0,1,1.0,0.407
10TH AV,PINE ST,FIR ST,FAIR,665.2,0.264,0.5,0,0.5,91.52644040491646,0.5,0,1,1.0,0.435
54TH AV,KNIGHT ST,LANARK ST,VERY POOR,1284.9,0.077,0.95,0,0.95,90.93545219510474,0.5,0,1,1.0,0.486
12TH AV,BLANCA ST,TOLMIE ST,GOOD,1420.2,0.058,0.3,0,0.3,91.53016045563686,0.5,0,1,1.0,0.368
55TH AV,GRANVILLE ST,CARTIER ST,VERY POOR,1578.9,0.043,0.95,0,0.95,91.35803811275082,0.5,0,1,1.0,0.481
59TH AV,ANGUS DRIVE,ADERA ST,VERY GOOD,899.4,0.165,0.1,0,0.1,91.20807359759135,0.5,0,1,1.0,0.349
COLUMBIA ST,19TH AV,18TH AV,VERY GOOD,1052.4,0.122,0.1,0,0.1,1.737189171271723,0.8,0,1,1.0,0.418
38TH AV,WALLACE ST,HIGHBURY ST,POOR,1223.6,0.087,0.8,0,0.8,90.51358678865046,0.5,0,1,1.0,0.461
ARBUTUS ST,WHYTE AV,MCNICOLL AV,GOOD,426.0,0.427,0.3,0,0.3,30.146003616406688,0.8,0,1,1.0,0.499
COLLINGWOOD ST,5TH AV,4TH AV,POOR,853.0,0.182,0.8,0,0.8,1.5044871751233586,0.8,0,1,1.0,0.55
45TH AV,QUEBEC ST,MAIN ST,VERY GOOD,467.5,0.393,0.1,0,0.1,91.77974168364568,0.5,0,1,1.0,0.383
8TH AV,GUELPH ST,ST. GEORGE ST,FAIR,869.4,0.176,0.5,0,0.5,90.75677436137744,0.5,0,1,1.0,0.421
ARBUTUS ST,4TH AV,3RD AV,VERY POOR,951.7,0.149,0.95,0,0.95,1.5082785935092602,0.8,0,1,1.0,0.572
10TH AV,CAROLINA ST,FRASER ST,VERY GOOD,1211.4,0.089,0.1,0,0.1,90.75640867408674,0.5,0,1,1.0,0.338
50TH AV,FRASER ST,PRINCE ALBERT ST,VERY POOR,1127.1,0.105,0.95,0,0.95,90.62130562738787,0.5,0,1,1.0,0.49
27TH AV,SELKIRK ST,OSLER ST,VERY POOR,728.4,0.233,0.95,0,0.95,91.49957892342456,0.5,0,1,1.0,0.509
COMMERCIAL DR,GRAVELEY ST,GRANT ST,POOR,1385.0,0.063,0.8,0,0.8,0.6935963017799622,0.8,0,1,1.0,0.532
6TH AV,2ND AV,CAMBIE ST,GOOD,279.8,0.571,0.3,0,0.3,123.63469327293973,0.5,0,1,1.0,0.446
22ND AV,HEATHER ST,ASH ST,VERY POOR,813.3,0.197,0.95,0,0.95,91.79078399263551,0.5,0,1,1.0,0.504
49TH AV,CYPRESS ST,ANGUS DRIVE,GOOD,1219.5,0.087,0.3,0,0.3,91.22890697275739,0.5,0,1,1.0,0.373
CLARK DR,15TH AV,14TH AV,FAIR,1029.1,0.128,0.5,0,0.5,0.8782975173884893,0.8,0,1,1.0,0.489
11TH AV,BALACLAVA ST,CARNARVON ST,GOOD,1642.4,0.037,0.3,0,0.3,91.4790832363991,0.5,0,1,1.0,0.365
CASSIAR ST,GEORGIA ST,TURNER ST,GOOD,579.8,0.314,0.3,0,0.3,0.1970710870477319,0.8,0,1,1.0,0.482
28TH AV,NANTON AV / OAK ST,WILLOW ST,POOR,609.5,0.295,0.8,0,0.8,91.52699288117316,0.5,0,1,1.0,0.492
19TH AV,MAPLE ST,CYPRESS ST,VERY POOR,1607.8,0.04,0.95,0,0.95,91.4797402419382,0.5,0,1,1.0,0.48
ALMA ST,BROADWAY,8TH AV,POOR,770.7,0.214,0.8,0,0.8,1.5429381291089612,0.8,0,1,1.0,0.555
15TH AV,ALDER ST,MONTCALM ST,FAIR,602.2,0.3,0.5,0,0.5,91.50638226556748,0.5,0,1,1.0,0.44
CHURCHILL ST,49TH AV,47TH AV,NO DATA,1099.4,0.111,0.5,1,0.4,1.3919358370276314,0.8,0,1,1.0,0.469
33RD AV,BEATRICE ST,VICTORIA DRIVE,FAIR,1096.6,0.112,0.5,0,0.5,93.13415245078971,0.5,0,1,1.0,0.412
16TH AV,HIGHBURY ST,DUNBAR ST,FAIR,1414.2,0.059,0.5,0,0.5,91.45951073543512,0.5,0,1,1.0,0.404
CASSIAR ST,FRANKLIN ST,PANDORA ST,GOOD,568.8,0.321,0.3,0,0.3,358.37615253085755,0.8,0,1,1.0,0.483
16TH AV,WINDSOR ST,GLEN DRIVE,FAIR,1324.4,0.071,0.5,0,0.5,91.46212833228503,0.5,0,1,1.0,0.405
24TH AV,COLLINGWOOD ST,BLENHEIM ST,GOOD,2286.6,0.01,0.3,0,0.3,90.55639986327549,0.5,0,1,1.0,0.361
CARTIER ST,59TH AV,58TH AV,VERY GOOD,1459.8,0.054,0.1,0,0.1,1.4432210818624753,0.8,0,1,1.0,0.407
67TH AV,HUDSON ST,SELKIRK ST,VERY GOOD,1040.7,0.125,0.1,0,0.1,91.39191137220428,0.5,0,1,1.0,0.343
COMMERCIAL ST,34TH AV,33RD AV,POOR,1308.8,0.073,0.8,0,0.8,1.3815827682847726,0.8,0,1,1.0,0.534
29TH AV,JAMES ST,QUEBEC ST,VERY POOR,524.8,0.35,0.95,0,0.95,91.52169226486131,0.5,0,1,1.0,0.527
39TH AV,ALBERTA ST,ELIZABETH ST,VERY POOR,561.2,0.325,0.95,0,0.95,69.10848753308426,0.5,0,1,1.0,0.523
54TH AV,HUDSON ST,SELKIRK ST,POOR,1579.3,0.042,0.8,0,0.8,91.35411238474222,0.5,0,1,1.0,0.454
35TH AV,MAPLE ST,CYPRESS ST,VERY POOR,865.1,0.177,0.95,0,0.95,91.37356665976694,0.5,0,1,1.0,0.501
COLLINGWOOD ST,32ND AV,31ST AV,FAIR,1714.1,0.032,0.5,0,0.5,0.5823742116204471,0.8,0,1,1.0,0.475
ANGUS DR,ANGUS DRIVE WB,ALEXANDRA ST,VERY POOR,1439.4,0.056,0.95,0,0.95,46.061017554952116,0.5,0,1,1.0,0.483
ADANAC ST,COMMERCIAL DRIVE,SALSBURY DRIVE,POOR,1267.9,0.079,0.8,0,0.8,91.45936875942505,0.5,0,1,1.0,0.46
46TH AV,CAMBIE ST,YUKON ST,VERY GOOD,494.2,0.372,0.1,0,0.1,93.42762199900278,0.5,0,1,1.0,0.38
22ND AV,LANARK ST,DUMFRIES ST,POOR,916.1,0.16,0.8,0,0.8,91.23122241391007,0.5,0,1,1.0,0.472
7TH AV,HEMLOCK ST,BIRCH ST,FAIR,150.7,0.74,0.5,0,0.5,91.49936277902094,0.5,0,1,1.0,0.506
1ST AV,HIGHBURY ST,ALMA ST,GOOD,425.5,0.427,0.3,0,0.3,91.5909205177619,0.5,0,1,1.0,0.424
COLUMBIA ST,5TH AV,4TH AV,FAIR,286.0,0.564,0.5,0,0.5,0.28426921996867804,0.8,0,1,1.0,0.555
30TH AV,CAMBIE ST,QUEEN ELIZABETH PARK ROAD 1,VERY GOOD,154.9,0.734,0.1,0,0.1,138.9963857952299,0.2,0,1,1.0,0.36
12TH AV,ONTARIO ST,QUEBEC ST,VERY POOR,1001.0,0.135,0.95,0,0.95,91.7077937051564,0.5,0,1,1.0,0.495
33RD AV,CHESTER ST,PRINCE ALBERT ST,VERY POOR,1209.8,0.089,0.95,0,0.95,90.86128806434152,0.5,0,1,1.0,0.488
71ST AV,OSLER ST,OAK ST,POOR,681.0,0.256,0.8,0,0.8,91.61396622346302,0.5,0,1,1.0,0.486
53RD AV,ROSS ST,SHERBROOKE ST,VERY GOOD,1502.7,0.05,0.1,0,0.1,91.48660520319419,0.5,0,1,1.0,0.332
20TH AV,WALLACE ST,HIGHBURY ST,GOOD,1736.6,0.031,0.3,0,0.3,90.47775758752175,0.5,0,1,1.0,0.364
47TH AV,BUTLER ST,TYNE ST,FAIR,1516.4,0.048,0.5,0,0.5,90.38849174068821,0.5,0,1,1.0,0.402
ODLUM DR,NAPIER ST,PARKER ST,VERY GOOD,853.6,0.181,0.1,0,0.1,1.368472608252091,0.8,0,1,1.0,0.427
SLOCAN ST,12TH AV,BROADWAY,GOOD,416.9,0.434,0.3,0,0.3,359.7780852710675,0.8,0,1,1.0,0.5
54TH AV,NEAL ST,TISDALL ST,GOOD,642.8,0.276,0.3,0,0.3,77.69088025865437,0.5,0,1,1.0,0.401
52ND AV,ONTARIO ST,QUEBEC ST,VERY POOR,278.3,0.573,0.95,0,0.95,92.0248297357864,0.5,0,1,1.0,0.561
64TH AV,INVERNESS ST,EAST END,VERY GOOD,374.9,0.472,0.1,0,0.1,88.9424140791665,0.5,0,1,1.0,0.395
CAMBRIDGE ST,KOOTENAY ST,BOUNDARY ROAD,POOR,756.3,0.22,0.8,0,0.8,90.08773431351614,0.5,0,1,1.0,0.481
22ND AV,CASSIAR ST,ANZIO DRIVE / SKEENA ST,FAIR,698.8,0.247,0.5,0,0.5,89.01898232439476,0.5,0,1,1.0,0.432
43RD AV,CARNARVON ST,MACKENZIE ST,NO DATA,744.2,0.226,0.5,1,0.4,90.3320335238767,0.5,0,1,1.0,0.411
38TH AV,HIGHBURY ST,DUNBAR ST,NO DATA,1136.9,0.103,0.5,1,0.4,90.4490119893918,0.5,0,1,1.0,0.393
28TH AV,CAMBIE ST,NIGEL AV / YUKON ST,GOOD,144.6,0.749,0.3,0,0.3,91.74423061253879,0.5,0,1,1.0,0.472
8TH AV,KASLO ST,RENFREW ST,GOOD,573.0,0.318,0.3,0,0.3,90.31040718998827,0.5,0,1,1.0,0.407
46TH AV,HUDSON ST,MONTGOMERY ST,POOR,975.9,0.142,0.8,0,0.8,93.14223859709176,0.5,0,1,1.0,0.469
7TH AV,GRANVILLE ST,HEMLOCK ST,POOR,298.7,0.55,0.8,0,0.8,91.49511573561153,0.5,0,1,1.0,0.531
38TH AV,CAMOSUN ST,CROWN ST,VERY POOR,1462.6,0.054,0.95,0,0.95,90.72626980473228,0.5,0,1,1.0,0.482
18TH AV,EAST BOULEVARD,MAPLE ST,VERY POOR,1673.8,0.035,0.95,0,0.95,91.47193297254233,0.5,0,1,1.0,0.48
ATLANTIC ST,MALKIN AV,PRINCESS AV,VERY GOOD,199.5,0.671,0.1,0,0.1,91.78466267653937,0.5,0,1,1.0,0.425
54TH AV,QUEBEC ST,MAIN ST,GOOD,446.1,0.41,0.3,0,0.3,91.98695988114741,0.5,0,1,1.0,0.421
19TH AV,PRINCE ALBERT ST,ST. CATHERINES ST,GOOD,1643.3,0.037,0.3,0,0.3,91.45795874598957,0.5,0,1,1.0,0.365
54TH AV,CULLODEN ST,KNIGHT ST,GOOD,1292.6,0.075,0.3,0,0.3,91.35144949610316,0.5,0,1,1.0,0.371
40TH AV,GLADSTONE ST,NANAIMO ST,GOOD,716.6,0.239,0.3,0,0.3,90.40288001656307,0.5,0,1,1.0,0.395
53RD AV,PRESCOTT ST,BALACLAVA ST,GOOD,214.8,0.651,0.3,0,0.3,91.0580278333378,0.5,0,1,1.0,0.458
BEATRICE ST,43RD AV,41ST AV,VERY POOR,1299.9,0.074,0.95,0,0.95,0.9694843453839326,0.8,0,1,1.0,0.56
48TH AV,SOPHIA ST,PRINCE EDWARD ST,NO DATA,501.9,0.366,0.5,1,0.4,90.740596110164,0.5,0,1,1.0,0.432
COMOX ST,CHILCO ST,GILFORD ST,VERY GOOD,375.1,0.472,0.1,0,0.1,134.7840099933356,0.5,0,1,1.0,0.395
4TH AV,GRANVILLE BRIDGE SB TO W 4TH WB RAMP,FIR ST,GOOD,293.0,0.557,0.3,0,0.3,91.46240237826083,0.5,0,1,1.0,0.443
28TH AV,WEST END,ALMA ST,VERY GOOD,2186.9,0.013,0.1,0,0.1,90.49686141936388,0.5,0,1,1.0,0.326
13TH AV,HIGHBURY ST,ALMA ST,VERY GOOD,1119.2,0.107,0.1,0,0.1,91.40351560348591,0.5,0,1,1.0,0.34
61ST AV,ARBUTUS ST,LABURNUM ST,POOR,459.1,0.399,0.8,0,0.8,91.00196837953104,0.5,0,1,1.0,0.508
14TH AV,WATSON ST,SOPHIA ST,VERY GOOD,1270.4,0.079,0.1,0,0.1,90.26133997562926,0.5,0,1,1.0,0.336
22ND AV,COLUMBIA ST,MANITOBA ST,VERY POOR,753.4,0.222,0.95,0,0.95,91.73972364246413,0.5,0,1,1.0,0.508
ANCASTER CRES,FRASERVIEW DRIVE / MUIRFIELD DRIVE,HARRISON DRIVE,VERY POOR,602.5,0.3,0.95,0,0.95,114.4208027042834,0.5,0,1,1.0,0.519
36TH AV,YEW ST,ARBUTUS ST,NO DATA,1334.9,0.069,0.5,1,0.4,91.5008663417484,0.5,0,1,1.0,0.388
49TH AV,VICTORIA DRIVE,GLADSTONE ST,FAIR,1613.1,0.04,0.5,0,0.5,91.95004345069401,0.5,0,1,1.0,0.401
29TH AV,ANGUS DRIVE,MARGUERITE ST,GOOD,745.8,0.225,0.3,0,0.3,91.48539370591806,0.5,0,1,1.0,0.393
26TH AV,NOOTKA ST,LILLOOET ST,GOOD,770.5,0.214,0.3,0,0.3,90.49544127114461,0.5,0,1,1.0,0.392
BOYD DIVERSION,24TH AV / NOOTKA ST,22ND AV,GOOD,886.4,0.17,0.3,0,0.3,317.52706916189396,0.8,0,1,1.0,0.46
6TH AV,COMMERCIAL DRIVE,VICTORIA DRIVE,VERY GOOD,841.4,0.186,0.1,0,0.1,90.72297872606646,0.5,0,1,1.0,0.352
COAL HARBOUR QUAY,CARDERO ST,NICOLA ST,VERY GOOD,12.1,0.976,0.1,0,0.1,134.74646628370238,0.5,0,1,1.0,0.471
45TH AV,PRINCE EDWARD ST,ST. GEORGE ST,VERY POOR,765.4,0.216,0.95,0,0.95,91.49817946023495,0.5,0,1,1.0,0.507
49TH AV,CAMBIE ST,ALBERTA ST,GOOD,222.5,0.641,0.3,0,0.3,93.27736360158599,0.5,0,1,1.0,0.456
63RD AV,LEASIDE ST,JASPER CRESCENT,VERY GOOD,545.0,0.336,0.1,0,0.1,85.79295042352129,0.5,0,1,1.0,0.375
BALSAM ST,3RD AV,2ND AV,GOOD,1303.2,0.074,0.3,0,0.3,1.5208565523740845,0.8,0,1,1.0,0.446
BUTE ST,DAVIE ST,PENDRELL ST,VERY GOOD,148.8,0.743,0.1,0,0.1,46.50556481324395,0.5,0,1,1.0,0.436
ANGUS DR,38TH AV,37TH AV,VERY GOOD,686.9,0.253,0.1,0,0.1,28.810866784122084,0.8,0,1,1.0,0.437
2ND AV,BALACLAVA ST,BAYSWATER ST,GOOD,1408.9,0.06,0.3,0,0.3,91.20799942013673,0.5,0,1,1.0,0.369
COLUMBIA ST,PEVERIL AV,KING EDWARD AV,GOOD,404.9,0.445,0.3,0,0.3,1.8453768524120733,0.8,0,1,1.0,0.502
33RD AV,CARNARVON ST,MACKENZIE ST,VERY POOR,1681.5,0.035,0.95,0,0.95,90.46848895122173,0.5,0,1,1.0,0.479
37TH AV,SOMERVILLE ST,WINDSOR ST,FAIR,1475.3,0.052,0.5,0,0.5,91.08210779596186,0.5,0,1,1.0,0.403
14TH AV,BLANCA ST,TOLMIE ST,VERY GOOD,1570.8,0.043,0.1,0,0.1,91.52905892370103,0.5,0,1,1.0,0.331
BLENHEIM ST,27TH AV,26TH AV,VERY GOOD,2238.5,0.011,0.1,0,0.1,0.4924774997706436,0.8,0,1,1.0,0.401
51ST AV,PRINCE EDWARD ST,ST. GEORGE ST,VERY GOOD,662.2,0.266,0.1,0,0.1,91.57544219605774,0.5,0,1,1.0,0.364
BALACLAVA ST,28TH AV,27TH AV,VERY GOOD,2152.1,0.014,0.1,0,0.1,0.45723522817871753,0.8,0,1,1.0,0.401
20TH AV,ST. GEORGE ST,CAROLINA ST,VERY POOR,1631.4,0.038,0.95,0,0.95,91.44326427418866,0.5,0,1,1.0,0.48
FLEMING ST,53RD AV,51ST AV,GOOD,1442.5,0.056,0.3,0,0.3,1.6334413069386073,0.8,0,1,1.0,0.443
GLEN DR,12TH AV,11TH AV,VERY GOOD,1345.9,0.068,0.1,0,0.1,0.857807099380409,0.8,0,1,1.0,0.409
HOWE ST,HOWE ST TO GRANVILLE BRIDGE RAMP,PACIFIC ST,POOR,515.9,0.356,0.8,0,0.8,224.69298807149062,0.2,0,1,1.0,0.426
EAST BLVD,19TH AV,18TH AV,FAIR,1770.7,0.029,0.5,0,0.5,1.5442498402584306,0.8,0,1,1.0,0.474
MACKENZIE ST,28TH AV,QUESNEL DRIVE,FAIR,2245.1,0.011,0.5,0,0.5,0.3822849193592788,0.8,0,1,1.0,0.472
KOOTENAY ST,ETON ST,MCGILL ST,GOOD,672.9,0.26,0.3,0,0.3,0.10995537506880737,0.8,0,1,1.0,0.474
FRASER ST,41ST AV,39TH AV,GOOD,1202.8,0.09,0.3,0,0.3,1.0628332953731956,0.8,0,1,1.0,0.448
GLADSTONE ST,38TH AV,37TH AV,VERY GOOD,829.8,0.19,0.1,0,0.1,0.5515306214253997,0.8,0,1,1.0,0.428
GARDEN DR,PENDER ST,HASTINGS ST,POOR,1145.6,0.101,0.8,0,0.8,0.6771086098660248,0.8,0,1,1.0,0.538
MACDONALD ST,16TH AV,15TH AV,VERY GOOD,2214.6,0.012,0.1,0,0.1,1.4938799590191252,0.8,0,1,1.0,0.401
HARRISON DR,ROSEDALE DRIVE,BURQUITLAM DRIVE,VERY GOOD,301.7,0.547,0.1,0,0.1,55.8071717331066,0.5,0,1,1.0,0.407
GARDEN DR,PARKER ST,VENABLES ST,VERY GOOD,1271.0,0.079,0.1,0,0.1,0.7921232252891741,0.8,0,1,1.0,0.411
ETON ST,KOOTENAY ST,BOUNDARY ROAD,VERY GOOD,708.2,0.243,0.1,0,0.1,89.99373659915784,0.5,0,1,1.0,0.361
LARCH ST,CORNWALL AV,POINT GREY ROAD,FAIR,1273.4,0.078,0.5,0,0.5,1.5025509940651318,0.8,0,1,1.0,0.482
MAIN ST,37TH AV,36TH AV,FAIR,315.5,0.532,0.5,0,0.5,1.7694717494491101,0.8,0,1,1.0,0.55
DOMAN ST,49TH AV,48TH AV,VERY GOOD,1349.6,0.067,0.1,0,0.1,1.7861179191564247,0.8,0,1,1.0,0.409
FRASER ST,38TH AV,37TH AV,GOOD,1143.8,0.102,0.3,0,0.3,1.046652204888744,0.8,0,1,1.0,0.45
MACDONALD ST,36TH AV,35TH AV,VERY GOOD,1552.7,0.045,0.1,0,0.1,0.9456943156882289,0.8,0,1,1.0,0.406
LARCH ST,12TH AV,10TH AV,POOR,1846.0,0.025,0.8,0,0.8,1.523246675134999,0.8,0,1,1.0,0.527
MANITOBA ST,19TH AV,18TH AV,GOOD,1112.4,0.108,0.3,0,0.3,1.7324089795337159,0.8,0,1,1.0,0.451
MANITOBA ST,5TH AV,4TH AV,VERY GOOD,282.3,0.569,0.1,0,0.1,1.6231118992373013,0.8,0,1,1.0,0.485
MANITOBA ST,2ND AV,1ST AV,VERY GOOD,93.6,0.829,0.1,0,0.1,358.5442692340057,0.8,0,1,1.0,0.524
KAMLOOPS ST,5TH AV,4TH AV,POOR,459.7,0.399,0.8,0,0.8,0.11197250125076152,0.8,0,1,1.0,0.583
CROWLEY DR,TYNE ST,MELBOURNE ST,VERY GOOD,884.6,0.17,0.1,0,0.1,124.9423450550467,0.5,0,1,1.0,0.35
DUNSMUIR ST,HOMER ST,RICHARDS ST,POOR,179.4,0.698,0.8,0,0.8,314.7852744158024,0.5,0,1,1.0,0.553
HIGHBURY ST,41ST AV,39TH AV,NO DATA,967.8,0.144,0.5,1,0.4,3.712862053811591,0.8,0,1,1.0,0.474
HEATLEY AV,PENDER ST,HASTINGS ST,FAIR,497.1,0.37,0.5,0,0.5,1.911090074257288,0.8,0,1,1.0,0.526
GRANDVIEW HWY N,MCLEAN DRIVE,WOODLAND DRIVE,VERY POOR,1147.5,0.101,0.95,0,0.95,116.5293261656542,0.5,0,1,1.0,0.489
DINMONT AV,MIDLOTHIAN AV,NIGEL AV,FAIR,82.9,0.847,0.5,0,0.5,53.43874120439915,0.5,0,1,1.0,0.523
GLADSTONE ST,GALT ST,29TH AV,FAIR,1054.8,0.121,0.5,0,0.5,31.174472162241955,0.8,0,1,1.0,0.488
DENMAN ST,BARCLAY ST,HARO ST,VERY POOR,376.9,0.471,0.95,0,0.95,44.750726148265585,0.8,0,1,1.0,0.62
KEITH DR,6TH AV,5TH AV,FAIR,1211.9,0.089,0.5,0,0.5,0.8861160236749583,0.8,1,1,1.0,0.783
MAIN ST,CORDOVA ST,POWELL ST,POOR,367.7,0.479,0.8,0,0.8,1.7052126568336803,0.8,0,1,1.0,0.595
GILFORD ST,COMOX ST,NELSON ST,FAIR,392.4,0.456,0.5,0,0.5,44.77764992894066,0.8,0,1,1.0,0.539
DAVIE ST,JERVIS ST,BUTE ST,VERY GOOD,220.6,0.643,0.1,0,0.1,134.81043830199962,0.5,0,1,1.0,0.421
CORNWALL AV,CYPRESS ST,CHESTNUT ST,GOOD,489.7,0.376,0.3,0,0.3,91.47408554649269,0.5,0,1,1.0,0.416
FRENCH ST,72ND AV / 73RD AV,71ST AV,FAIR,385.2,0.463,0.5,0,0.5,1.3648994784226147,0.8,0,1,1.0,0.54
MACDONALD ST,5TH AV,4TH AV,VERY GOOD,1817.5,0.026,0.1,0,0.1,1.419515322999132,0.8,0,1,1.0,0.403
MARGUERITE ST,NANTON AV,KING EDWARD AV,GOOD,942.2,0.152,0.3,0,0.3,1.4742651159285174,0.8,0,1,1.0,0.457
MACKENZIE ST,33RD AV,32ND AV,POOR,1753.1,0.03,0.8,0,0.8,0.4590239020540139,0.8,0,1,1.0,0.527
FLEMING ST,54TH AV,53RD AV,FAIR,1292.1,0.075,0.5,0,0.5,1.5565167600861969,0.8,0,1,1.0,0.481
KING EDWARD AV,YEW ST,23RD AV,VERY GOOD,1768.0,0.029,0.1,0,0.1,64.48874636132473,0.5,0,1,1.0,0.329
INVERNESS ST,53RD AV,51ST AV,VERY GOOD,1477.8,0.052,0.1,0,0.1,1.4926781889947733,0.8,0,1,1.0,0.407
MCCLEERY ST,47TH AV,45TH AV,VERY POOR,567.7,0.321,0.95,0,0.95,0.4909026918981567,0.8,0,1,1.0,0.598
SELKIRK ST,64TH AV,PARK DRIVE,FAIR,1270.5,0.079,0.5,0,0.5,1.2413082648801606,0.8,0,1,1.0,0.482
TRAFALGAR ST,21ST AV,20TH AV,VERY POOR,2531.6,0.006,0.95,0,0.95,1.5386599226644648,0.8,0,1,1.0,0.55
PACIFIC ST,BURRARD ST,HORNBY ST,VERY GOOD,579.6,0.314,0.1,0,0.1,134.70200779031188,0.5,0,1,1.0,0.372
SASAMAT ST,12TH AV,11TH AV,NO DATA,1197.4,0.091,0.5,1,0.4,1.5338260673155446,0.8,0,1,1.0,0.466
NOOTKA ST,GRAVELEY ST,GRANT ST,FAIR,781.3,0.21,0.5,0,0.5,0.5842044242360203,0.8,0,1,1.0,0.501
RENFREW ST,10TH AV,BROADWAY,POOR,381.5,0.466,0.8,0,0.8,0.07249164126812957,0.8,0,1,1.0,0.593
PUGET DR,19TH AV,BLENHEIM ST,VERY POOR,1819.2,0.026,0.95,0,0.95,317.47837255981096,0.8,0,1,1.0,0.553
SALSBURY DR,FRANCES ST,PENDER ST,VERY GOOD,1467.3,0.053,0.1,0,0.1,0.8202795341145475,0.8,0,1,1.0,0.407
PRINCE ALBERT ST,58TH AV,57TH AV,VERY GOOD,1119.2,0.107,0.1,0,0.1,1.2085017317715483,0.8,0,1,1.0,0.415
SLOCAN ST,25TH AV,24TH AV,FAIR,1058.8,0.12,0.5,0,0.5,0.3500267810385367,0.8,0,1,1.0,0.488
PRINCE EDWARD ST,21ST AV,20TH AV,VERY POOR,1413.8,0.059,0.95,0,0.95,1.3914042094197043,0.8,0,1,1.0,0.558
STANLEY PARK DR,CAUSEWAY SB TO STANLEY PARK DR RAMP,PROSPECT POINT PICNIC SITE,VERY GOOD,771.0,0.214,0.1,0,0.1,256.75131022013613,0.5,0,1,1.0,0.356
SOMERSET CRES,40TH AV,AVONDALE AV,GOOD,435.3,0.419,0.3,0,0.3,330.16078549714865,0.8,0,1,1.0,0.498
PARKER ST,WEST END,SALSBURY DRIVE,POOR,1273.3,0.078,0.8,0,0.8,90.64648774149481,0.5,0,1,1.0,0.46
PENTICTON ST,ETON ST,MCGILL ST,VERY GOOD,867.6,0.176,0.1,0,0.1,0.4519678192948504,0.8,0,1,1.0,0.426
SEAFORTH DR,19TH AV / RUPERT ST,WORTHINGTON DRIVE,FAIR,626.6,0.286,0.5,0,0.5,49.71563753867224,0.5,0,1,1.0,0.438
PRINCE ALBERT ST,43RD AV,41ST AV,VERY POOR,1465.7,0.053,0.95,0,0.95,1.2001042721534532,0.8,0,1,1.0,0.557
TOLMIE ST,8TH AV,7TH AV,VERY POOR,1117.7,0.107,0.95,0,0.95,1.5312521776692165,0.8,0,1,1.0,0.565
PICTON ST,QUEENS AV,WELLINGTON AV,GOOD,746.9,0.225,0.3,0,0.3,32.11634935846638,0.8,0,1,1.0,0.468
TAUNTON ST,MCHARDY ST,EUCLID AV,VERY POOR,907.9,0.163,0.95,0,0.95,32.47946429053195,0.8,0,1,1.0,0.574
QUEEN ELIZABETH PARK RD 3,QUEEN ELIZABETH PARK ROAD 2,QUEEN ELIZABETH PARK ROAD 1,VERY GOOD,117.4,0.791,0.1,0,0.1,48.26925852104523,0.5,0,1,1.0,0.443
NOOTKA ST,TURNER ST,PENDER ST,POOR,138.0,0.759,0.8,0,0.8,0.1302685018766283,0.8,0,1,1.0,0.637
PINE CRES,30TH AV,29TH AV,POOR,881.9,0.171,0.8,0,0.8,1.5058831342691406,0.8,0,1,1.0,0.549
PRINCE ALBERT ST,18TH AV,17TH AV,GOOD,1752.3,0.03,0.3,0,0.3,1.5784458420574765,0.8,0,1,1.0,0.439
RICHARDS ST,GEORGIA ST,ROBSON ST,VERY GOOD,208.4,0.659,0.1,0,0.1,224.74956739173098,0.2,0,1,1.0,0.349
RENFREW ST,16TH AV,15TH AV,VERY POOR,333.6,0.513,0.95,0,0.95,0.4598621462900496,0.8,0,1,1.0,0.627
PRINCE ALBERT ST,39TH AV,38TH AV,VERY GOOD,1336.1,0.069,0.1,0,0.1,1.1096666050293607,0.8,0,1,1.0,0.41
NANAIMO ST,45TH AV,41ST AV,GOOD,791.7,0.205,0.3,0,0.3,1.7496724707193607,0.8,0,1,1.0,0.465
PACIFIC ST,HOWE ST,GRANVILLE ST 1,VERY POOR,649.4,0.273,0.95,0,0.95,135.75350349058243,0.2,1,1,1.0,0.74
OBEN ST,CROWLEY DRIVE,VANNESS AV,VERY GOOD,977.1,0.142,0.1,0,0.1,39.35523250302862,0.8,0,1,1.0,0.421
NAPIER ST,KOOTENAY ST,BOUNDARY ROAD,VERY POOR,177.9,0.701,0.95,0,0.95,89.79284264151488,0.5,0,1,1.0,0.58
SEMLIN DR,VENABLES ST,ADANAC ST,VERY GOOD,1630.6,0.038,0.1,0,0.1,0.26189875517098926,0.8,0,1,1.0,0.405
ST GEORGE ST,17TH AV,16TH AV,FAIR,1594.0,0.041,0.5,0,0.5,1.4542626788004895,0.8,0,1,1.0,0.476
OLYMPIC ST,46TH AV,SW MARINE DRIVE,VERY GOOD,755.2,0.221,0.1,0,0.1,1.5310942055170926,0.8,0,1,1.0,0.433
MAXWELL ST,21ST AV,20TH AV,POOR,601.8,0.3,0.8,0,0.8,1.359406559336776,0.8,0,1,1.0,0.568
TRIMBLE ST,15TH AV,14TH AV,VERY POOR,1337.2,0.069,0.95,0,0.95,1.5191426323609676,0.8,0,1,1.0,0.56
ONTARIO ST,1ST AV,ATHLETES WAY,VERY GOOD,85.8,0.842,0.1,0,0.1,0.6901051834681766,0.8,0,1,1.0,0.526
QUEEN ELIZABETH PARK RD 2,QUEEN ELIZABETH PARK ROAD 3,QUEEN ELIZABETH PARK ROAD 1,VERY GOOD,179.3,0.699,0.1,0,0.1,354.0511187687954,0.8,0,1,1.0,0.505
RUPERT ST,59TH AV,56TH AV,FAIR,437.6,0.417,0.5,0,0.5,19.094478758558864,0.8,0,1,1.0,0.533
SALSBURY DR,FRANKLIN ST,PANDORA ST,FAIR,1590.8,0.042,0.5,0,0.5,0.888870117538147,0.8,0,1,1.0,0.476
RENFREW ST,GEORGIA ST,TURNER ST,FAIR,299.7,0.549,0.5,0,0.5,0.13222094009665852,0.8,0,1,1.0,0.553
MCGILL ST,KOOTENAY ST,BOUNDARY ROAD,FAIR,673.2,0.26,0.5,0,0.5,90.01566791929793,0.5,0,1,1.0,0.434
NANAIMO ST,TRINITY ST,WALL ST,GOOD,1235.3,0.085,0.3,0,0.3,0.016517835736408415,0.8,0,1,1.0,0.447
SELKIRK ST,67TH AV,64TH AV,VERY GOOD,1105.1,0.11,0.1,0,0.1,1.695019162751521,0.8,0,1,1.0,0.416
PANDORA ST,KAMLOOPS ST,PENTICTON ST,FAIR,736.8,0.229,0.5,0,0.5,90.1454591255033,0.5,0,1,1.0,0.429
TOLMIE ST,16TH AV,15TH AV,FAIR,1650.2,0.037,0.5,0,0.5,1.5279100296857564,0.8,0,1,1.0,0.475
MUSQUEAM DR,STAULO CRESCENT 1 / YUCULTA CRESCENT,SALISH DRIVE,GOOD,680.9,0.256,0.3,0,0.3,90.54887633145421,0.5,0,1,1.0,0.398
RALEIGH ST,54TH AV,51ST AV,POOR,702.6,0.245,0.8,0,0.8,1.9548866433293028,0.8,0,1,1.0,0.56
TRIUMPH ST,GARDEN DRIVE,NANAIMO ST,GOOD,1084.4,0.114,0.3,0,0.3,90.50567081127156,0.5,0,1,1.0,0.377
ST GEORGE ST,KINGSWAY,13TH AV,GOOD,1378.6,0.063,0.3,0,0.3,4.243438086058859,0.8,0,1,1.0,0.444
TROLLEY PL,26TH AV,NORTH END,FAIR,871.2,0.175,0.5,0,0.5,359.9678877169646,0.8,0,1,1.0,0.496
ONTARIO ST,37TH AV,33RD AV / MIDLOTHIAN AV,NO DATA,19.1,0.963,0.5,1,0.4,1.656628399618171,0.8,0,1,1.0,0.597
NANTON AV,CARTIER ST,HUDSON ST,GOOD,618.9,0.29,0.3,0,0.3,116.84596183182032,0.5,0,1,1.0,0.403
RENFREW ST,TURNER ST,PENDER ST,VERY POOR,200.3,0.67,0.95,0,0.95,0.07269690361675885,0.8,0,1,1.0,0.65
ROSEMONT DR,KILLARNEY ST,RUPERT ST,GOOD,346.6,0.5,0.3,0,0.3,126.97702219027184,0.5,0,1,1.0,0.435
RUPERT ST,8TH AV,7TH AV,GOOD,329.7,0.517,0.3,0,0.3,0.08657377076218609,0.8,0,1,1.0,0.513
TRIUMPH ST,KASLO ST,RENFREW ST,GOOD,262.1,0.592,0.3,0,0.3,90.10289231001559,0.5,0,1,1.0,0.449
SLOCAN ST,PENDER ST,HASTINGS ST,VERY GOOD,528.2,0.348,0.1,0,0.1,0.05729592959460206,0.8,0,1,1.0,0.452
STANLEY PARK DR,STANLEY PARK DR TO CAUSEWAY RAMP,CAUSEWAY NB TO STANLEY PARK DR RAMP,VERY GOOD,477.1,0.385,0.1,0,0.1,356.780047673315,0.8,0,1,1.0,0.457
PRINCESS AV,UNION ST,GEORGIA ST,VERY GOOD,277.9,0.574,0.1,0,0.1,1.598884445046167,0.8,0,1,1.0,0.486
QUEBEC ST,12TH AV,11TH AV,VERY POOR,964.4,0.145,0.95,0,0.95,1.6831950144860457,0.8,0,1,1.0,0.571
PENDER ST,HEATLEY AV,HAWKS AV,VERY GOOD,493.3,0.373,0.1,0,0.1,91.75266273474574,0.5,0,1,1.0,0.38
SCHOOL AV,RUPERT ST,LANCASTER ST,GOOD,611.2,0.295,0.3,0,0.3,122.59747552710178,0.5,0,1,1.0,0.404
ONTARIO ST,53RD AV,52ND AV,VERY GOOD,278.2,0.573,0.1,0,0.1,1.313550660890769,0.8,0,1,1.0,0.486
TRAFALGAR ST,BROADWAY,8TH AV,FAIR,1909.5,0.022,0.5,0,0.5,1.487023745857357,0.8,0,1,1.0,0.473
PRINCE EDWARD ST,56TH AV,55TH AV,VERY GOOD,865.7,0.177,0.1,0,0.1,2.0239725160273565,0.8,0,1,1.0,0.426
PENDER ST,JACKSON AV,PRINCESS AV,VERY GOOD,533.9,0.344,0.1,0,0.1,91.67488374689628,0.5,0,1,1.0,0.376
SOPHIA ST,33RD AV,32ND AV,POOR,515.6,0.357,0.8,0,0.8,1.5585909320542441,0.8,0,1,1.0,0.577
PENTICTON ST,FRANKLIN ST,PANDORA ST,VERY GOOD,721.0,0.236,0.1,0,0.1,0.057239258248500846,0.8,0,1,1.0,0.435
PUGET DR,21ST AV,20TH AV,VERY POOR,2161.9,0.013,0.95,0,0.95,327.387362206967,0.8,0,1,1.0,0.551
STEPHENS ST,7TH AV,6TH AV,VERY GOOD,1914.6,0.022,0.1,0,0.1,1.4353111227793534,0.8,0,1,1.0,0.403
PRINCE EDWARD ST,17TH AV,16TH AV,FAIR,1526.4,0.047,0.5,0,0.5,1.3913986445363093,0.8,0,1,1.0,0.477
NW MARINE DR,CITY LIMITS,NW MARINE DR BUS LOOP,VERY GOOD,138.7,0.758,0.1,0,0.1,103.1950033993769,0.5,0,1,1.0,0.438
QUEBEC ST,23RD AV,22ND AV,VERY GOOD,919.5,0.159,0.1,0,0.1,358.9823712594448,0.8,0,1,1.0,0.423
ROLSTON ST,NEON ST,DRAKE ST,VERY GOOD,565.6,0.323,0.1,0,0.1,42.574238145284426,0.8,0,1,1.0,0.448
ST CATHERINES ST,23RD AV,22ND AV,VERY POOR,1724.0,0.032,0.95,0,0.95,1.4731819366712102,0.8,0,1,1.0,0.554
MCLEAN DR,PARKER ST,VENABLES ST,GOOD,958.4,0.147,0.3,0,0.3,0.4984256938339513,0.8,0,1,1.0,0.457
TRIUMPH ST,NANAIMO ST,KAMLOOPS ST,FAIR,947.0,0.15,0.5,0,0.5,90.18714023002087,0.5,0,1,1.0,0.418
NEAL ST,57TH AV,54TH AV,GOOD,762.7,0.218,0.3,0,0.3,356.2175911309166,0.8,0,1,1.0,0.467
ST GEORGE ST,52ND AV,51ST AV,FAIR,904.4,0.164,0.5,0,0.5,1.0725170043562002,0.8,0,1,1.0,0.495
TUPPER ST,17TH AV,16TH AV,VERY GOOD,555.5,0.329,0.1,0,0.1,1.5307786793023865,0.8,0,1,1.0,0.449
WELWYN ST,30TH AV,28TH AV,FAIR,1181.7,0.094,0.5,0,0.5,1.0646960032141806,0.8,0,1,1.0,0.484
VENABLES ST,GARDEN DRIVE,NANAIMO ST,POOR,1182.3,0.094,0.8,0,0.8,85.68660321160968,0.5,0,1,1.0,0.462
VICTORIA DR,PORTER ST,15TH AV,GOOD,184.7,0.691,0.3,0,0.3,1.451904576251252,0.8,0,1,1.0,0.539
WILLOW ST,20TH AV,19TH AV,GOOD,608.6,0.296,0.3,0,0.3,1.6749920529466635,0.8,0,1,1.0,0.479
WILTSHIRE ST,45TH AV,43RD AV,NO DATA,922.0,0.158,0.5,1,0.4,1.4956140242780407,0.8,0,1,1.0,0.476
VALLEY DR,22ND AV,21ST AV,VERY POOR,2243.7,0.011,0.95,0,0.95,334.8905968685699,0.8,0,1,1.0,0.551
WEST BLVD,47TH AV,46TH AV,VERY POOR,926.5,0.157,0.95,0,0.95,1.423123166465814,0.8,0,1,1.0,0.573
WINDSOR ST,63RD AV,62ND AV,POOR,602.9,0.299,0.8,0,0.8,0.2843821130533115,0.8,0,1,1.0,0.568
WARD ST,DUCHESS ST,EARLES ST,POOR,256.7,0.599,0.8,0,0.8,122.46540654332398,0.5,0,1,1.0,0.538
YEW ST,45TH AV,44TH AV,VERY GOOD,937.1,0.153,0.1,0,0.1,1.5862434037430262,0.8,0,1,1.0,0.422
WAVERLEY AV,MCKINNON ST,DOMAN ST,POOR,1463.5,0.054,0.8,0,0.8,90.00025224577627,0.5,0,1,1.0,0.456
YEW ST,22ND AV,21ST AV,GOOD,1912.4,0.022,0.3,0,0.3,1.5098051761709712,0.8,0,1,1.0,0.438
YEW ST,SOUTH END,SW MARINE DRIVE,VERY GOOD,167.0,0.716,0.1,0,0.1,2.685369151824432,0.8,0,1,1.0,0.507
VICTORIA DR,BROADWAY,8TH AV,FAIR,590.6,0.307,0.5,0,0.5,0.7537871725648415,0.8,0,1,1.0,0.516
WILLOW ST,28TH AV,27TH AV,FAIR,609.8,0.295,0.5,0,0.5,1.46698363813681,0.8,0,1,1.0,0.514
VINE ST,36TH AV,35TH AV,FAIR,1651.1,0.037,0.5,0,0.5,1.5369793910969634,0.8,0,1,1.0,0.475
WALL ST,KAMLOOPS ST,PENTICTON ST,POOR,992.0,0.138,0.8,0,0.8,71.76829208436362,0.5,0,1,1.0,0.468
WOODLAND DR,1ST AV,GRAVELEY ST,GOOD,1160.8,0.098,0.3,0,0.3,0.7518436046362922,0.8,0,1,1.0,0.449
VICTORIA DR,25TH AV,23RD AV,VERY GOOD,592.9,0.305,0.1,0,0.1,1.1072840190922761,0.8,0,1,1.0,0.445
WALES ST,52ND AV,51ST AV,GOOD,946.2,0.151,0.3,0,0.3,1.9582626923037765,0.8,0,1,1.0,0.457
WATERLOO ST,3RD AV,2ND AV,FAIR,981.5,0.14,0.5,0,0.5,1.4749155722889782,0.8,0,1,1.0,0.491
VICTORIA DR,50TH AV,49TH AV,FAIR,1699.7,0.033,0.5,0,0.5,1.065304947807931,0.8,0,1,1.0,0.475
WILLIAM ST,WOODLAND DRIVE,EAST END,FAIR,1043.6,0.124,0.5,0,0.5,90.7842939477872,0.5,0,1,1.0,0.414
VENABLES ST,RAYMUR AV,GLEN DRIVE,POOR,392.7,0.456,0.8,0,0.8,91.16891850580555,0.5,0,1,1.0,0.517
WATSON ST,17TH AV,16TH AV,GOOD,1467.1,0.053,0.3,0,0.3,2.3924692017272946,0.8,0,1,1.0,0.443
YUKON ST,21ST AV,20TH AV,FAIR,809.8,0.198,0.5,0,0.5,1.703199463429371,0.8,0,1,1.0,0.5
WALLACE ST,13TH AV,12TH AV,VERY POOR,960.6,0.146,0.95,0,0.95,1.4621656606169608,0.8,0,1,1.0,0.571
VIVIAN DR,57TH AV,56TH AV,VERY POOR,494.7,0.372,0.95,0,0.95,0.14429107340805558,0.8,0,1,1.0,0.605
WOODSTOCK AV,QUEBEC ST,MAIN ST,GOOD,609.9,0.295,0.3,0,0.3,91.85838068934254,0.5,0,1,1.0,0.404
WILLOW ST,14TH AV,13TH AV,GOOD,34.3,0.934,0.3,0,0.3,1.5381202248677255,0.8,0,1,1.0,0.575
YEW ST,VALLEY DRIVE,EDDINGTON DRIVE,VERY POOR,1449.4,0.055,0.95,0,0.95,1.5131098098612483,0.8,0,1,1.0,0.558
WINDERMERE ST,14TH AV,GRANDVIEW HWY,GOOD,160.5,0.725,0.3,0,0.3,0.29760184375066956,0.8,0,1,1.0,0.544
VIVIAN ST,48TH AV,WAVERLEY AV,GOOD,1202.5,0.09,0.3,0,0.3,2.0222414244764195,0.8,0,1,1.0,0.448
YUKON ST,26TH AV,KING EDWARD AV,FAIR,365.5,0.481,0.5,0,0.5,1.7397918585255638,0.8,0,1,1.0,0.542
WEST BLVD,45TH AV,44TH AV,VERY POOR,1068.9,0.118,0.95,0,0.95,1.4899165679088924,0.8,0,1,1.0,0.567
WALL ST,NANAIMO ST,YALE ST,NO DATA,1234.1,0.085,0.5,1,0.4,78.34237308923792,0.5,0,1,1.0,0.39
VINE ST,BROADWAY,8TH AV,VERY POOR,1443.3,0.056,0.95,0,0.95,1.5489408844622403,0.8,0,1,1.0,0.558
WILLIAM ST,VICTORIA DRIVE,LILY ST,GOOD,1505.1,0.049,0.3,0,0.3,90.69467565405051,0.5,0,1,1.0,0.367
WINDSOR ST,13TH AV,12TH AV,POOR,1469.4,0.053,0.8,0,0.8,0.8466364888800513,0.8,0,1,1.0,0.531
VENABLES ST,RUPERT ST,EAST END,FAIR,470.3,0.39,0.5,0,0.5,90.26074456793503,0.5,0,1,1.0,0.454
VINE ST,13TH AV,12TH AV,POOR,1678.9,0.035,0.8,0,0.8,1.559344687685325,0.8,0,1,1.0,0.528
WOODLAND DR,HASTINGS ST,FRANKLIN ST,FAIR,1263.3,0.08,0.5,0,0.5,1.158857147633853,0.8,0,1,1.0,0.482
54TH AV,FREMLIN ST,LAUREL ST,VERY GOOD,985.3,0.139,0.1,0,0.1,91.33938397209278,0.5,0,1,1.0,0.345
6TH AV,WOODLAND DRIVE,COMMERCIAL DRIVE,FAIR,991.2,0.138,0.5,0,0.5,90.77463674213487,0.5,0,1,1.0,0.416
CAROLINA ST,17TH AV,16TH AV,FAIR,1654.2,0.037,0.5,0,0.5,1.4079564180084958,0.8,0,1,1.0,0.475
8TH AV,BLENHEIM ST,TRUTCH ST,GOOD,1252.8,0.082,0.3,0,0.3,91.42689141895238,0.5,0,1,1.0,0.372
49TH AV,ANGUS DRIVE,WILTSHIRE ST,VERY GOOD,1324.4,0.071,0.1,0,0.1,91.18118537051782,0.5,0,1,1.0,0.335
39TH AV,DUNBAR ST,COLLINGWOOD ST,NO DATA,953.4,0.149,0.5,1,0.4,90.5621291796881,0.5,0,1,1.0,0.4
46TH AV,SOPHIA ST,PRINCE EDWARD ST,VERY POOR,587.3,0.309,0.95,0,0.95,91.72439610960578,0.5,0,1,1.0,0.521
48TH AV,WALES ST,VIVIAN ST,FAIR,1292.2,0.075,0.5,0,0.5,90.51203635716911,0.5,0,1,1.0,0.406
4TH AV,STEPHENS ST,TRAFALGAR ST,GOOD,1692.1,0.034,0.3,0,0.3,91.17179610815725,0.5,0,1,1.0,0.365
37TH AV,ELGIN ST,ROSS ST,GOOD,1636.1,0.038,0.3,0,0.3,91.09276497122465,0.5,0,1,1.0,0.365
BURRARD ST,2ND AV,1ST AV,FAIR,408.6,0.442,0.5,0,0.5,2.1379162756347228,0.8,0,1,1.0,0.536
30TH AV,ARGYLE ST,BRUCE ST,VERY GOOD,1329.8,0.07,0.1,0,0.1,91.45850039538442,0.5,0,1,1.0,0.335
ANDERSON ST,2ND AV / LAMEYS MILL ROAD,ENTRANCE TO GRANVILLE ISLAND,POOR,28.7,0.944,0.8,0,0.8,39.25830485665176,0.8,0,1,1.0,0.665
COMOX ST,NICOLA ST,BROUGHTON ST,VERY GOOD,439.3,0.415,0.1,0,0.1,134.81714897989514,0.5,0,1,1.0,0.387
3RD AV,WOODLAND DRIVE,COTTON DRIVE,VERY GOOD,1322.9,0.071,0.1,0,0.1,90.68894417001701,0.5,0,1,1.0,0.335
37TH AV,ELM ST,LARCH ST,VERY GOOD,1591.7,0.041,0.1,0,0.1,91.49859413530504,0.5,0,1,1.0,0.33
15TH AV,ARBUTUS ST,MAPLE ST,VERY POOR,1505.6,0.049,0.95,0,0.95,91.4754655618608,0.5,0,1,1.0,0.482
8TH AV,GRANVILLE ST,HEMLOCK ST,VERY POOR,279.2,0.572,0.95,0,0.95,91.49984473519555,0.5,0,1,1.0,0.56
52ND AV,LAUREL ST,HEATHER ST,GOOD,905.9,0.163,0.3,0,0.3,91.35300758849144,0.5,0,1,1.0,0.384
48TH AV,KERR ST,MCKINNON ST,GOOD,1388.7,0.062,0.3,0,0.3,90.93684459432029,0.5,0,1,1.0,0.369
10TH AV,WATERLOO ST,BLENHEIM ST,VERY GOOD,1229.3,0.086,0.1,0,0.1,91.50156154780274,0.5,0,1,1.0,0.337
BIDWELL ST,PENDRELL ST,COMOX ST,VERY POOR,642.7,0.277,0.95,0,0.95,47.15316736042064,0.5,0,1,1.0,0.516
ASH ST,30TH AV,29TH AV,FAIR,304.7,0.544,0.5,0,0.5,1.8453683924624897,0.8,0,1,1.0,0.552
5TH AV,STEPHENS ST,TRAFALGAR ST,FAIR,1750.5,0.03,0.5,0,0.5,90.55688941646554,0.5,0,1,1.0,0.399
COMMERCIAL DR,BROADWAY,GRANDVIEW HWY NORTH,POOR,738.8,0.228,0.8,0,0.8,0.7660622925592406,0.8,1,1,1.0,0.857
BUTLER ST,62ND AV,MAQUINNA DRIVE,VERY POOR,122.3,0.783,0.95,0,0.95,352.4344489275761,0.8,0,1,1.0,0.667
16TH AV,ST. GEORGE ST,CAROLINA ST,FAIR,1593.6,0.041,0.5,0,0.5,91.45071764370789,0.5,0,1,1.0,0.401
27TH AV,WEST END,WINDERMERE ST,VERY GOOD,570.8,0.319,0.1,0,0.1,88.54833362868749,0.5,0,1,1.0,0.372
49TH AV,DAWSON ST,RALEIGH ST,VERY POOR,1207.9,0.089,0.95,0,0.95,90.95243464855264,0.5,0,1,1.0,0.488
17TH AV,MANITOBA ST,ONTARIO ST,POOR,1161.0,0.098,0.8,0,0.8,88.42004561240384,0.5,0,1,1.0,0.463
BALACLAVA ST,CELTIC AV,57TH AV,FAIR,21.9,0.957,0.5,0,0.5,1.1747062210453691,0.8,0,1,1.0,0.614
62ND AV,ADERA ST,GRANVILLE ST,NO DATA,979.3,0.141,0.5,1,0.4,89.99945291769666,0.5,0,1,1.0,0.398
CAMOSUN ST,39TH AV,38TH AV,FAIR,1542.5,0.046,0.5,0,0.5,359.17975904257526,0.8,0,1,1.0,0.477
29TH AV,MAIN ST,WALDEN ST,VERY POOR,626.8,0.285,0.95,0,0.95,91.52361772857603,0.5,0,1,1.0,0.517
30TH AV,MAPLE CRESCENT,PINE CRESCENT,GOOD,882.7,0.171,0.3,0,0.3,91.4297350014408,0.5,0,1,1.0,0.385
4TH AV,DUNBAR ST,COLLINGWOOD ST,POOR,716.7,0.239,0.8,0,0.8,91.55033371252989,0.5,0,1,1.0,0.484
64TH AV,WEST END,INVERNESS ST,POOR,416.1,0.435,0.8,0,0.8,90.77473755271825,0.5,0,1,1.0,0.513
58TH AV,MAIN ST,PRINCE EDWARD ST,POOR,557.3,0.328,0.8,0,0.8,91.96132606605954,0.5,0,1,1.0,0.497
43RD AV,MANITOBA ST,ONTARIO ST,VERY GOOD,637.6,0.279,0.1,0,0.1,91.76822124736111,0.5,0,1,1.0,0.366
CARTIER ST,SECTION BREAK,67TH AV,VERY GOOD,797.3,0.203,0.1,0,0.1,1.3497073295982887,0.8,0,1,1.0,0.43
31ST AV,LITTLE ST,GLADSTONE ST,FAIR,1045.0,0.124,0.5,0,0.5,90.86544185804888,0.5,0,1,1.0,0.413
56TH AV,PRINCE EDWARD ST,ST. GEORGE ST,POOR,870.5,0.175,0.8,0,0.8,90.61515247575488,0.5,0,1,1.0,0.474
57TH AV,HUDSON ST,OAK ST,VERY POOR,1244.8,0.083,0.95,0,0.95,91.21255484805533,0.5,0,1,1.0,0.487
BALSAM ST,YORK AV,CORNWALL AV,GOOD,1150.4,0.1,0.3,0,0.3,1.5196183623839374,0.8,0,1,1.0,0.45
20TH AV,PRINCE EDWARD ST,ST. GEORGE ST,VERY POOR,1478.4,0.052,0.95,0,0.95,91.38388793268211,0.5,0,1,1.0,0.482
11TH AV,WOODLAND DRIVE,COMMERCIAL DRIVE,VERY GOOD,596.7,0.303,0.1,0,0.1,90.78781019115166,0.5,0,1,1.0,0.37
BEATTY ST,ROBSON ST,GEORGIA ST,VERY GOOD,144.8,0.749,0.1,0,0.1,44.79589178081204,0.8,0,1,1.0,0.512
17TH AV,EAST BOULEVARD,MAPLE ST,VERY POOR,1614.5,0.04,0.95,0,0.95,91.51924348588443,0.5,0,1,1.0,0.48
46TH AV,ST. GEORGE ST,FRASER ST,VERY GOOD,941.4,0.152,0.1,0,0.1,91.50484026759102,0.5,0,1,1.0,0.347
ANGUS DR,63RD AV,62ND AV,VERY GOOD,645.5,0.275,0.1,0,0.1,1.5642595630359892,0.8,0,1,1.0,0.441
10TH AV,TEMPLETON DRIVE,GARDEN DRIVE,FAIR,196.7,0.675,0.5,0,0.5,90.71008035505724,0.5,0,1,1.0,0.497
27TH AV,ELGIN ST,ROSS ST,FAIR,1639.4,0.038,0.5,0,0.5,90.53687489493916,0.5,0,1,1.0,0.401
4TH AV,BALACLAVA ST,BAYSWATER ST,GOOD,1419.3,0.059,0.3,0,0.3,91.00627596111218,0.5,0,1,1.0,0.368
AVISON WAY TO VAN AQUARIUM ST,AVISON WAY,VANCOUVER AQUARIUM ST,VERY POOR,128.5,0.773,0.95,0,0.95,345.83818296764207,0.8,0,1,1.0,0.666
23RD AV,GLEN DRIVE,INVERNESS ST,FAIR,1371.2,0.064,0.5,0,0.5,91.42635543036795,0.5,0,1,1.0,0.405
ARBUTUS ST,15TH AV,14TH AV,VERY GOOD,1597.9,0.041,0.1,0,0.1,357.6998120405036,0.8,0,1,1.0,0.405
70TH AV,WEST END,MANITOBA ST,GOOD,370.0,0.477,0.3,0,0.3,91.67901072675079,0.5,0,1,1.0,0.431
COLLEGE ST,41ST AV,KINGSWAY,POOR,473.9,0.388,0.8,0,0.8,0.28182526557856136,0.8,0,1,1.0,0.581
37TH AV,MAPLE ST,LABURNUM ST,GOOD,969.3,0.144,0.3,0,0.3,91.42643531791123,0.5,0,1,1.0,0.381
31ST AV,TRAFALGAR ST,ELM ST,VERY GOOD,2075.8,0.016,0.1,0,0.1,91.3278284376201,0.5,0,1,1.0,0.327
COMMERCIAL DR,ADANAC ST,GEORGIA ST,POOR,1281.6,0.077,0.8,0,0.8,344.8748696334873,0.8,0,1,1.0,0.534
38TH AV,GLADSTONE ST,NANAIMO ST,FAIR,615.3,0.292,0.5,0,0.5,90.49253599734362,0.5,0,1,1.0,0.439
37TH AV,MACDONALD ST,TRAFALGAR ST,GOOD,1465.8,0.053,0.3,0,0.3,90.5251688763725,0.5,0,1,1.0,0.368
57TH AV,ANGUS DRIVE,WILTSHIRE ST,FAIR,999.6,0.135,0.5,0,0.5,91.20432460902174,0.5,0,1,1.0,0.415
ALBERTA ST,41ST AV,40TH AV,GOOD,733.8,0.23,0.3,0,0.3,1.727235968321736,0.8,0,1,1.0,0.469
2ND AV,DUNBAR ST,COLLINGWOOD ST,GOOD,696.2,0.248,0.3,0,0.3,91.52743925647951,0.5,0,1,1.0,0.397
28TH AV,FRASER ST,PRINCE ALBERT ST,FAIR,1324.0,0.071,0.5,0,0.5,93.1761819561068,0.5,0,1,1.0,0.405
14TH AV,TRAFALGAR ST,LARCH ST,VERY POOR,2076.2,0.016,0.95,0,0.95,91.50805796181487,0.5,0,1,1.0,0.477
31ST AV,HIGHBURY ST,DUNBAR ST,NO DATA,1854.0,0.025,0.5,1,0.4,90.58749376522701,0.5,0,1,1.0,0.381
BALACLAVA ST,10TH AV,BROADWAY,GOOD,1548.8,0.045,0.3,0,0.3,1.4958806082469778,0.8,0,1,1.0,0.441
CHEYENNE AV,DUCHESS ST,EARLES ST,POOR,436.0,0.418,0.8,0,0.8,121.61206308688185,0.5,0,1,1.0,0.511
COPLEY ST,19TH AV,NANAIMO ST,VERY GOOD,392.4,0.456,0.1,0,0.1,25.003267678740713,0.8,0,1,1.0,0.468
27TH AV,QUEBEC ST,MAIN ST,VERY GOOD,723.3,0.235,0.1,0,0.1,92.47916187147695,0.5,0,1,1.0,0.36
ALEXANDER ST,HEATLEY AV,HAWKS AV,VERY GOOD,879.5,0.172,0.1,0,0.1,102.87163304672168,0.5,0,1,1.0,0.35
29TH AV,ST. CATHERINES ST,WINDSOR ST,POOR,1555.7,0.045,0.8,0,0.8,90.69642294594394,0.5,0,1,1.0,0.454
23RD AV,INVERNESS ST,CLARK DRIVE,POOR,1244.5,0.083,0.8,0,0.8,91.45653129874779,0.5,0,1,1.0,0.46
15TH AV,GLEN DRIVE,INVERNESS ST,FAIR,1182.9,0.094,0.5,0,0.5,93.60150617336501,0.5,0,1,1.0,0.409
COLLINGWOOD ST,30TH AV,29TH AV,POOR,1924.4,0.021,0.8,0,0.8,0.4892345475649904,0.8,0,1,1.0,0.526
AUSTREY AV,MCHARDY ST,SOUTHEAST END,FAIR,812.0,0.197,0.5,0,0.5,121.67460047131425,0.5,0,1,1.0,0.425
45TH AV,ELM ST,LARCH ST,POOR,780.1,0.21,0.8,0,0.8,91.40389091960583,0.5,0,1,1.0,0.479
39TH AV,HIGHBURY ST,ALMA ST,NO DATA,1063.5,0.119,0.5,1,0.4,90.38989493681584,0.5,0,1,1.0,0.395
14TH AV,CROWN ST,WALLACE ST,NO DATA,1141.6,0.102,0.5,1,0.4,91.4381980867405,0.5,0,1,1.0,0.393
1ST AV,TRAFALGAR ST,LARCH ST,FAIR,1395.1,0.061,0.5,0,0.5,92.5037445195988,0.5,0,1,1.0,0.404
24TH AV,WALLACE ST,HIGHBURY ST,NO DATA,2136.6,0.014,0.5,1,0.4,90.51452870457791,0.5,0,1,1.0,0.379
33RD AV,HIGHBURY ST,DUNBAR ST,FAIR,1647.6,0.037,0.5,0,0.5,90.55575108027449,0.5,0,1,1.0,0.4
8TH AV,ST. CATHERINES ST,WINDSOR ST,POOR,1343.0,0.068,0.8,0,0.8,90.74933819392817,0.5,0,1,1.0,0.458
69TH AV,LAUREL ST,HEATHER ST,VERY POOR,666.6,0.264,0.95,0,0.95,91.59189160697474,0.5,0,1,1.0,0.514
BAYSWATER ST,8TH AV,7TH AV,GOOD,1672.4,0.035,0.3,0,0.3,1.4619391714368817,0.8,0,1,1.0,0.44
21ST AV,MANITOBA ST,ONTARIO ST,POOR,915.3,0.16,0.8,0,0.8,91.74327555693247,0.5,0,1,1.0,0.472
47TH AV,WALES ST,VIVIAN ST,VERY GOOD,1110.9,0.108,0.1,0,0.1,90.51290553137034,0.5,0,1,1.0,0.341
ASH ST,66TH AV,64TH AV,POOR,337.2,0.509,0.8,0,0.8,1.7708479384692168,0.8,0,1,1.0,0.6
59TH AV,ONTARIO ST,MAIN ST,VERY POOR,276.7,0.575,0.95,0,0.95,91.3091968775957,0.5,0,1,1.0,0.561
COLUMBIA ST,10TH AV,BROADWAY,NO DATA,614.1,0.293,0.5,1,0.4,1.5427485391480218,0.8,0,1,1.0,0.496
59TH AV,COLUMBIA ST,COLUMBIA ST,POOR,134.8,0.764,0.8,0,0.8,91.24464045812408,0.5,0,1,1.0,0.563
14TH AV,FIR ST,GRANVILLE ST,POOR,757.3,0.22,0.8,0,0.8,91.53961104037847,0.5,0,1,1.0,0.481
43RD AV,BATTISON ST,TODERICK ST,FAIR,1487.1,0.051,0.5,0,0.5,90.49079885948652,0.5,0,1,1.0,0.403
75TH AV,BENTLEY ST,MILTON ST,VERY POOR,105.4,0.81,0.95,0,0.95,101.65747294012897,0.5,0,1,1.0,0.596
26TH AV,BALKAN ST,ST. GEORGE ST,FAIR,1154.5,0.099,0.5,0,0.5,91.01804579920577,0.5,0,1,1.0,0.41
BEACH AV,BIDWELL ST,CARDERO ST,VERY GOOD,597.4,0.303,0.1,0,0.1,156.2014859778037,0.2,0,1,1.0,0.295
21ST AV,WEST END,CROWN ST,POOR,1825.5,0.026,0.8,0,0.8,90.49187540195027,0.5,0,1,1.0,0.452
CHARLES ST,WINDERMERE ST,RUPERT ST,FAIR,248.6,0.608,0.5,0,0.5,90.11641450493767,0.5,0,1,1.0,0.487
23RD AV,LAUREL ST,WILLOW ST,GOOD,885.2,0.17,0.3,0,0.3,91.73112823938288,0.5,0,1,1.0,0.385
ADERA ST,60TH AV,59TH AV,VERY GOOD,1117.9,0.107,0.1,0,0.1,341.69639389601673,0.8,0,1,1.0,0.415
6TH AV,PENTICTON ST,SLOCAN ST,POOR,421.4,0.431,0.8,0,0.8,90.04259676463812,0.5,0,1,1.0,0.513
31ST AV,VICTORIA DRIVE,LITTLE ST,FAIR,1125.3,0.105,0.5,0,0.5,92.6980034269942,0.5,0,1,1.0,0.411
CELTIC AV,BALACLAVA ST,CARNARVON ST,VERY GOOD,84.1,0.845,0.1,0,0.1,112.96623145833274,0.5,0,1,1.0,0.452
51ST AV,KILLARNEY ST,RUPERT ST,FAIR,1048.0,0.123,0.5,0,0.5,90.321570246654,0.5,0,1,1.0,0.413
54TH AV,BROOKS ST,BUTLER ST,FAIR,817.4,0.195,0.5,0,0.5,90.81677225165652,0.5,0,1,1.0,0.424
ALBERTA ST,45TH AV,44TH AV,VERY POOR,518.2,0.355,0.95,0,0.95,1.6181408484150666,0.8,0,1,1.0,0.603
45TH AV,MCCLEERY ST,MACDONALD ST,VERY GOOD,742.4,0.227,0.1,0,0.1,89.49230989357966,0.5,0,1,1.0,0.358
6TH AV,YEW ST,ARBUTUS ST,GOOD,1051.6,0.122,0.3,0,0.3,91.52598477313182,0.5,0,1,1.0,0.378
18TH AV,TRUTCH ST,BALACLAVA ST,VERY POOR,1976.4,0.019,0.95,0,0.95,92.0393214211976,0.5,0,1,1.0,0.477
ARGYLE ST,64TH AV,63RD AV,FAIR,390.0,0.458,0.5,0,0.5,0.6467094497078847,0.8,0,1,1.0,0.539
BRIDGEWAY ST 1,BRIDGEWAY ST,DRIVEWAY,POOR,298.2,0.551,0.8,0,0.8,160.91757609606486,0.2,0,1,1.0,0.456
ALBERNI ST,BROUGHTON ST,JERVIS ST,FAIR,282.3,0.569,0.5,0,0.5,134.78955541105722,0.5,0,1,1.0,0.481
26TH AV,ST. GEORGE ST,FRASER ST,POOR,1250.8,0.082,0.8,0,0.8,91.13058723941379,0.5,0,1,1.0,0.46
HORLEY ST,MOSS ST,FAIRMONT ST,GOOD,400.8,0.449,0.3,0,0.3,121.71121050042109,0.5,0,1,1.0,0.427
OLIVER CRES,ALAMEIN AV,MACDONALD ST,VERY GOOD,2472.0,0.007,0.1,0,0.1,129.1559988808836,0.5,0,1,1.0,0.325
TRIMBLE ST,16TH AV,15TH AV,FAIR,1429.0,0.057,0.5,0,0.5,1.4797957152849222,0.8,0,1,1.0,0.478
SKEENA ST,GEORGIA ST,TURNER ST,GOOD,530.1,0.346,0.3,0,0.3,0.15595832410878074,0.8,0,1,1.0,0.487
13TH AV,ARBUTUS ST,MAPLE ST,VERY GOOD,1415.2,0.059,0.1,0,0.1,91.48369982661359,0.5,0,1,1.0,0.333
47TH AV,SOPHIA ST,PRINCE EDWARD ST,GOOD,538.1,0.341,0.3,0,0.3,91.6528161423829,0.5,0,1,1.0,0.411
BIDWELL ST,HARWOOD ST,BURNABY ST,FAIR,773.4,0.213,0.5,0,0.5,44.810283594854695,0.8,0,1,1.0,0.502
19TH AV,WINDERMERE ST,RUPERT ST,POOR,647.5,0.274,0.8,0,0.8,90.1590749564806,0.5,0,1,1.0,0.489
53RD AV,LANARK ST,DUMFRIES ST,GOOD,1434.6,0.057,0.3,0,0.3,91.09446729186311,0.5,0,1,1.0,0.368
55TH AV,INVERNESS ST,CULLODEN ST,GOOD,1208.6,0.089,0.3,0,0.3,90.72142090986262,0.5,0,1,1.0,0.373
26TH AV,CARTIER ST,HUDSON ST,VERY POOR,792.6,0.205,0.95,0,0.95,91.485788268605,0.5,0,1,1.0,0.505
20TH AV,KNIGHT ST,DUMFRIES ST,FAIR,789.8,0.206,0.5,0,0.5,91.41879595072999,0.5,0,1,1.0,0.426
ALBERTA ST,46TH AV,45TH AV,FAIR,418.1,0.433,0.5,0,0.5,359.3993361123786,0.8,0,1,1.0,0.535
44TH AV,QUEBEC ST,MAIN ST,POOR,561.9,0.325,0.8,0,0.8,91.7185193664871,0.5,0,1,1.0,0.497
13TH AV,ALMA ST,EAST END,GOOD,1176.9,0.095,0.3,0,0.3,100.32424250777865,0.5,0,1,1.0,0.374
BURNABY ST,BEACH AV,BIDWELL ST,VERY POOR,843.3,0.185,0.95,0,0.95,134.79792714257326,0.5,0,1,1.0,0.502
17TH AV,WEST END,GARDEN DRIVE,VERY POOR,165.7,0.718,0.95,0,0.95,90.20303455742413,0.5,0,1,1.0,0.582
30TH AV,ST. CATHERINES ST,WINDSOR ST,GOOD,1501.9,0.05,0.3,0,0.3,90.78022211072971,0.5,0,1,1.0,0.367
33RD AV EB TO QE PARK RD,33RD AV,QUEEN ELIZABETH PARK ROAD 1,GOOD,169.1,0.713,0.3,0,0.3,106.76056641878756,0.5,0,1,1.0,0.467
29TH AV,MAPLE ST,MAGNOLIA ST,VERY GOOD,1117.6,0.107,0.1,0,0.1,93.2602185128726,0.5,0,1,1.0,0.34
ARGYLE ST,KENT AV SOUTH,KENT AV NORTH,VERY POOR,58.4,0.89,0.95,0,0.95,12.811498652344994,0.8,0,1,1.0,0.683
20TH AV,WINDERMERE ST,RUPERT ST,POOR,731.6,0.232,0.8,0,0.8,90.11398655039386,0.5,0,1,1.0,0.483
33RD AV,QUEBEC ST,MAIN ST,POOR,251.0,0.605,0.8,0,0.8,91.6948343626272,0.5,0,1,1.0,0.539
13TH AV,FIR ST,GRANVILLE ST,VERY POOR,678.6,0.257,0.95,0,0.95,91.51934817653051,0.5,0,1,1.0,0.513
23RD AV,BLENHEIM ST,BALACLAVA ST,FAIR,2295.2,0.01,0.5,0,0.5,90.5020657517012,0.5,0,1,1.0,0.396
CLARK DR,HASTINGS ST,FRANKLIN ST,POOR,1001.6,0.135,0.8,0,0.8,0.7980750326254906,0.8,0,1,1.0,0.543
4TH AV,CLARK DRIVE,MCLEAN DRIVE,FAIR,1196.3,0.091,0.5,0,0.5,90.76168704246544,0.5,0,1,1.0,0.409
18TH AV,MACKENZIE ST,MACDONALD ST,VERY GOOD,2274.7,0.011,0.1,0,0.1,90.50446681225014,0.5,0,1,1.0,0.326
19TH AV,COLLINGWOOD ST,QUADRA ST,VERY POOR,1827.2,0.026,0.95,0,0.95,90.45972789282234,0.5,0,1,1.0,0.478
63RD AV,EAST BOULEVARD,ADERA ST,FAIR,721.9,0.236,0.5,0,0.5,91.54164537659113,0.5,0,1,1.0,0.43
ARGYLE ST,53RD AV,51ST AV,VERY POOR,1456.5,0.054,0.95,0,0.95,1.5958088017921455,0.8,0,1,1.0,0.557
32ND AV,PRINCE ALBERT ST,ST. CATHERINES ST,GOOD,1318.6,0.072,0.3,0,0.3,90.66757486774316,0.5,0,1,1.0,0.37
16TH AV,COMMERCIAL DRIVE,FINDLAY ST,VERY POOR,320.1,0.527,0.95,0,0.95,93.08870905490028,0.5,0,1,1.0,0.554
39TH AV,BLENHEIM ST,BALACLAVA ST,VERY GOOD,974.4,0.142,0.1,0,0.1,90.47171415613377,0.5,0,1,1.0,0.346
14TH AV,COURTENAY ST,CAMOSUN ST,NO DATA,1166.3,0.097,0.5,1,0.4,91.51306649574406,0.5,0,1,1.0,0.392
8TH AV,NOOTKA ST,LILLOOET ST,VERY GOOD,389.1,0.459,0.1,0,0.1,90.34436778537116,0.5,0,1,1.0,0.393
CARNARVON ST,42ND AV,41ST AV,NO DATA,826.8,0.191,0.5,1,0.4,0.5753540156464965,0.8,0,1,1.0,0.481
48TH AV,ALBERTA ST,COLUMBIA ST,FAIR,159.7,0.727,0.5,0,0.5,91.8228496589619,0.5,0,1,1.0,0.504
ARGYLE ST,49TH AV,47TH AV,GOOD,1840.8,0.025,0.3,0,0.3,1.500915430134171,0.8,0,1,1.0,0.438
51ST AV,FLEMING ST,ARGYLE ST,VERY POOR,1619.5,0.039,0.95,0,0.95,90.85528123561221,0.5,0,1,1.0,0.48
8TH AV,PINE ST,FIR ST,FAIR,637.0,0.28,0.5,0,0.5,91.5274419713835,0.5,0,1,1.0,0.437
18TH AV,PRINCE EDWARD ST,ST. GEORGE ST,POOR,1619.6,0.039,0.8,0,0.8,91.48058984566273,0.5,0,1,1.0,0.454
43RD AV,OAK ST,FREMLIN ST,VERY POOR,763.2,0.217,0.95,0,0.95,93.08816157549268,0.5,0,1,1.0,0.507
39TH AV,DUMFRIES ST,FLEMING ST,VERY GOOD,1639.2,0.038,0.1,0,0.1,91.03069434101326,0.5,0,1,1.0,0.33
51ST AV,INVERNESS ST,CULLODEN ST,FAIR,1631.8,0.038,0.5,0,0.5,91.1435474744435,0.5,0,1,1.0,0.401
53RD AV,ST. GEORGE ST,FRASER ST,VERY POOR,968.0,0.144,0.95,0,0.95,91.4259536762861,0.5,0,1,1.0,0.496
56TH AV,ST. GEORGE ST,FRASER ST,GOOD,1077.9,0.116,0.3,0,0.3,91.56421043496499,0.5,0,1,1.0,0.377
13TH AV,GRANVILLE ST,HEMLOCK ST,VERY GOOD,572.1,0.318,0.1,0,0.1,91.50190014111524,0.5,0,1,1.0,0.372
52ND AV,MCKINNON ST,DOMAN ST,GOOD,1060.4,0.12,0.3,0,0.3,90.35711340002302,0.5,0,1,1.0,0.378
35TH AV,ARGYLE ST,COMMERCIAL ST,VERY POOR,1301.1,0.074,0.95,0,0.95,92.55166988077639,0.5,0,1,1.0,0.485
9TH AV,BLANCA ST,TOLMIE ST,VERY POOR,1221.7,0.087,0.95,0,0.95,91.51068579120005,0.5,0,1,1.0,0.487
29TH AV,SLOCAN ST,ATLIN ST,POOR,780.1,0.21,0.8,0,0.8,90.34586646791445,0.5,0,1,1.0,0.479
21ST AV,COLLINGWOOD ST,BLENHEIM ST,VERY POOR,2008.6,0.018,0.95,0,0.95,90.50456641561044,0.5,0,1,1.0,0.477
33RD AV,LANARK ST,DUMFRIES ST,GOOD,1691.7,0.034,0.3,0,0.3,91.40266408147443,0.5,0,1,1.0,0.365
30TH AV,HEATHER ST,ASH ST,VERY GOOD,307.6,0.541,0.1,0,0.1,91.7607843859164,0.5,0,1,1.0,0.406
27TH AV,HEATHER ST,ASH ST,POOR,403.1,0.447,0.8,0,0.8,91.57474908498114,0.5,0,1,1.0,0.515
15TH AV,WATERLOO ST,BLENHEIM ST,NO DATA,1585.8,0.042,0.5,1,0.4,91.56633932560595,0.5,0,1,1.0,0.383
67TH AV,OAK ST,SHAUGHNESSY ST,FAIR,962.9,0.146,0.5,0,0.5,91.40017211759243,0.5,0,1,1.0,0.417
45TH AV,ARLINGTON ST,LINCOLN ST,FAIR,1665.1,0.036,0.5,0,0.5,90.31553066392303,0.5,0,1,1.0,0.4
ALEXANDER ST,GORE AV,DUNLEVY AV,VERY GOOD,602.4,0.3,0.1,0,0.1,91.70681322076405,0.5,0,1,1.0,0.369
CHARLES ST,SLOCAN ST,KASLO ST,FAIR,973.7,0.143,0.5,0,0.5,90.12410942043107,0.5,0,1,1.0,0.416
ARBUTUS ST,BROADWAY,8TH AV,VERY POOR,1150.0,0.1,0.95,0,0.95,1.5043044850606293,0.8,0,1,1.0,0.564
10TH AV,ARBUTUS ST,MAPLE ST,VERY GOOD,1163.6,0.098,0.1,0,0.1,91.50220255649896,0.5,0,1,1.0,0.339
57TH AV,PRINCE EDWARD ST,ST. GEORGE ST,FAIR,859.5,0.179,0.5,0,0.5,91.75402847796988,0.5,0,1,1.0,0.422
5TH AV,BALACLAVA ST,BAYSWATER ST,VERY POOR,1434.0,0.057,0.95,0,0.95,91.60617501921763,0.5,0,1,1.0,0.483
12TH AV,NANAIMO ST,KAMLOOPS ST,FAIR,250.1,0.606,0.5,0,0.5,89.92590012839622,0.5,0,1,1.0,0.486
4TH AV,GARDEN DRIVE,NANAIMO ST,GOOD,580.2,0.313,0.3,0,0.3,88.2690027566967,0.5,0,1,1.0,0.407
19TH AV,KASLO ST,RENFREW ST,FAIR,621.8,0.288,0.5,0,0.5,90.43015919022179,0.5,0,1,1.0,0.438
42ND AV,COLUMBIA ST,MANITOBA ST,FAIR,752.2,0.222,0.5,0,0.5,91.65307506871272,0.5,0,1,1.0,0.428
59TH AV,COLUMBIA ST,MANITOBA ST,FAIR,121.4,0.784,0.5,0,0.5,91.16640294526826,0.5,0,1,1.0,0.513
9TH AV,TRIMBLE ST,DISCOVERY ST,NO DATA,788.1,0.207,0.5,1,0.4,91.51576113315986,0.5,0,1,1.0,0.408
59TH AV,HUDSON ST,SELKIRK ST,VERY GOOD,1409.9,0.06,0.1,0,0.1,92.4603593035331,0.5,0,1,1.0,0.333
17TH AV,WEST END,RENFREW ST,GOOD,500.1,0.368,0.3,0,0.3,93.36180631461423,0.5,0,1,1.0,0.415
21ST AV,TRAFALGAR ST,VALLEY DRIVE,VERY POOR,2342.0,0.009,0.95,0,0.95,91.54679657580107,0.5,0,1,1.0,0.476
CHURCHILL ST,SOUTH END,54TH AV,VERY GOOD,1475.9,0.052,0.1,0,0.1,1.5941791427412682,0.8,0,1,1.0,0.407
BLENHEIM ST,20TH AV,QUESNEL DRIVE,FAIR,1920.5,0.021,0.5,0,0.5,0.4939906169391861,0.8,0,1,1.0,0.473
BRUCE ST,49TH AV,47TH AV,POOR,1773.1,0.029,0.8,0,0.8,1.5461657522514543,0.8,0,1,1.0,0.527
57TH AV,KNIGHT ST,DUMFRIES ST,FAIR,1028.0,0.128,0.5,0,0.5,90.62252286040348,0.5,0,1,1.0,0.414
26TH AV,OSLER ST,OAK ST,VERY POOR,858.2,0.18,0.95,0,0.95,91.513479353045,0.5,0,1,1.0,0.501
43RD AV,LANARK ST,DUMFRIES ST,POOR,1884.9,0.023,0.8,0,0.8,91.1046281810477,0.5,0,1,1.0,0.451
54TH AV,DUMFRIES ST,FLEMING ST,FAIR,1284.4,0.077,0.5,0,0.5,90.71535214326161,0.5,0,1,1.0,0.406
CAMBIE ST,SMITHE ST,ROBSON ST,VERY GOOD,64.5,0.879,0.1,0,0.1,44.744291946827616,0.8,0,1,1.0,0.532
28TH AV,INVERNESS ST,MOHAWK ST,POOR,1529.5,0.047,0.8,0,0.8,90.35292141666241,0.5,0,1,1.0,0.455
2ND AV,BLENHEIM ST,TRUTCH ST,VERY POOR,1127.9,0.105,0.95,0,0.95,91.5086447805092,0.5,0,1,1.0,0.49
28TH AV,MAIN ST,WALDEN ST,POOR,737.5,0.229,0.8,0,0.8,91.29094356356035,0.5,0,1,1.0,0.482
7TH AV,ALMA ST,DUNBAR ST,GOOD,707.8,0.243,0.3,0,0.3,91.46328409188635,0.5,0,1,1.0,0.396
48TH AV,PRINCE EDWARD ST,ST. GEORGE ST,VERY POOR,645.0,0.275,0.95,0,0.95,90.97504421156543,0.5,0,1,1.0,0.516
BROUGHTON ST,BARCLAY ST,HARO ST,VERY GOOD,447.1,0.409,0.1,0,0.1,44.75311903949273,0.8,0,1,1.0,0.461
11TH AV,TRUTCH ST,BALACLAVA ST,VERY POOR,1523.1,0.048,0.95,0,0.95,91.47973844985898,0.5,0,1,1.0,0.481
8TH AV,SPRUCE ST,OAK ST,POOR,218.6,0.646,0.8,0,0.8,91.5005352494178,0.5,0,1,1.0,0.545
18TH AV,FLEMING ST,WELWYN ST,GOOD,471.8,0.389,0.3,0,0.3,91.3679760747143,0.5,0,1,1.0,0.418
7TH AV,BIRCH ST,ALDER ST,FAIR,105.8,0.809,0.5,0,0.5,91.50088967872921,0.5,0,1,1.0,0.517
ASH ST,64TH AV,63RD AV,GOOD,355.9,0.491,0.3,0,0.3,1.5221224768549746,0.8,0,1,1.0,0.509
11TH AV,COURTENAY ST,CAMOSUN ST,NO DATA,870.7,0.175,0.5,1,0.4,91.45699402897696,0.5,0,1,1.0,0.404
51ST AV,MCKINNON ST,DOMAN ST,FAIR,1148.3,0.101,0.5,0,0.5,92.0017818126529,0.5,0,1,1.0,0.41
49TH AV,KERR ST,MCKINNON ST,POOR,1309.3,0.073,0.8,0,0.8,90.4262560189245,0.5,0,1,1.0,0.459
5TH AV,WOODLAND DRIVE,COMMERCIAL DRIVE,VERY GOOD,1079.4,0.115,0.1,0,0.1,90.79117840705334,0.5,0,1,1.0,0.342
45TH AV,MCKINNON ST,JOYCE ST,GOOD,1260.1,0.08,0.3,0,0.3,90.50862721355304,0.5,0,1,1.0,0.372
22ND AV,ALICE ST,GLENGYLE ST,FAIR,468.9,0.391,0.5,0,0.5,90.97313060501193,0.5,0,1,1.0,0.454
54TH AV,PRINCE EDWARD ST,ST. GEORGE ST,FAIR,801.9,0.201,0.5,0,0.5,91.498199881897,0.5,0,1,1.0,0.425
CARRALL ST,EXPO BOULEVARD,KEEFER PLACE / KEEFER ST,VERY GOOD,27.8,0.946,0.1,0,0.1,43.22829703998724,0.8,1,1,1.0,0.842
15TH AV,WINDERMERE ST,RUPERT ST,VERY POOR,319.8,0.528,0.95,0,0.95,89.5640861455202,0.5,0,1,1.0,0.554
49TH AV,LIME ST,BEECHWOOD ST,POOR,696.3,0.248,0.8,0,0.8,91.19251057670823,0.5,0,1,1.0,0.485
42ND AV,BALACLAVA ST,CARNARVON ST,NO DATA,722.8,0.236,0.5,1,0.4,90.29147453949565,0.5,0,1,1.0,0.413
38TH AV,VICTORIA DRIVE,GLADSTONE ST,VERY POOR,847.7,0.184,0.95,0,0.95,90.49822018847607,0.5,0,1,1.0,0.502
6TH AV,BAYSWATER ST,MACDONALD ST,FAIR,1649.7,0.037,0.5,0,0.5,91.44879124360341,0.5,0,1,1.0,0.4
14TH AV,ALBERTA ST,COLUMBIA ST,VERY POOR,722.9,0.236,0.95,0,0.95,91.52164587557382,0.5,0,1,1.0,0.51
COMOX ST,GILFORD ST,DENMAN ST,FAIR,463.5,0.396,0.5,0,0.5,134.78316020444294,0.5,0,1,1.0,0.454
BROUGHTON ST,BEACH AV,HARWOOD ST,GOOD,536.6,0.342,0.3,0,0.3,46.38880776441033,0.5,0,1,1.0,0.411
15TH AV,BLENHEIM ST,TRUTCH ST,NO DATA,1679.7,0.035,0.5,1,0.4,91.49087616873885,0.5,0,1,1.0,0.382
45TH AV,KILLARNEY ST,RUPERT ST,FAIR,991.4,0.138,0.5,0,0.5,90.70947057429373,0.5,0,1,1.0,0.416
18TH AV,KAMLOOPS ST,PENTICTON ST,FAIR,497.9,0.369,0.5,0,0.5,89.62151034313638,0.5,0,1,1.0,0.451
62ND AV,HEATHER ST,ASH ST,POOR,443.7,0.412,0.8,0,0.8,91.26443189011638,0.5,0,1,1.0,0.51
16TH AV,CROWN ST,WALLACE ST,POOR,1352.5,0.067,0.8,0,0.8,91.4856607811173,0.5,0,1,1.0,0.458
1ST AV,ONTARIO ST,QUEBEC ST,GOOD,50.0,0.905,0.3,0,0.3,91.68565964518149,0.5,0,1,1.0,0.496
13TH AV,HEMLOCK ST,BIRCH ST,VERY GOOD,508.9,0.361,0.1,0,0.1,91.53514306730449,0.5,0,1,1.0,0.379
19TH AV,ST. GEORGE ST,CAROLINA ST,VERY POOR,1693.7,0.034,0.95,0,0.95,91.39661626508865,0.5,0,1,1.0,0.479
48TH AV,FRONTENAC ST,BOUNDARY ROAD,GOOD,1479.6,0.052,0.3,0,0.3,90.25711134309813,0.5,0,1,1.0,0.367
53RD AV,BEECHWOOD ST,ARBUTUS ST,GOOD,572.5,0.318,0.3,0,0.3,91.0604446088891,0.5,0,1,1.0,0.408
5TH AV,TOLMIE ST,SASAMAT ST,NO DATA,834.0,0.189,0.5,1,0.4,91.55425712925262,0.5,0,1,1.0,0.406
19TH AV,ST. CATHERINES ST,WINDSOR ST,FAIR,1506.8,0.049,0.5,0,0.5,91.2802156760157,0.5,0,1,1.0,0.402
49TH AV,GRANVILLE ST,CARTIER ST,GOOD,1260.7,0.08,0.3,0,0.3,93.17577647490953,0.5,0,1,1.0,0.372
9TH AV,TOLMIE ST,SASAMAT ST,VERY POOR,1051.2,0.122,0.95,0,0.95,91.51115003324037,0.5,0,1,1.0,0.493
4TH AV,RUPERT ST,CASSIAR ST,FAIR,403.1,0.447,0.5,0,0.5,89.99409591389696,0.5,0,1,1.0,0.462
46TH AV,BUTLER ST,TYNE ST,FAIR,1604.1,0.04,0.5,0,0.5,90.32841166385515,0.5,0,1,1.0,0.401
18TH AV,COLLINGWOOD ST,QUADRA ST,POOR,1738.3,0.031,0.8,0,0.8,90.47262055271443,0.5,0,1,1.0,0.452
ANGUS DR,62ND AV,61ST AV / WEST BOULEVARD,GOOD,723.7,0.235,0.3,0,0.3,357.38643911192145,0.8,0,1,1.0,0.47
24TH AV,ST. CATHERINES ST,WINDSOR ST,POOR,1669.6,0.035,0.8,0,0.8,91.53654012028454,0.5,0,1,1.0,0.453
36TH AV,WALLACE ST,HIGHBURY ST,POOR,1417.3,0.059,0.8,0,0.8,90.44038382604833,0.5,0,1,1.0,0.457
32ND AV,MAIN ST,SOPHIA ST,POOR,451.9,0.405,0.8,0,0.8,91.56415789322455,0.5,0,1,1.0,0.509
58TH AV,ANGUS DRIVE,ADERA ST,VERY POOR,966.5,0.145,0.95,0,0.95,91.21283323120883,0.5,0,1,1.0,0.496
26TH AV,SLOCAN ST,KASLO ST,FAIR,1055.9,0.121,0.5,0,0.5,90.31999191268369,0.5,0,1,1.0,0.413
55TH AV,COMMERCIAL ST,EAST END,FAIR,1344.0,0.068,0.5,0,0.5,91.10524297546158,0.5,0,1,1.0,0.405
42ND AV,KILLARNEY ST,RUPERT ST,FAIR,704.9,0.244,0.5,0,0.5,89.65114773251048,0.5,0,1,1.0,0.432
ADANAC ST,WOODLAND DRIVE,COMMERCIAL DRIVE,GOOD,1104.6,0.11,0.3,0,0.3,90.76634698522639,0.5,0,1,1.0,0.376
4TH AV,KASLO ST,RENFREW ST,FAIR,829.0,0.191,0.5,0,0.5,90.42731809263097,0.5,0,1,1.0,0.424
21ST AV,LILLOOET ST,WINDERMERE ST,VERY POOR,765.6,0.216,0.95,0,0.95,90.14389703214931,0.5,0,1,1.0,0.507
42ND AV,DUNBAR ST,COLLINGWOOD ST,VERY GOOD,667.4,0.263,0.1,0,0.1,90.28228993827321,0.5,0,1,1.0,0.364
16TH AV,WILLOW ST,HEATHER ST,POOR,308.1,0.54,0.8,0,0.8,91.80899403285355,0.5,0,1,1.0,0.529
14TH AV,FRASER ST,PRINCE ALBERT ST,GOOD,1613.9,0.04,0.3,0,0.3,88.73881804653922,0.5,0,1,1.0,0.366
43RD AV,KERR ST,MCKINNON ST,FAIR,1043.6,0.124,0.5,0,0.5,87.09149714771388,0.5,0,1,1.0,0.414
3RD AV,SEMLIN DRIVE,LAKEWOOD DRIVE,GOOD,824.5,0.192,0.3,0,0.3,90.73266968712522,0.5,0,1,1.0,0.389
30TH AV,MACKENZIE ST,MACDONALD ST,POOR,2046.1,0.017,0.8,0,0.8,90.46468278871998,0.5,0,1,1.0,0.45
37TH AV,GRANVILLE ST,CARTIER ST,NO DATA,28.2,0.945,0.5,1,0.4,93.32246567556496,0.5,0,1,1.0,0.52
BLENHEIM ST,38TH AV,37TH AV,VERY GOOD,1091.7,0.113,0.1,0,0.1,0.4218946251991724,0.8,0,1,1.0,0.416
BALFOUR AV,SELKIRK ST,OSLER ST,VERY POOR,1018.3,0.13,0.95,0,0.95,84.09759402481075,0.5,0,1,1.0,0.494
51ST AV,RALEIGH ST,KILLARNEY ST,VERY GOOD,1026.9,0.128,0.1,0,0.1,85.76025746950893,0.5,0,1,1.0,0.344
49TH AV,DOMAN ST,BROOKS ST,VERY POOR,1333.0,0.07,0.95,0,0.95,90.94918795091985,0.5,0,1,1.0,0.485
33RD AV,30TH AV,SLOCAN ST,FAIR,365.8,0.481,0.5,0,0.5,90.10903907617171,0.5,0,1,1.0,0.467
BROUGHTON ST,PENDRELL ST,NORTHEAST END,GOOD,437.3,0.417,0.3,0,0.3,44.75469018805069,0.8,0,1,1.0,0.497
3RD AV,NANAIMO ST,KAMLOOPS ST,GOOD,662.6,0.266,0.3,0,0.3,90.12214750848887,0.5,0,1,1.0,0.4
15TH AV,WALLACE ST,HIGHBURY ST,NO DATA,1258.1,0.081,0.5,1,0.4,91.44867502580883,0.5,0,1,1.0,0.389
2ND AV,PENTICTON ST,SLOCAN ST,GOOD,799.6,0.202,0.3,0,0.3,89.57572072224929,0.5,0,1,1.0,0.39
COLUMBIA ST,HASTINGS ST,CORDOVA ST,VERY POOR,190.3,0.683,0.95,0,0.95,1.6288367191163502,0.8,0,1,1.0,0.652
28TH AV,WELWYN ST,COMMERCIAL ST,FAIR,1126.2,0.105,0.5,0,0.5,94.18682983307474,0.5,0,1,1.0,0.411
64TH AV,SE MARINE DRIVE,MAIN ST,FAIR,599.7,0.301,0.5,0,0.5,82.75090613424965,0.5,0,1,1.0,0.44
35TH AV,EAST BOULEVARD,MAPLE ST,FAIR,1088.8,0.113,0.5,0,0.5,91.45222451177443,0.5,0,1,1.0,0.412
BALSAM ST,13TH AV,12TH AV,VERY POOR,1813.5,0.027,0.95,0,0.95,1.4991211566115794,0.8,0,1,1.0,0.553
CLARK DR,24TH AV,23RD AV,FAIR,1244.2,0.083,0.5,0,0.5,1.4487611573823074,0.8,0,1,1.0,0.482
34TH AV,GRANVILLE ST,EAST END,VERY POOR,174.8,0.705,0.95,0,0.95,91.6976864726052,0.5,0,1,1.0,0.581
49TH AV,RUPERT ST,LANCASTER ST,POOR,1240.2,0.084,0.8,0,0.8,89.94943935525305,0.5,0,1,1.0,0.46
49TH AV,GLADSTONE ST,NANAIMO ST,FAIR,1469.8,0.053,0.5,0,0.5,91.93615538282813,0.5,0,1,1.0,0.403
18TH AV,YUKON ST,COLUMBIA ST,POOR,894.2,0.167,0.8,0,0.8,91.75310518679669,0.5,0,1,1.0,0.473
62ND AV,BORDEN ST,ARGYLE ST,VERY POOR,554.3,0.33,0.95,0,0.95,90.96585633453168,0.5,0,1,1.0,0.524
23RD AV,FRASER ST,PRINCE ALBERT ST,POOR,1647.2,0.037,0.8,0,0.8,91.45724658108134,0.5,0,1,1.0,0.453
3RD AV,MAPLE ST,CYPRESS ST,VERY POOR,615.0,0.292,0.95,0,0.95,91.51067810836469,0.5,0,1,1.0,0.518
CARTIER ST,58TH AV,57TH AV,VERY GOOD,1535.8,0.046,0.1,0,0.1,1.4432207275025917,0.8,0,1,1.0,0.406
30TH AV,BLENHEIM ST,BALACLAVA ST,GOOD,1921.6,0.021,0.3,0,0.3,90.4683646045113,0.5,0,1,1.0,0.363
BLANCA ST,8TH AV,7TH AV,POOR,1158.8,0.099,0.8,0,0.8,1.5505208114029756,0.8,0,1,1.0,0.538
49TH AV,FREDERICK ST,FRASER ST,FAIR,1036.0,0.126,0.5,0,0.5,91.43037948242846,0.5,0,1,1.0,0.414
57TH AV,HEATHER ST,NEAL ST,VERY GOOD,805.8,0.2,0.1,0,0.1,91.20761386396993,0.5,0,1,1.0,0.354
51ST AV,WINDSOR ST,ROSS ST,VERY GOOD,1538.6,0.046,0.1,0,0.1,91.23781581992876,0.5,0,1,1.0,0.331
HARRIET ST,30TH AV,28TH AV,VERY POOR,1454.0,0.055,0.95,0,0.95,1.1128667048017746,0.8,0,1,1.0,0.557
PRINCE EDWARD ST,SE MARINE DRIVE,64TH AV,VERY POOR,600.2,0.301,0.95,0,0.95,1.1197128130126544,0.8,0,1,1.0,0.595
22ND AV,COMMERCIAL ST,BEATRICE ST,FAIR,576.0,0.316,0.5,0,0.5,90.89225025556874,0.5,0,1,1.0,0.442
6TH AV,ONTARIO ST,QUEBEC ST,GOOD,476.8,0.385,0.3,0,0.3,91.66693671339999,0.5,0,1,1.0,0.418
19TH AV,MARSHALL ST,LAKEWOOD ST,VERY POOR,147.0,0.745,0.95,0,0.95,113.64767017537656,0.5,0,1,1.0,0.587
49TH AV,INVERNESS ST,CULLODEN ST,FAIR,1840.5,0.025,0.5,0,0.5,91.18258460026163,0.5,0,1,1.0,0.399
BALACLAVA ST,33RD AV,32ND AV,GOOD,1631.7,0.038,0.3,0,0.3,0.5651873441016733,0.8,0,1,1.0,0.44
COMMERCIAL ST,43RD AV,41ST AV,GOOD,1421.4,0.058,0.3,0,0.3,1.352557201974264,0.8,0,1,1.0,0.443
28TH AV,NOOTKA ST,LILLOOET ST,VERY GOOD,717.6,0.238,0.1,0,0.1,90.50922459553914,0.5,0,1,1.0,0.36
6TH AV,CYPRESS ST,BURRARD ST,VERY GOOD,637.9,0.279,0.1,0,0.1,91.52648160737192,0.5,0,1,1.0,0.366
CARRALL ST,WATER ST,NORTH END,NO DATA,418.4,0.433,0.5,1,0.4,1.60559892273767,0.8,0,1,1.0,0.517
15TH AV,SLOCAN ST,KASLO ST,FAIR,498.7,0.369,0.5,0,0.5,90.56059943544511,0.5,0,1,1.0,0.45
8TH AV,TRAFALGAR ST,LARCH ST,VERY GOOD,1755.4,0.03,0.1,0,0.1,90.84303542735324,0.5,0,1,1.0,0.329
20TH AV,MACDONALD ST,TRAFALGAR ST,VERY POOR,2535.8,0.006,0.95,0,0.95,90.5408412823839,0.5,0,1,1.0,0.475
4TH AV,GRANVILLE BRIDGE SB TO W 4TH EB RAMP,GRANVILLE ST 2,GOOD,237.8,0.621,0.3,0,0.3,91.48284537261276,0.5,1,1,1.0,0.753
CARNARVON ST,SW MARINE DRIVE,45TH AV,NO DATA,366.7,0.48,0.5,1,0.4,6.876426025695196,0.8,0,1,1.0,0.525
30TH AV,VALLEY DRIVE,MAGNOLIA ST,FAIR,1078.7,0.116,0.5,0,0.5,82.88434527582604,0.5,0,1,1.0,0.412
27TH AV,LAUREL ST,WILLOW ST,VERY POOR,644.5,0.276,0.95,0,0.95,91.56736495131196,0.5,0,1,1.0,0.516
4TH AV,DRUMMOND DRIVE,BLANCA ST,VERY POOR,783.1,0.209,0.95,0,0.95,87.48755673635412,0.5,0,1,1.0,0.506
4TH AV,HIGHBURY ST,ALMA ST,POOR,438.9,0.416,0.8,0,0.8,91.61620266018684,0.5,0,1,1.0,0.51
BEACH AV,BEACH AV EB,BUTE ST,FAIR,500.1,0.368,0.5,0,0.5,146.8731414454997,0.2,0,1,1.0,0.375
CHARLES ST,KELOWNA ST,NOOTKA ST,VERY POOR,796.4,0.203,0.95,0,0.95,90.14820096926894,0.5,0,1,1.0,0.505
10TH AV,GUELPH ST,ST. GEORGE ST,GOOD,1046.4,0.123,0.3,0,0.3,90.68801450907756,0.5,0,1,1.0,0.378
COLLINGWOOD ST,22ND AV,21ST AV,VERY POOR,2008.6,0.018,0.95,0,0.95,0.5213991003787442,0.8,0,1,1.0,0.552
38TH AV,FRASER ST,PRINCE ALBERT ST,FAIR,1169.8,0.096,0.5,0,0.5,91.27660523742321,0.5,0,1,1.0,0.409
26TH AV,PRINCE ALBERT ST,ST. CATHERINES ST,GOOD,1592.0,0.041,0.3,0,0.3,90.96795029856366,0.5,0,1,1.0,0.366
BARCLAY ST,BROUGHTON ST,JERVIS ST,FAIR,360.6,0.486,0.5,0,0.5,134.7733768667821,0.5,0,1,1.0,0.468
COMMERCIAL DR,GRANDVIEW HWY NORTH,6TH AV,FAIR,863.0,0.178,0.5,0,0.5,0.7940431084711008,0.8,0,1,1.0,0.497
BUSCOMBE ST,64TH AV,63RD AV,VERY GOOD,741.8,0.227,0.1,0,0.1,0.9320519612379599,0.8,0,1,1.0,0.433
7TH AV,GARDEN DRIVE,NANAIMO ST,POOR,284.6,0.566,0.8,0,0.8,90.69582602752382,0.5,0,1,1.0,0.533
59TH AV,CULLODEN ST,KNIGHT ST,VERY GOOD,841.7,0.186,0.1,0,0.1,90.64995715083876,0.5,0,1,1.0,0.352
61ST AV,INVERNESS ST,KNIGHT ST,GOOD,647.9,0.274,0.3,0,0.3,90.79594570029099,0.5,0,1,1.0,0.401
6TH AV,HIGHBURY ST,ALMA ST,GOOD,540.8,0.339,0.3,0,0.3,91.58832809059328,0.5,0,1,1.0,0.411
29TH AV,HOY ST,BOUNDARY ROAD,GOOD,305.2,0.543,0.3,0,0.3,81.41614991849542,0.5,0,1,1.0,0.441
BROOKS ST,49TH AV,47TH AV,GOOD,1333.1,0.07,0.3,0,0.3,1.8031165176902846,0.8,0,1,1.0,0.445
27TH AV,BRANT ST,NANAIMO ST,VERY POOR,892.1,0.168,0.95,0,0.95,90.87546828023852,0.5,0,1,1.0,0.5
37TH AV,HIGHBURY ST,DUNBAR ST,FAIR,1241.5,0.083,0.5,0,0.5,90.45530244709869,0.5,0,1,1.0,0.407
3RD AV,2ND AV,COLUMBIA ST,FAIR,197.5,0.674,0.5,0,0.5,91.68342677215674,0.5,0,1,1.0,0.496
17TH AV,TUPPER ST,YUKON ST,GOOD,617.2,0.291,0.3,0,0.3,95.57175789479305,0.5,0,1,1.0,0.403
14TH AV,NOOTKA ST,LILLOOET ST,VERY POOR,119.1,0.788,0.95,0,0.95,89.73281344447452,0.5,0,1,1.0,0.593
21ST AV,PUGET DRIVE,CARNARVON ST,VERY POOR,2282.0,0.01,0.95,0,0.95,90.51412736210415,0.5,0,1,1.0,0.476
62ND AV,MAIN ST,PRINCE EDWARD ST,FAIR,682.4,0.255,0.5,0,0.5,91.69770068557307,0.5,0,1,1.0,0.433
CAMOSUN ST,36TH AV,35TH AV,VERY POOR,1774.0,0.029,0.95,0,0.95,0.6248984061442684,0.8,0,1,1.0,0.554
23RD AV,NOOTKA ST,LILLOOET ST,FAIR,923.3,0.158,0.5,0,0.5,90.06800771466999,0.5,0,1,1.0,0.419
10TH AV,FRASER ST,PRINCE ALBERT ST,FAIR,1309.0,0.073,0.5,0,0.5,90.76941518369767,0.5,0,1,1.0,0.406
12TH AV,HIGHBURY ST,ALMA ST,GOOD,1025.9,0.128,0.3,0,0.3,91.50566980448798,0.5,0,1,1.0,0.379
5TH AV,CYPRESS ST,BURRARD ST,POOR,567.9,0.321,0.8,0,0.8,91.52438334393315,0.5,0,1,1.0,0.496
CARNARVON ST,22ND AV,21ST AV,GOOD,2354.9,0.009,0.3,0,0.3,0.49042430998287045,0.8,0,1,1.0,0.436
49TH AV,CARTIER ST,HUDSON ST,POOR,1261.2,0.08,0.8,0,0.8,93.37186529540236,0.5,0,1,1.0,0.46
52ND AV,MONTGOMERY ST,OSLER ST,POOR,1399.6,0.061,0.8,0,0.8,91.35332636718971,0.5,0,1,1.0,0.457
28TH AV,ELGIN ST,ROSS ST,FAIR,1709.8,0.033,0.5,0,0.5,90.51696933079978,0.5,0,1,1.0,0.4
12TH AV,WINDSOR ST,GLEN DRIVE,GOOD,1346.3,0.068,0.3,0,0.3,90.7779357505566,0.5,0,1,1.0,0.37
14TH AV,ARBUTUS ST,MAPLE ST,GOOD,1460.5,0.054,0.3,0,0.3,91.48858034952877,0.5,0,1,1.0,0.368
BENTALL ST,GRANDVIEW HWY,CORNETT ROAD,VERY POOR,170.2,0.711,0.95,0,0.95,0.21384137074051068,0.8,0,1,1.0,0.656
73RD AV,SELKIRK ST,SW MARINE DRIVE,VERY GOOD,427.9,0.425,0.1,0,0.1,96.53763060273002,0.5,1,1,1.0,0.688
BROUGHTON ST,NELSON ST,BARCLAY ST,VERY POOR,449.9,0.407,0.95,0,0.95,44.73076459017807,0.8,0,1,1.0,0.611
10TH AV,KINGSWAY,PRINCE EDWARD ST,VERY GOOD,902.4,0.165,0.1,0,0.1,90.37456807312356,0.5,0,1,1.0,0.349
29TH AV,JOHN ST,PRINCE EDWARD ST,VERY POOR,824.5,0.192,0.95,0,0.95,99.8657876477406,0.5,0,1,1.0,0.503
23RD AV,QUEBEC ST,MAIN ST,FAIR,944.4,0.151,0.5,0,0.5,91.61411713967271,0.5,0,1,1.0,0.418
35TH AV,WILLOW ST,EAST END,VERY POOR,406.0,0.444,0.95,0,0.95,93.38956605519434,0.5,0,1,1.0,0.541
44TH AV,YEW ST,WEST BOULEVARD,FAIR,1030.8,0.127,0.5,0,0.5,91.49596437075218,0.5,0,1,1.0,0.414
43RD AV,SELKIRK ST,MONTGOMERY ST,POOR,706.9,0.243,0.8,0,0.8,93.0882918273291,0.5,0,1,1.0,0.484
61ST AV,GLADSTONE ST,NANAIMO ST,POOR,795.2,0.204,0.8,0,0.8,90.61540360225979,0.5,0,1,1.0,0.478
COMMERCIAL ST,38TH AV,37TH AV,POOR,1305.7,0.073,0.8,0,0.8,1.1119334790191715,0.8,0,1,1.0,0.534
23RD AV,PRINCE ALBERT ST,ST. CATHERINES ST,VERY POOR,1758.7,0.03,0.95,0,0.95,91.36275331016213,0.5,0,1,1.0,0.479
13TH AV,CAROLINA ST,FRASER ST,VERY POOR,1451.3,0.055,0.95,0,0.95,90.79635559623807,0.5,0,1,1.0,0.483
10TH AV,GRANVILLE ST,HEMLOCK ST,POOR,338.0,0.509,0.8,0,0.8,91.52383732072394,0.5,0,1,1.0,0.524
32ND AV,CAMOSUN ST,CROWN ST,FAIR,1977.9,0.019,0.5,0,0.5,90.5213484160069,0.5,0,1,1.0,0.398
57TH AV,SW MARINE DRIVE,BEECHWOOD ST,POOR,258.3,0.597,0.8,0,0.8,91.1330940016606,0.5,0,1,1.0,0.538
COLUMBIA ST,18TH AV,17TH AV,GOOD,1012.1,0.132,0.3,0,0.3,1.7743165204493607,0.8,0,1,1.0,0.454
37TH AV,WEST END,SHERBROOKE ST,GOOD,1756.2,0.03,0.3,0,0.3,91.18761239156504,0.5,0,1,1.0,0.364
16TH AV,LILLOOET ST,WINDERMERE ST,POOR,326.2,0.521,0.8,0,0.8,90.07473510699259,0.5,0,1,1.0,0.526
13TH AV,CAMOSUN ST,CROWN ST,NO DATA,1041.2,0.125,0.5,1,0.4,91.43523998553997,0.5,0,1,1.0,0.396
14TH AV,BALSAM ST,VINE ST,VERY POOR,1819.8,0.026,0.95,0,0.95,91.49396278605838,0.5,0,1,1.0,0.478
BALACLAVA ST,BROADWAY,8TH AV,GOOD,1511.2,0.049,0.3,0,0.3,1.4961810151445434,0.8,0,1,1.0,0.442
44TH AV,WEST END,BLENHEIM ST,VERY POOR,467.6,0.392,0.95,0,0.95,90.67176196526856,0.5,0,1,1.0,0.533
24TH AV,LAUREL ST,WILLOW ST,FAIR,835.9,0.188,0.5,0,0.5,91.58603635558018,0.5,0,1,1.0,0.423
CHATHAM ST,EUCLID AV,VANNESS AV,GOOD,752.8,0.222,0.3,0,0.3,32.1537388038613,0.8,0,1,1.0,0.468
13TH AV,HEATHER ST,ASH ST,FAIR,161.5,0.724,0.5,0,0.5,91.49449603872301,0.5,0,1,1.0,0.504
ALBERNI ST,JERVIS ST,BUTE ST,FAIR,246.6,0.611,0.5,0,0.5,134.78912396906026,0.5,0,1,1.0,0.487
16TH AV,SASAMAT ST,TRIMBLE ST,POOR,1532.2,0.047,0.8,0,0.8,91.49078974533018,0.5,0,1,1.0,0.455
31ST AV,HEATHER ST,CAMBIE ST,POOR,233.1,0.627,0.8,0,0.8,93.14618788680286,0.5,0,1,1.0,0.542
43RD AV,LARCH ST,BALSAM ST,POOR,1008.4,0.133,0.8,0,0.8,91.47305692866377,0.5,0,1,1.0,0.468
4TH AV,MCLEAN DRIVE,WOODLAND DRIVE,FAIR,1289.1,0.076,0.5,0,0.5,90.81480851414801,0.5,0,1,1.0,0.406
45TH AV,VIVIAN ST,EARLES ST,VERY POOR,911.5,0.162,0.95,0,0.95,91.01935526760667,0.5,0,1,1.0,0.499
BALACLAVA ST,41ST AV,39TH AV,GOOD,796.7,0.203,0.3,0,0.3,0.47959774362811913,0.8,0,1,1.0,0.465
ANGUS DR,NANTON AV,KING EDWARD AV,FAIR,1015.7,0.131,0.5,0,0.5,1.3089849473429354,0.8,0,1,1.0,0.49
13TH AV,SASAMAT ST,TRIMBLE ST,NO DATA,1246.2,0.083,0.5,1,0.4,91.54655579095987,0.5,0,1,1.0,0.39
48TH AV,ALMA ST,DUNBAR ST,VERY GOOD,388.4,0.46,0.1,0,0.1,90.63651940552609,0.5,0,1,1.0,0.394
11TH AV,CARNARVON ST,MACKENZIE ST,VERY GOOD,1764.0,0.029,0.1,0,0.1,91.47970202539608,0.5,0,1,1.0,0.329
51ST AV,BERKELEY ST,CLARENDON ST,FAIR,1125.2,0.105,0.5,0,0.5,90.67872921477584,0.5,0,1,1.0,0.411
59TH AV,MONTCALM ST,HUDSON ST,VERY GOOD,1500.9,0.05,0.1,0,0.1,92.42550141466302,0.5,0,1,1.0,0.332
CASSIAR ST,26TH AV,25TH AV,VERY POOR,329.3,0.518,0.95,0,0.95,0.14760258875355703,0.8,0,1,1.0,0.627
12TH AV,CAROLINA ST,FRASER ST,VERY GOOD,1368.3,0.065,0.1,0,0.1,90.77123978552532,0.5,0,1,1.0,0.334
8TH AV,RUPERT ST,CASSIAR ST,POOR,255.2,0.6,0.8,0,0.8,90.38057156522905,0.5,0,1,1.0,0.538
CAMPBELL AV,UNION ST,GEORGIA ST,VERY GOOD,285.9,0.565,0.1,0,0.1,1.8245541687322202,0.8,0,1,1.0,0.484
27TH AV,BLENHEIM ST,BALACLAVA ST,VERY GOOD,2237.9,0.011,0.1,0,0.1,90.47993220802601,0.5,0,1,1.0,0.326
BEACH CRES,GRANVILLE ST 1,RICHARDS ST,VERY GOOD,594.1,0.305,0.1,0,0.1,120.10900316833289,0.5,1,1,1.0,0.67
CHURCHILL ST,54TH AV,52ND AV,POOR,1492.1,0.051,0.8,0,0.8,1.6048193234759083,0.8,0,1,1.0,0.53
16TH AV,TRAFALGAR ST,LARCH ST,VERY POOR,2211.6,0.012,0.95,0,0.95,95.73454686673409,0.5,0,1,1.0,0.476
27TH AV,GLADSTONE ST,BRANT ST,POOR,853.4,0.181,0.8,0,0.8,90.87532107136997,0.5,0,1,1.0,0.475
BALSAM ST,6TH AV,5TH AV,VERY GOOD,1496.1,0.05,0.1,0,0.1,1.5342650598482237,0.8,0,1,1.0,0.407
29TH AV,KING EDWARD AV,DONCASTER WAY,POOR,2467.8,0.007,0.8,0,0.8,127.57781191162712,0.5,0,1,1.0,0.449
2ND AV,WINDERMERE ST,RUPERT ST,POOR,349.5,0.497,0.8,0,0.8,90.2962413094798,0.5,0,1,1.0,0.523
25TH AV,GLADSTONE ST,BRANT ST,GOOD,699.4,0.247,0.3,0,0.3,90.9602570658688,0.5,0,1,1.0,0.397
44TH AV,KILLARNEY ST,RUPERT ST,GOOD,885.0,0.17,0.3,0,0.3,90.36599713716146,0.5,0,1,1.0,0.385
5TH AV,BLANCA ST,PAVEMENT CHANGE,POOR,997.4,0.136,0.8,0,0.8,91.47358261155796,0.5,0,1,1.0,0.468
28TH AV,ALMA ST,DUNBAR ST,GOOD,2164.8,0.013,0.3,0,0.3,90.29819667306435,0.5,0,1,1.0,0.362
CHESTER ST,35TH AV,33RD AV,GOOD,1202.1,0.09,0.3,0,0.3,1.1819952954841142,0.8,0,1,1.0,0.448
BUCKETWHEEL,WEST END,MOBERLY ROAD,NO DATA,93.4,0.83,0.5,1,0.4,91.51785636155978,0.5,0,1,1.0,0.502
11TH AV,BLANCA ST,TOLMIE ST,FAIR,1349.9,0.067,0.5,0,0.5,91.53028283841127,0.5,0,1,1.0,0.405
BURRARD ST,3RD AV,2ND AV,GOOD,422.4,0.43,0.3,0,0.3,3.100822268628633,0.8,0,1,1.0,0.499
64TH AV,ARGYLE ST,HARRISON DRIVE / LEASIDE ST,GOOD,390.0,0.458,0.3,0,0.3,91.38787659663069,0.5,0,1,1.0,0.429
CAMBRIDGE ST,CASSIAR ST,FELLOWES ST,GOOD,493.5,0.373,0.3,0,0.3,90.0415573277051,0.5,0,1,1.0,0.416
23RD AV,ASH ST,TUPPER ST,VERY GOOD,666.9,0.263,0.1,0,0.1,91.69532633829186,0.5,0,1,1.0,0.364
ADERA ST,61ST AV,60TH AV,VERY POOR,1053.5,0.122,0.95,0,0.95,0.08143154544791287,0.8,0,1,1.0,0.568
51ST AV,ANGUS DRIVE,WILTSHIRE ST,FAIR,1196.0,0.091,0.5,0,0.5,91.21942067285408,0.5,0,1,1.0,0.409
6TH AV,SEMLIN DRIVE,LAKEWOOD DRIVE,VERY GOOD,603.4,0.299,0.1,0,0.1,90.71337055186302,0.5,0,1,1.0,0.369
15TH AV,MACKENZIE ST,MACDONALD ST,NO DATA,2099.6,0.015,0.5,1,0.4,91.49168013806303,0.5,0,1,1.0,0.379
BLENHEIM ST,CELTIC AV,55TH AV,VERY POOR,69.0,0.871,0.95,0,0.95,1.1923186289336059,0.8,0,1,1.0,0.681
45TH AV,MARGUERITE ST,ADERA ST,VERY GOOD,958.4,0.147,0.1,0,0.1,91.44597627483313,0.5,0,1,1.0,0.346
64TH AV,SHAUGHNESSY ST,FREMLIN ST,GOOD,874.7,0.174,0.3,0,0.3,91.415123283014,0.5,0,1,1.0,0.386
COMMODORE RD,MOBERLY ROAD,1ST AV,FAIR,124.0,0.78,0.5,0,0.5,59.987903243863855,0.5,1,1,1.0,0.812
10TH AV,ASH ST,CAMBIE ST,VERY POOR,127.5,0.775,0.95,0,0.95,91.48243742140778,0.5,0,1,1.0,0.591
51ST AV,KNIGHT ST,LANARK ST,VERY GOOD,1613.0,0.04,0.1,0,0.1,91.12164345757719,0.5,0,1,1.0,0.33
47TH AV,QUEBEC ST,MAIN ST,FAIR,293.6,0.556,0.5,0,0.5,91.2136966946859,0.5,0,1,1.0,0.479
COLUMBIA ST,40TH AV,39TH AV,POOR,490.2,0.375,0.8,0,0.8,1.7053138590450772,0.8,0,1,1.0,0.579
29TH AV,MOSS ST,LILLOOET ST,FAIR,708.4,0.242,0.5,0,0.5,90.28851503744067,0.5,0,1,1.0,0.431
19TH AV,WALLACE ST,HIGHBURY ST,NO DATA,1636.6,0.038,0.5,1,0.4,90.47849608592713,0.5,0,1,1.0,0.383
COPLEY ST,SOUTHWEST END,19TH AV,VERY GOOD,424.1,0.428,0.1,0,0.1,21.74568662869774,0.8,0,1,1.0,0.464
ARGYLE ST,63RD AV,62ND AV,POOR,487.2,0.377,0.8,0,0.8,0.6087161411863917,0.8,0,1,1.0,0.58
16TH AV,ST. CATHERINES ST,WINDSOR ST,POOR,1465.3,0.053,0.8,0,0.8,91.39958077364446,0.5,0,1,1.0,0.456
5TH AV,2ND AV / PRINCE EDWARD ST,ST. GEORGE ST,GOOD,612.5,0.294,0.3,0,0.3,90.7467172048564,0.5,0,1,1.0,0.404
14TH AV,WOODLAND DRIVE,COMMERCIAL DRIVE,POOR,479.1,0.384,0.8,0,0.8,90.79005828386903,0.5,0,1,1.0,0.506
33RD AV,MACKENZIE ST,MACDONALD ST,POOR,1752.8,0.03,0.8,0,0.8,90.46852804550605,0.5,0,1,1.0,0.452
2ND AV,KOOTENAY ST,BOUNDARY ROAD,VERY GOOD,290.6,0.559,0.1,0,0.1,90.14223588317122,0.5,0,1,1.0,0.409
37TH AV,WILLOW ST,BAILLIE ST,VERY GOOD,463.0,0.396,0.1,0,0.1,93.08723028538839,0.5,0,1,1.0,0.384
13TH AV,MACKENZIE ST,MACDONALD ST,NO DATA,1987.4,0.019,0.5,1,0.4,91.48933132494,0.5,0,1,1.0,0.38
19TH AV,SOPHIA ST,PRINCE EDWARD ST,GOOD,1450.6,0.055,0.3,0,0.3,91.36206270346514,0.5,0,1,1.0,0.368
ALDER BAY CRT,LAMEYS MILL ROAD,NORTH END,NO DATA,283.5,0.567,0.5,1,0.4,21.504760564628725,0.8,0,1,1.0,0.538
11TH AV,WATERLOO ST,BLENHEIM ST,VERY GOOD,1293.7,0.075,0.1,0,0.1,91.50834837423304,0.5,0,1,1.0,0.336
36TH AV,MACDONALD ST,TRAFALGAR ST,FAIR,1552.5,0.045,0.5,0,0.5,90.482228822526,0.5,0,1,1.0,0.402
CARDERO ST,NELSON ST,BARCLAY ST,POOR,428.3,0.425,0.8,0,0.8,44.693084871305416,0.8,0,1,1.0,0.587
29TH AV,SIDNEY ST,GLADSTONE ST,GOOD,1049.9,0.122,0.3,0,0.3,90.47049296972602,0.5,0,1,1.0,0.378
72ND AV,73RD AV / FRENCH ST,CARTIER ST,POOR,385.2,0.463,0.8,0,0.8,91.40741433790578,0.5,0,1,1.0,0.518
CARNARVON ST,45TH AV,44TH AV,NO DATA,611.9,0.294,0.5,1,0.4,0.6160673778844057,0.8,0,1,1.0,0.497
17TH AV,CROWN ST,WALLACE ST,POOR,1416.6,0.059,0.8,0,0.8,91.50887853156269,0.5,0,1,1.0,0.457
18TH AV,LILLOOET ST,WINDERMERE ST,FAIR,492.2,0.374,0.5,0,0.5,90.14473483636328,0.5,0,1,1.0,0.451
24TH AV,GLEN DRIVE,INVERNESS ST,FAIR,1414.7,0.059,0.5,0,0.5,91.46234284644362,0.5,0,1,1.0,0.404
32ND AV,CONNAUGHT DRIVE,GRANVILLE ST,VERY POOR,357.9,0.489,0.95,0,0.95,69.96529290287128,0.5,0,1,1.0,0.548
16TH AV,WATSON ST,SOPHIA ST,FAIR,1467.1,0.053,0.5,0,0.5,90.46840070348838,0.5,0,1,1.0,0.403
45TH AV,LARCH ST,BALSAM ST,FAIR,810.0,0.198,0.5,0,0.5,91.40015686036054,0.5,0,1,1.0,0.425
32ND AV,HAGGART ST / PATON ST,YEW ST,FAIR,1379.4,0.063,0.5,0,0.5,92.79795107441169,0.5,0,1,1.0,0.404
CLARK DR,POWELL ST,NORTH END,VERY GOOD,1138.5,0.103,0.1,0,0.1,1.0582916563153049,0.8,0,1,1.0,0.415
BALSAM ST,8TH AV,7TH AV,GOOD,1560.7,0.044,0.3,0,0.3,1.4710731760398517,0.8,0,1,1.0,0.441
44TH AV,ONTARIO ST,QUEBEC ST,POOR,536.7,0.342,0.8,0,0.8,92.69001276106269,0.5,0,1,1.0,0.499
BERKELEY ST,51ST AV,49TH AV,FAIR,1185.1,0.093,0.5,0,0.5,0.9928760397545489,0.8,0,1,1.0,0.484
54TH AV,RALEIGH ST,KILLARNEY ST,POOR,702.6,0.245,0.8,0,0.8,90.22816843315405,0.5,0,1,1.0,0.485
11TH AV,STEPHENS ST,TRAFALGAR ST,GOOD,2035.4,0.017,0.3,0,0.3,91.47925664448314,0.5,0,1,1.0,0.362
37TH AV,MACKIE ST,MANITOBA ST,FAIR,221.2,0.642,0.5,0,0.5,84.03322407716911,0.5,0,1,1.0,0.492
16TH AV,PRINCE EDWARD ST,ST. GEORGE ST,POOR,1526.2,0.047,0.8,0,0.8,91.49814927527677,0.5,0,1,1.0,0.455
59TH AV,WINDSOR ST,ROSS ST,FAIR,954.6,0.148,0.5,0,0.5,91.5885993928647,0.5,0,1,1.0,0.417
ALMA ST,6TH AV,5TH AV,VERY POOR,605.1,0.298,0.95,0,0.95,1.5196097379285902,0.8,0,1,1.0,0.594
34TH AV,DUNBAR ST,COLLINGWOOD ST,FAIR,1503.9,0.049,0.5,0,0.5,90.46790636668231,0.5,0,1,1.0,0.402
16TH AV,WOLFE AV,MONTCALM ST / RICHELIEU AV,VERY POOR,641.7,0.277,0.95,0,0.95,91.49693840776405,0.5,0,1,1.0,0.516
55TH AV,QUEBEC ST,MAIN ST,FAIR,467.2,0.393,0.5,0,0.5,92.02274313195318,0.5,0,1,1.0,0.454
33RD AV,ELM ST,LARCH ST / PUGET DRIVE,FAIR,1895.9,0.023,0.5,0,0.5,91.63677564199577,0.5,0,1,1.0,0.398
BIRCH ST,WOLFE AV,14TH AV,FAIR,609.4,0.296,0.5,0,0.5,2.113523572020597,0.8,0,1,1.0,0.514
18TH AV,QUEBEC ST,WATSON ST,POOR,1334.5,0.069,0.8,0,0.8,83.42874925048892,0.5,0,1,1.0,0.458
23RD AV,NANAIMO ST,KAMLOOPS ST,GOOD,630.4,0.283,0.3,0,0.3,89.24205823584151,0.5,0,1,1.0,0.402
6TH AV,RUPERT ST,CASSIAR ST,GOOD,414.8,0.436,0.3,0,0.3,90.37474034290364,0.5,0,1,1.0,0.425
8TH AV,TOLMIE ST,SASAMAT ST,POOR,988.0,0.139,0.8,0,0.8,91.48570464735405,0.5,0,1,1.0,0.469
49TH AV,MACKENZIE PLACE,MCCLEERY ST,GOOD,343.0,0.504,0.3,0,0.3,91.10628755356618,0.5,0,1,1.0,0.435
46TH AV,YUKON ST,ALBERTA ST,FAIR,418.3,0.433,0.5,0,0.5,93.4123023246292,0.5,0,1,1.0,0.46
CARNARVON ST,40TH AV,39TH AV,VERY GOOD,1003.4,0.134,0.1,0,0.1,0.22825404657942272,0.8,0,1,1.0,0.42
2ND AV,BURRARD ST,PINE ST,VERY GOOD,257.9,0.597,0.1,0,0.1,91.49754532666799,0.5,0,1,1.0,0.414
BALFOUR AV,ALEXANDRA ST,GRANVILLE ST,POOR,1214.9,0.088,0.8,0,0.8,84.69239473834978,0.5,0,1,1.0,0.461
60TH AV,ANGUS DRIVE / EAST BOULEVARD,ADERA ST,FAIR,838.3,0.187,0.5,0,0.5,91.20482643394422,0.5,0,1,1.0,0.423
45TH AV,EARLES ST,KILLARNEY ST,FAIR,922.0,0.158,0.5,0,0.5,90.7689058936146,0.5,0,1,1.0,0.419
43RD AV,EARLES ST,KILLARNEY ST,POOR,722.1,0.236,0.8,0,0.8,91.58364462280042,0.5,0,1,1.0,0.483
3RD AV,WALLACE ST,HIGHBURY ST,GOOD,196.7,0.675,0.3,0,0.3,91.60365679505844,0.5,0,1,1.0,0.461
6TH AV,RENFREW ST,NOOTKA ST,POOR,649.4,0.273,0.8,0,0.8,90.33263563766627,0.5,0,1,1.0,0.489
49TH AV,ROSS ST,SHERBROOKE ST,FAIR,1703.0,0.033,0.5,0,0.5,91.75239926268262,0.5,0,1,1.0,0.4
20TH AV,COLLINGWOOD ST,BLENHEIM ST,FAIR,1917.3,0.022,0.5,0,0.5,90.48981352648048,0.5,0,1,1.0,0.398
10TH AV,TRUTCH ST,BALACLAVA ST,VERY GOOD,1468.8,0.053,0.1,0,0.1,91.49287191815648,0.5,0,1,1.0,0.332
15TH AV,GARDEN DRIVE,NANAIMO ST,GOOD,224.2,0.639,0.3,0,0.3,90.67196724934092,0.5,0,1,1.0,0.456
BURRARD ST,8TH AV,7TH AV,VERY GOOD,712.0,0.241,0.1,0,0.1,1.503043639089185,0.8,0,1,1.0,0.436
61ST AV,EAST BOULEVARD,ADERA ST,FAIR,805.2,0.2,0.5,0,0.5,91.52402111369327,0.5,0,1,1.0,0.425
CONNAUGHT DR,36TH AV,35TH AV,VERY POOR,395.9,0.453,0.95,0,0.95,1.4019136475534424,0.8,0,1,1.0,0.618
ARGYLE ST,37TH AV,36TH AV,GOOD,1500.9,0.05,0.3,0,0.3,1.3845926701711733,0.8,0,1,1.0,0.442
11TH AV,BLENHEIM ST,TRUTCH ST,VERY GOOD,1407.8,0.06,0.1,0,0.1,91.47974054853779,0.5,0,1,1.0,0.333
54TH AV,MCKINNON ST,MONT ROYAL SQUARE,VERY POOR,889.2,0.169,0.95,0,0.95,90.79538328682293,0.5,0,1,1.0,0.5
ALBERTA ST,38TH AV,37TH AV,FAIR,474.9,0.387,0.5,0,0.5,1.732742890407792,0.8,0,1,1.0,0.528
5TH AV,PINE ST,FIR ST,GOOD,375.7,0.472,0.3,0,0.3,91.46971500582367,0.5,0,1,1.0,0.431
ABBOTT ST,KEEFER PLACE,PENDER ST,GOOD,107.6,0.806,0.3,0,0.3,1.2867109628915614,0.8,0,1,1.0,0.556
68TH AV,LAUREL ST,HEATHER ST,VERY GOOD,641.2,0.277,0.1,0,0.1,91.56702721986323,0.5,0,1,1.0,0.366
7TH AV,LAUREL ST,WILLOW ST,GOOD,165.4,0.718,0.3,0,0.3,91.50012115922675,0.5,0,1,1.0,0.468
ASH ST,29TH AV,28TH AV,GOOD,310.4,0.537,0.3,0,0.3,1.61493397622246,0.8,0,1,1.0,0.516
10TH AV,NANAIMO ST,KAMLOOPS ST,GOOD,41.9,0.92,0.3,0,0.3,89.90665913198268,0.5,0,1,1.0,0.498
COLUMBIA ST,8TH AV,7TH AV,VERY GOOD,576.2,0.316,0.1,0,0.1,0.4335813446718362,0.8,0,1,1.0,0.447
32ND AV,PINE CRESCENT,ANGUS DRIVE,VERY POOR,730.6,0.232,0.95,0,0.95,91.5210608697484,0.5,0,1,1.0,0.509
12TH AV,GUELPH ST,ST. GEORGE ST,VERY GOOD,1224.9,0.086,0.1,0,0.1,90.7809150632761,0.5,0,1,1.0,0.337
64TH AV,BORDEN ST,ARGYLE ST,GOOD,363.1,0.484,0.3,0,0.3,90.6813579828879,0.5,0,1,1.0,0.432
15TH AV,LAUREL ST,WILLOW ST,VERY POOR,231.5,0.629,0.95,0,0.95,91.50625448472493,0.5,0,1,1.0,0.569
CHARLES ST,HAZELTON ST,WINDERMERE ST,VERY POOR,438.8,0.416,0.95,0,0.95,90.09954344798678,0.5,0,1,1.0,0.537
CAMBRIDGE ST,PENTICTON ST,SLOCAN ST,FAIR,669.8,0.262,0.5,0,0.5,90.13975979466767,0.5,0,1,1.0,0.434
43RD AV,MACKENZIE ST,MACDONALD ST,VERY POOR,892.8,0.168,0.95,0,0.95,90.33193620796862,0.5,0,1,1.0,0.5
BORDEN ST,SE MARINE DRIVE,64TH AV,GOOD,262.8,0.591,0.3,0,0.3,0.5733458813885477,0.8,0,1,1.0,0.524
BALACLAVA ST,7TH AV,6TH AV,FAIR,1454.3,0.055,0.5,0,0.5,1.4959628750675051,0.8,0,1,1.0,0.478
52ND AV,VICTORIA DRIVE,GLADSTONE ST,GOOD,1388.0,0.062,0.3,0,0.3,91.03498952843358,0.5,0,1,1.0,0.369
COLUMBIA ST,13TH AV,12TH AV,FAIR,696.2,0.248,0.5,0,0.5,1.4734248217956178,0.8,0,1,1.0,0.507
CARTIER ST,CONNAUGHT DRIVE,DEVONSHIRE CRESCENT,FAIR,467.0,0.393,0.5,0,0.5,1.2081761213185018,0.8,0,1,1.0,0.529
28TH AV,SOPHIA ST,JOHN ST,POOR,858.7,0.18,0.8,0,0.8,91.12644276468183,0.5,0,1,1.0,0.475
12TH AV,WOODLAND DRIVE,COMMERCIAL DRIVE,FAIR,542.2,0.338,0.5,0,0.5,90.72653276258615,0.5,0,1,1.0,0.446
14TH AV,VINE ST,YEW ST,FAIR,1703.8,0.033,0.5,0,0.5,91.51095592626416,0.5,0,1,1.0,0.4
BEATRICE ST,31ST AV,KINGSWAY,FAIR,1004.7,0.134,0.5,0,0.5,1.2942402573176537,0.8,0,1,1.0,0.49
CHESTER ST,KENT AV NORTH,SE MARINE DRIVE,GOOD,192.4,0.681,0.3,0,0.3,355.5081123945312,0.8,0,1,1.0,0.537
37TH AV,HIGHGATE ST,ST. MARGARETS ST,VERY GOOD,425.6,0.427,0.1,0,0.1,90.53285403763016,0.5,0,1,1.0,0.389
8TH AV,CAROLINA ST,FRASER ST,FAIR,1061.6,0.12,0.5,0,0.5,90.77376278309305,0.5,0,1,1.0,0.413
ALMA ST,SW MARINE DRIVE,41ST AV,VERY POOR,611.1,0.295,0.95,0,0.95,0.872281396511994,0.8,0,1,1.0,0.594
62ND AV,YUKON ST,COLUMBIA ST,FAIR,107.0,0.807,0.5,0,0.5,90.99649625054792,0.5,0,1,1.0,0.517
CAMERON AV,ALMA ST,EAST END,NO DATA,616.4,0.291,0.5,1,0.4,91.56481169157581,0.5,0,1,1.0,0.421
23RD AV,PRINCE EDWARD ST,EAST END,FAIR,1297.3,0.075,0.5,0,0.5,91.45694502875045,0.5,0,1,1.0,0.406
CARNARVON ST,11TH AV,10TH AV,POOR,1717.6,0.032,0.8,0,0.8,1.4894072211759521,0.8,0,1,1.0,0.528
6TH AV,WINDERMERE ST,RUPERT ST,VERY POOR,525.2,0.35,0.95,0,0.95,90.32885044779027,0.5,0,1,1.0,0.527
16TH AV,WALLACE ST,HIGHBURY ST,FAIR,1370.3,0.065,0.5,0,0.5,91.46639681160639,0.5,0,1,1.0,0.405
45TH AV,ST. GEORGE ST,FRASER ST,VERY GOOD,980.0,0.141,0.1,0,0.1,91.50859238234102,0.5,0,1,1.0,0.345
49TH AV,ST. CATHERINES ST,WINDSOR ST,GOOD,1425.0,0.058,0.3,0,0.3,91.12520211913875,0.5,0,1,1.0,0.368
ATHLONE ST,43RD AV,41ST AV,NO DATA,446.7,0.409,0.5,1,0.4,1.3836622512130816,0.8,0,1,1.0,0.514
ALDER ST,13TH AV,12TH AV,POOR,395.2,0.454,0.8,0,0.8,1.4924036163381516,0.8,0,1,1.0,0.591
5TH AV,BLENHEIM ST,TRUTCH ST,GOOD,1159.0,0.098,0.3,0,0.3,91.60687126718989,0.5,0,1,1.0,0.374
COMMERCIAL DIV N,VENABLES ST,ADANAC ST,POOR,1297.1,0.075,0.8,0,0.8,338.0944745821087,0.8,0,1,1.0,0.534
CAMBIE ST,KENT AV NORTH,SW MARINE DRIVE,GOOD,165.4,0.718,0.3,0,0.3,2.211517590189146,0.8,1,1,1.0,0.843
10TH AV,FIR ST,GRANVILLE ST,GOOD,497.3,0.37,0.3,0,0.3,91.4875043805186,0.5,0,1,1.0,0.415
7TH AV,MCLEAN DRIVE,WOODLAND DRIVE,FAIR,1082.0,0.115,0.5,0,0.5,90.76717878889656,0.5,0,1,1.0,0.412
1ST AV,ARBUTUS ST,MAPLE ST,GOOD,756.0,0.22,0.3,0,0.3,91.52934991310389,0.5,0,1,1.0,0.393
BALACLAVA ST,KING EDWARD AV,24TH AV,VERY GOOD,2476.2,0.007,0.1,0,0.1,0.5322390429471966,0.8,0,1,1.0,0.4
ALMA ST,4TH AV,3RD AV,GOOD,548.9,0.334,0.3,0,0.3,1.5235497260691204,0.8,0,1,1.0,0.485
43RD AV,MCKINNON ST,JOYCE ST,POOR,1117.6,0.107,0.8,0,0.8,90.53248461677924,0.5,0,1,1.0,0.464
48TH AV,ROSS ST,INVERNESS ST,GOOD,1736.2,0.031,0.3,0,0.3,91.65619537694096,0.5,0,1,1.0,0.364
CONNAUGHT DR,ALEXANDRA ST,GRANVILLE ST,VERY POOR,499.5,0.368,0.95,0,0.95,50.35817709103247,0.5,0,1,1.0,0.53
33RD AV,LAUREL ST,WILLOW ST,POOR,329.9,0.517,0.8,0,0.8,93.37953908433258,0.5,0,1,1.0,0.526
27TH AV,VICTORIA DRIVE,SIDNEY ST,POOR,847.5,0.184,0.8,0,0.8,90.62497243658373,0.5,0,1,1.0,0.475
26TH AV,WILLOW ST,HEATHER ST,VERY POOR,577.7,0.315,0.95,0,0.95,91.51371318686904,0.5,0,1,1.0,0.522
20TH AV,LILLOOET ST,WINDERMERE ST,GOOD,674.0,0.26,0.3,0,0.3,90.14136169397341,0.5,0,1,1.0,0.399
6TH AV,LAKEWOOD DRIVE,TEMPLETON DRIVE,VERY POOR,500.3,0.368,0.95,0,0.95,90.67025472602933,0.5,0,1,1.0,0.53
53RD AV,FRASER ST,ROSS ST,POOR,1185.6,0.093,0.8,0,0.8,91.36982767733696,0.5,0,1,1.0,0.462
49TH AV,DUMFRIES ST,FLEMING ST,VERY POOR,1824.1,0.026,0.95,0,0.95,90.89254148732886,0.5,0,1,1.0,0.478
64TH AV,MAIN ST,SOPHIA ST,GOOD,805.7,0.2,0.3,0,0.3,92.12823021769805,0.5,0,1,1.0,0.39
38TH AV,PRINCE EDWARD ST,ST. GEORGE ST,POOR,699.8,0.247,0.8,0,0.8,91.85805541524655,0.5,0,1,1.0,0.485
24TH AV,CROWN ST,WALLACE ST,VERY POOR,2127.2,0.014,0.95,0,0.95,90.46541210686729,0.5,0,1,1.0,0.476
ASH ST,27TH AV,26TH AV,POOR,403.0,0.447,0.8,0,0.8,1.6226425278772467,0.8,0,1,1.0,0.59
40TH AV,WINDSOR ST,ROSS ST,POOR,1632.1,0.038,0.8,0,0.8,91.20246121744259,0.5,0,1,1.0,0.454
BATTISON ST,47TH AV,45TH AV,VERY POOR,1528.2,0.047,0.95,0,0.95,0.19827343519511942,0.8,0,1,1.0,0.556
29TH AV,DONCASTER WAY,KEVIN PLACE,GOOD,2521.9,0.006,0.3,0,0.3,127.61069030741157,0.5,0,1,1.0,0.361
13TH AV,VINE ST,YEW ST,GOOD,1627.3,0.039,0.3,0,0.3,91.51154653887471,0.5,0,1,1.0,0.365
46TH AV,GRANVILLE ST,CARTIER ST,NO DATA,956.2,0.148,0.5,1,0.4,93.14247436764958,0.5,0,1,1.0,0.399
10TH AV,GARDEN DRIVE,NANAIMO ST,GOOD,84.5,0.845,0.3,0,0.3,90.70977878073342,0.5,0,1,1.0,0.487
36TH AV,COLLINGWOOD ST,BLENHEIM ST,VERY GOOD,1286.1,0.076,0.1,0,0.1,90.3988061942934,0.5,0,1,1.0,0.336
CASSIAR ST,23RD AV,22ND AV,FAIR,604.1,0.299,0.5,0,0.5,0.14263932066205598,0.8,0,1,1.0,0.515
6TH AV,SASAMAT ST,TRIMBLE ST,FAIR,697.2,0.248,0.5,0,0.5,91.4967307894537,0.5,0,1,1.0,0.432
BELMONT AV,LANGARA AV,TOLMIE ST,FAIR,715.4,0.239,0.5,0,0.5,91.54014194997774,0.5,0,1,1.0,0.431
21ST AV,OAK ST / WOLFE AV,LAUREL ST,VERY POOR,817.7,0.195,0.95,0,0.95,91.55059838316953,0.5,0,1,1.0,0.504
48TH AV,QUEBEC ST,MAIN ST,VERY GOOD,221.1,0.643,0.1,0,0.1,91.83624475757676,0.5,0,1,1.0,0.421
24TH AV,SOPHIA ST,PRINCE EDWARD ST,VERY POOR,1124.0,0.106,0.95,0,0.95,91.1574504350632,0.5,0,1,1.0,0.49
51ST AV,OSLER ST,OAK ST,POOR,1264.5,0.08,0.8,0,0.8,91.34449765504837,0.5,0,1,1.0,0.46
CAROLINA ST,12TH AV,11TH AV,VERY POOR,1288.2,0.076,0.95,0,0.95,0.6657811303435892,0.8,0,1,1.0,0.561
BIRCH ST,6TH AV,NORTH END,POOR,226.5,0.636,0.8,0,0.8,1.555480800006933,0.8,0,1,1.0,0.619
54TH AV,DOMAN ST,BROOKS ST,FAIR,832.2,0.189,0.5,0,0.5,90.8203895874521,0.5,0,1,1.0,0.423
11TH AV,VICTORIA DRIVE,SEMLIN DRIVE,VERY GOOD,351.5,0.495,0.1,0,0.1,90.62429387129066,0.5,0,1,1.0,0.399
28TH AV,QUEBEC ST,MAIN ST,POOR,708.7,0.242,0.8,0,0.8,91.54145145752625,0.5,0,1,1.0,0.484
ARBUTUS ST,58TH AV,57TH AV,VERY POOR,539.3,0.34,0.95,0,0.95,1.3652414408534241,0.8,0,1,1.0,0.601
39TH AV,MACKENZIE ST,TRAFALGAR ST,VERY POOR,1200.8,0.091,0.95,0,0.95,90.47099065173308,0.5,0,1,1.0,0.488
2ND AV,MANITOBA ST,ONTARIO ST,FAIR,112.1,0.799,0.5,0,0.5,91.64303194762755,0.5,0,1,1.0,0.515
19TH AV,EAST BOULEVARD,MAPLE ST,POOR,1737.9,0.031,0.8,0,0.8,91.47026195516855,0.5,0,1,1.0,0.452
22ND AV,INVERNESS ST,CLARK DRIVE,GOOD,1203.2,0.09,0.3,0,0.3,91.46173653981236,0.5,0,1,1.0,0.373
BALACLAVA ST,39TH AV,38TH AV,VERY GOOD,1017.9,0.131,0.1,0,0.1,0.47430579991049626,0.8,0,1,1.0,0.419
30TH AV,DUNBAR ST,COLLINGWOOD ST,FAIR,1924.7,0.021,0.5,0,0.5,90.4867560353984,0.5,0,1,1.0,0.398
BLENHEIM ST,55TH AV,53RD AV,VERY POOR,220.0,0.644,0.95,0,0.95,1.176462082426383,0.8,0,1,1.0,0.646
71ST AV,SHAUGHNESSY ST,FREMLIN ST,VERY GOOD,570.5,0.319,0.1,0,0.1,91.32683359954717,0.5,0,1,1.0,0.372
BLENHEIM ST,SOUTH END,CELTIC AV,FAIR,11.4,0.977,0.5,0,0.5,7.536798700683391,0.8,0,1,1.0,0.617
23RD AV,CAROLINA ST,FRASER ST,VERY POOR,1545.7,0.045,0.95,0,0.95,91.40814150850292,0.5,0,1,1.0,0.481
ALBERNI ST,CARDERO ST,NICOLA ST,POOR,121.9,0.784,0.8,0,0.8,134.7889548999541,0.5,0,1,1.0,0.566
40TH AV,ANGUS DRIVE,MARGUERITE ST,POOR,617.5,0.291,0.8,0,0.8,91.45008544831302,0.5,0,1,1.0,0.492
57TH AV,LAUREL ST,HEATHER ST,VERY GOOD,913.3,0.161,0.1,0,0.1,91.2077785145575,0.5,0,1,1.0,0.349
26TH AV,ONTARIO ST,QUEBEC ST,POOR,664.7,0.265,0.8,0,0.8,91.58960005991906,0.5,0,1,1.0,0.488
ASHBURN ST,HOYLAKE AV,BONNYVALE AV,VERY POOR,623.0,0.288,0.95,0,0.95,347.7124153733553,0.8,0,1,1.0,0.593
15TH AV,CAMBIE ST,YUKON ST,VERY POOR,565.1,0.323,0.95,0,0.95,91.43742361702664,0.5,0,1,1.0,0.523
CHURCHILL ST,52ND AV,49TH AV,POOR,1292.8,0.075,0.8,0,0.8,1.611419495720952,0.8,0,1,1.0,0.534
ARGYLE ST,47TH AV,45TH AV,FAIR,1796.2,0.028,0.5,0,0.5,1.4970807090001585,0.8,0,1,1.0,0.474
33RD AV,GRANVILLE ST,CARTIER ST,VERY GOOD,90.3,0.835,0.1,0,0.1,93.48972132414957,0.5,0,1,1.0,0.45
ARBUTUS ST,51ST AV,49TH AV,VERY POOR,748.0,0.224,0.95,0,0.95,1.5103089334143078,0.8,0,1,1.0,0.583
ABBOTT ST,CORDOVA ST,NORTH END,POOR,375.4,0.472,0.8,0,0.8,15.695890464672402,0.8,0,1,1.0,0.594
49TH AV,MARINE CRESCENT,MARINE CRESCENT 1,VERY GOOD,370.7,0.476,0.1,0,0.1,91.24286176675793,0.5,0,1,1.0,0.396
54TH AV,STIRLING ST,NANAIMO ST,FAIR,1069.9,0.118,0.5,0,0.5,90.85795419210115,0.5,0,1,1.0,0.413
56TH AV,SHAWNEE PLACE,RUPERT ST,FAIR,555.2,0.329,0.5,0,0.5,107.00487003090979,0.5,0,1,1.0,0.444
35TH AV,MACDONALD ST,TRAFALGAR ST,FAIR,1641.7,0.038,0.5,0,0.5,90.47656338141314,0.5,0,1,1.0,0.4
5TH AV,COLLINGWOOD ST,WATERLOO ST,FAIR,876.1,0.173,0.5,0,0.5,91.60709936754989,0.5,0,1,1.0,0.421
COLUMBIA ST,1ST AV,WALTER HARDWICK AV,VERY GOOD,28.9,0.944,0.1,0,0.1,1.677817035569717,0.8,0,1,1.0,0.542
13TH AV,WALLACE ST,HIGHBURY ST,NO DATA,1059.4,0.12,0.5,1,0.4,91.46404284350535,0.5,0,1,1.0,0.395
39TH AV,MAPLE ST,LABURNUM ST,FAIR,996.4,0.136,0.5,0,0.5,91.42540790354872,0.5,0,1,1.0,0.415
46TH AV,CARTIER ST,HUDSON ST,NO DATA,956.7,0.148,0.5,1,0.4,93.13731976825835,0.5,0,1,1.0,0.399
2ND AV,MACDONALD ST,STEPHENS ST,POOR,1704.7,0.033,0.8,0,0.8,91.45546219731159,0.5,0,1,1.0,0.453
14TH AV,CAMBIE ST,YUKON ST,POOR,534.4,0.343,0.8,0,0.8,91.50669161569886,0.5,0,1,1.0,0.5
ASH ST,54TH AV,52ND AV,FAIR,471.6,0.389,0.5,0,0.5,1.5761231959417046,0.8,0,1,1.0,0.529
CASSIAR ST,ADANAC ST,GEORGIA ST,GOOD,495.6,0.371,0.3,0,0.3,355.6688179746734,0.8,0,1,1.0,0.49
8TH AV,LAUREL ST,WILLOW ST,VERY POOR,258.6,0.596,0.95,0,0.95,91.50065396090525,0.5,0,1,1.0,0.564
65TH AV,LORD ST,CAMBIE ST,POOR,107.7,0.806,0.8,0,0.8,92.1877874415249,0.5,0,1,1.0,0.569
18TH AV,OAK ST,LAUREL ST,VERY POOR,522.4,0.352,0.95,0,0.95,91.67161266403127,0.5,0,1,1.0,0.527
10TH AV,LAUREL ST,LAUREL ST,GOOD,302.9,0.546,0.3,0,0.3,91.50588309208933,0.5,0,1,1.0,0.442
ALMA ST,28TH AV,27TH AV,POOR,2187.5,0.013,0.8,0,0.8,0.4359487549116352,0.8,0,1,1.0,0.525
COMMERCIAL ST,33RD AV,32ND AV,VERY POOR,1288.8,0.076,0.95,0,0.95,359.35020527605855,0.8,0,1,1.0,0.561
BLENHEIM ST,34TH AV,33RD AV,VERY GOOD,1500.5,0.05,0.1,0,0.1,0.48860241892293743,0.8,0,1,1.0,0.407
8TH AV,CROWN CRESCENT,BROADWAY,NO DATA,553.8,0.33,0.5,1,0.4,96.47568627161763,0.5,0,1,1.0,0.427
64TH AV,FREMLIN ST,LAUREL ST,POOR,775.8,0.212,0.8,0,0.8,91.41482788728649,0.5,0,1,1.0,0.48
15TH AV,COMMERCIAL DRIVE,FINDLAY ST,FAIR,321.0,0.526,0.5,0,0.5,90.71472276173972,0.5,0,1,1.0,0.474
22ND AV,KASLO ST,BOYD DIVERSION / RENFREW ST,VERY POOR,885.9,0.17,0.95,0,0.95,90.54980087941692,0.5,0,1,1.0,0.5
7TH AV,ARBUTUS ST,MAPLE ST,FAIR,954.6,0.148,0.5,0,0.5,91.52092405167417,0.5,0,1,1.0,0.417
25TH AV,KAMLOOPS ST,PENTICTON ST,GOOD,876.5,0.173,0.3,0,0.3,89.79526164275427,0.5,0,1,1.0,0.386
40TH AV,MAIN ST,SOPHIA ST,FAIR,583.3,0.311,0.5,0,0.5,91.9079956232211,0.5,0,1,1.0,0.442
61ST AV,ROSS ST,INVERNESS ST,VERY POOR,700.2,0.247,0.95,0,0.95,90.64110468054912,0.5,0,1,1.0,0.511
68TH AV,WEST END,MANITOBA ST,VERY GOOD,314.6,0.533,0.1,0,0.1,91.57314268977052,0.5,0,1,1.0,0.405
13TH AV,LARCH ST,BALSAM ST,NO DATA,1877.6,0.023,0.5,1,0.4,91.51106277353824,0.5,0,1,1.0,0.381
15TH AV,NOOTKA ST,LILLOOET ST,GOOD,209.1,0.658,0.3,0,0.3,88.40029020349573,0.5,0,1,1.0,0.459
19TH AV,HULL ST,MARSHALL ST,VERY POOR,136.7,0.761,0.95,0,0.95,113.06816779916187,0.5,0,1,1.0,0.589
38TH AV,RHODES ST,EARLES ST,VERY POOR,191.3,0.682,0.95,0,0.95,90.54506840576664,0.5,0,1,1.0,0.577
4TH AV,PENTICTON ST,SLOCAN ST,GOOD,609.5,0.295,0.3,0,0.3,90.15286869673923,0.5,0,1,1.0,0.404
ANGUS DR,75TH AV,SW MARINE DRIVE,VERY GOOD,120.1,0.786,0.1,0,0.1,22.20937831588037,0.8,0,1,1.0,0.518
BROCK ST,NANAIMO ST,CLARENDON ST,GOOD,706.5,0.243,0.3,0,0.3,90.12079065856926,0.5,0,1,1.0,0.396
37TH AV,ARGYLE ST,BRUCE ST,FAIR,1406.2,0.06,0.5,0,0.5,92.71481426617038,0.5,0,1,1.0,0.404
27TH AV,NANAIMO ST,KAMLOOPS ST,VERY POOR,970.8,0.143,0.95,0,0.95,90.05921680066382,0.5,0,1,1.0,0.496
14TH AV,ST. CATHERINES ST,WINDSOR ST,GOOD,1458.0,0.054,0.3,0,0.3,90.7976168651939,0.5,0,1,1.0,0.368
BLENHEIM ST,MAYFAIR AV,38TH AV,VERY GOOD,1000.0,0.135,0.1,0,0.1,0.46186287838361295,0.8,0,1,1.0,0.42
BALSAM ST,15TH AV,14TH AV,VERY POOR,1944.5,0.02,0.95,0,0.95,1.5389405064204311,0.8,0,1,1.0,0.552
20TH AV,FRASER ST,PRINCE ALBERT ST,POOR,1804.3,0.027,0.8,0,0.8,91.49055437597013,0.5,0,1,1.0,0.452
CENTRAL ST,QUEBEC ST,MAIN ST,VERY GOOD,150.0,0.741,0.1,0,0.1,109.91500945565394,0.5,0,1,1.0,0.436
38TH AV,CLARENDON ST,SLOCAN ST,VERY GOOD,318.2,0.529,0.1,0,0.1,90.49166576987824,0.5,0,1,1.0,0.404
34TH AV,DUMFRIES ST,ARGYLE ST,POOR,1508.9,0.049,0.8,0,0.8,91.0864798113385,0.5,0,1,1.0,0.455
10TH AV,KAMLOOPS ST,PENTICTON ST,VERY POOR,61.9,0.884,0.95,0,0.95,89.86091105726956,0.5,0,1,1.0,0.607
52ND AV,MARGUERITE ST,ADERA ST,GOOD,1348.7,0.067,0.3,0,0.3,91.21589726482142,0.5,0,1,1.0,0.37
59TH AV,FRASER ST,PRINCE ALBERT ST,VERY POOR,1031.4,0.127,0.95,0,0.95,91.47093504960958,0.5,0,1,1.0,0.493
40TH AV,HUDSON ST,SELKIRK ST,FAIR,375.8,0.472,0.5,0,0.5,93.10260790778682,0.5,0,1,1.0,0.466
33RD AV,BLENHEIM ST,BALACLAVA ST,NO DATA,1605.4,0.04,0.5,1,0.4,90.46880407298238,0.5,0,1,1.0,0.383
8TH AV,KEITH DRIVE,CLARK DRIVE,GOOD,1236.9,0.084,0.3,0,0.3,90.79979240691932,0.5,0,1,1.0,0.372
14TH AV,MANITOBA ST,ONTARIO ST,VERY POOR,961.3,0.146,0.95,0,0.95,91.64844867172081,0.5,0,1,1.0,0.496
CHESTER ST,47TH AV,45TH AV,POOR,1245.3,0.083,0.8,0,0.8,0.9680575071018325,0.8,0,1,1.0,0.535
51ST AV,MARINE CRESCENT,BALSAM ST,GOOD,196.3,0.675,0.3,0,0.3,91.20656147918305,0.5,0,1,1.0,0.461
3RD AV,KASLO ST,RENFREW ST,VERY POOR,902.1,0.165,0.95,0,0.95,90.4536252518248,0.5,0,1,1.0,0.499
59TH AV,SW MARINE DRIVE,ARBUTUS ST,VERY POOR,385.5,0.463,0.95,0,0.95,76.17191127037518,0.5,0,1,1.0,0.544
BEACH AV,BURRARD ST 1,HORNBY ST,NO DATA,642.6,0.277,0.5,1,0.4,134.81923076726974,0.5,0,1,1.0,0.419
COMMERCIAL ST,29TH AV,28TH AV,POOR,1126.5,0.105,0.8,0,0.8,2.502780531958763,0.8,0,1,1.0,0.539
33RD AV,SELKIRK ST,OSLER ST,POOR,112.7,0.798,0.8,0,0.8,93.37915694524202,0.5,0,1,1.0,0.568
CARDERO ST,ALBERNI ST,HASTINGS ST,FAIR,74.5,0.861,0.5,0,0.5,44.72613978936175,0.8,0,1,1.0,0.6
29TH AV,JOYCE ST,HOY ST,GOOD,231.6,0.629,0.3,0,0.3,78.93141461153442,0.5,0,1,1.0,0.454
COOK ST,2ND AV,1ST AV,POOR,98.1,0.822,0.8,0,0.8,324.05980878394024,0.8,0,1,1.0,0.647
CHILCO ST,BEACH AV,COMOX ST,VERY GOOD,375.9,0.472,0.1,0,0.1,44.77714747181835,0.8,0,1,1.0,0.47
COLUMBIA ST,SW MARINE DRIVE,64TH AV,FAIR,76.9,0.858,0.5,0,0.5,1.5140782506800292,0.8,0,1,1.0,0.599
36TH AV,LARCH ST,VINE ST,GOOD,1651.4,0.037,0.3,0,0.3,91.47680589992632,0.5,0,1,1.0,0.365
8TH AV,CAMBIE ST,YUKON ST,GOOD,234.3,0.626,0.3,0,0.3,97.02382634196539,0.5,0,1,1.0,0.454
45TH AV,CULLODEN ST,KNIGHT ST,GOOD,2050.9,0.017,0.3,0,0.3,91.23711436231565,0.5,0,1,1.0,0.362
BALACLAVA ST,36TH AV,35TH AV,GOOD,1322.6,0.071,0.3,0,0.3,0.47474232392164595,0.8,0,1,1.0,0.445
43RD AV,ONTARIO ST,QUEBEC ST,VERY POOR,604.4,0.299,0.95,0,0.95,91.94940367579545,0.5,0,1,1.0,0.519
33RD AV,OSLER ST,OAK ST,POOR,124.7,0.779,0.8,0,0.8,93.37918743948165,0.5,0,1,1.0,0.565
BRAKENRIDGE ST,EDDINGTON DRIVE,MCMULLEN AV,POOR,1752.8,0.03,0.8,0,0.8,332.88996423456916,0.8,0,1,1.0,0.527
39TH AV,INVERNESS ST,CULLODEN ST,GOOD,1947.9,0.02,0.3,0,0.3,91.30060830105577,0.5,0,1,1.0,0.363
ALBERTA ST,16TH AV,15TH AV,VERY POOR,799.2,0.202,0.95,0,0.95,1.5027574395891747,0.8,0,1,1.0,0.58
42ND AV,QUEBEC ST,MAIN ST,GOOD,705.2,0.244,0.3,0,0.3,91.7608177129564,0.5,0,1,1.0,0.396
61ST AV,ONTARIO ST,MAIN ST,VERY POOR,402.3,0.447,0.95,0,0.95,91.35507803992323,0.5,0,1,1.0,0.542
ADANAC ST,NANAIMO ST,KAMLOOPS ST,GOOD,1011.9,0.132,0.3,0,0.3,90.17188682308256,0.5,0,1,1.0,0.379
46TH AV,COLUMBIA ST,MANITOBA ST,FAIR,349.0,0.498,0.5,0,0.5,91.6677956939618,0.5,0,1,1.0,0.47
BALACLAVA ST,14TH AV,13TH AV,POOR,1754.0,0.03,0.8,0,0.8,1.4879724109977701,0.8,0,1,1.0,0.527
CASSIAR ST,BROADWAY / LOUGHEED HIGHWAY,HERMON DRIVE,FAIR,208.7,0.659,0.5,0,0.5,0.07598467129110986,0.8,0,1,1.0,0.569
16TH AV,SOPHIA ST,PRINCE EDWARD ST,FAIR,1492.6,0.051,0.5,0,0.5,91.42075335520849,0.5,0,1,1.0,0.402
12TH AV,GLEN DRIVE,CLARK DRIVE,GOOD,1070.9,0.117,0.3,0,0.3,90.76520734586671,0.5,0,1,1.0,0.377
2ND AV,BELLEVUE DRIVE,SASAMAT ST,VERY POOR,755.9,0.221,0.95,0,0.95,91.54271915547099,0.5,0,1,1.0,0.507
17TH AV,WINDSOR ST,GLEN DRIVE,FAIR,1332.2,0.07,0.5,0,0.5,91.36328432022282,0.5,0,1,1.0,0.405
67TH AV,FRENCH ST,CARTIER ST,VERY GOOD,848.7,0.183,0.1,0,0.1,91.56244195074783,0.5,0,1,1.0,0.352
18TH AV,INVERNESS ST,CLARK DRIVE,FAIR,1072.5,0.117,0.5,0,0.5,91.4065313179994,0.5,0,1,1.0,0.412
47TH AV,BATTISON ST,ARLINGTON ST,GOOD,1528.2,0.047,0.3,0,0.3,90.23401168679686,0.5,0,1,1.0,0.367
COMMERCIAL ST,37TH AV,36TH AV,POOR,1300.0,0.074,0.8,0,0.8,1.2525305408493637,0.8,0,1,1.0,0.534
BERKELEY ST,CLARENDON ST,54TH AV,GOOD,882.3,0.171,0.3,0,0.3,359.77141680717614,0.8,0,1,1.0,0.46
ALBERTA ST,11TH AV,10TH AV,GOOD,520.9,0.353,0.3,0,0.3,1.5099803807999592,0.8,0,1,1.0,0.488
11TH AV,ST. GEORGE ST,CAROLINA ST,POOR,1206.1,0.09,0.8,0,0.8,90.72468402377638,0.5,0,1,1.0,0.461
COMMERCIAL DR,12TH AV,11TH AV,FAIR,542.1,0.338,0.5,0,0.5,0.7666377095213761,0.8,0,1,1.0,0.521
MACKENZIE ST,30TH AV,29TH AV,GOOD,2046.1,0.017,0.3,0,0.3,0.3822076338043985,0.8,0,1,1.0,0.437
BELLEVUE DR,BELMONT AV / BLANCA ST,2ND AV / TOLMIE ST,NO DATA,599.8,0.301,0.5,1,0.4,141.0050825844267,0.2,0,1,1.0,0.348
CYPRESS ST,QUILCHENA CRESCENT,33RD AV,FAIR,933.1,0.155,0.5,0,0.5,332.40677767081695,0.8,0,1,1.0,0.493
ELLIOTT ST,47TH AV,46TH AV,FAIR,1047.8,0.123,0.5,0,0.5,1.7794998074318187,0.8,0,1,1.0,0.488
GLADSTONE ST,52ND AV,51ST AV,POOR,1388.6,0.062,0.8,0,0.8,0.4576253885482515,0.8,0,1,1.0,0.532
DEVONSHIRE CRES,HUDSON ST,SELKIRK ST,VERY POOR,498.6,0.369,0.95,0,0.95,109.50032049062816,0.5,0,1,1.0,0.53
LAUREL ST,69TH AV,68TH AV,GOOD,752.2,0.222,0.3,0,0.3,1.3677819725832023,0.8,0,1,1.0,0.468
JERVIS ST,MELVILLE ST,HASTINGS ST,GOOD,308.0,0.54,0.3,0,0.3,37.66639835694127,0.8,0,1,1.0,0.516
DUMFRIES ST,31ST AV,30TH AV,FAIR,1452.9,0.055,0.5,0,0.5,1.5329679576684612,0.8,0,1,1.0,0.478
EARLES ST,42ND AV,41ST AV,GOOD,546.8,0.335,0.3,0,0.3,0.8093981931320968,0.8,0,1,1.0,0.485
MANITOBA ST,60TH AV,59TH AV,GOOD,122.3,0.783,0.3,0,0.3,1.3683169930168333,0.8,0,1,1.0,0.553
CYPRESS ST,2ND AV,1ST AV,VERY GOOD,581.0,0.313,0.1,0,0.1,1.4953037858691687,0.8,0,1,1.0,0.446
GRANDVIEW HWY,LAKEWOOD DRIVE,TEMPLETON DRIVE,GOOD,241.2,0.617,0.3,0,0.3,109.96606761399255,0.5,0,1,1.0,0.453
LARCH ST,10TH AV,BROADWAY,POOR,1796.6,0.028,0.8,0,0.8,1.5660697376952157,0.8,0,1,1.0,0.527
KING EDWARD AV,CLARK DRIVE,KNIGHT ST,FAIR,1203.1,0.09,0.5,0,0.5,90.06474689125514,0.5,0,1,1.0,0.408
GRAVELEY ST,WINDERMERE ST,RUPERT ST,VERY GOOD,250.6,0.606,0.1,0,0.1,84.66513855445214,0.5,0,1,1.0,0.416
KENT AV N,CHESTER ST,ROSS ST,FAIR,145.4,0.748,0.5,0,0.5,82.72504817062406,0.5,0,1,1.0,0.508
LYNBROOK DR,ELLIOTT ST,GATINEAU PLACE,VERY POOR,446.9,0.409,0.95,0,0.95,92.12662249425716,0.5,0,1,1.0,0.536
FOSTER AV,LINCOLN ST,ORMIDALE ST,VERY GOOD,1144.5,0.101,0.1,0,0.1,90.04411779708039,0.5,0,1,1.0,0.34
ELM ST,47TH AV,45TH AV,POOR,584.8,0.311,0.8,0,0.8,1.5583097126729513,0.8,0,1,1.0,0.57
CORDOVA ST,CAMPBELL AV,RAYMUR AV,FAIR,750.4,0.223,0.5,0,0.5,91.76275932685712,0.5,0,1,1.0,0.428
CYPRESS ST,43RD AV,42ND AV,NO DATA,1028.2,0.128,0.5,1,0.4,1.4841270238024435,0.8,0,1,1.0,0.471
MATAPAN CRES,FALAISE AV,VIMY CRESCENT,VERY POOR,433.6,0.42,0.95,0,0.95,32.78224797968227,0.8,0,1,1.0,0.613
MAIN ST,35TH AV,33RD AV,POOR,301.0,0.548,0.8,0,0.8,1.7567292768846414,0.8,0,1,1.0,0.605
KING EDWARD AV,HUDSON ST,SELKIRK ST,POOR,918.8,0.159,0.8,0,0.8,91.48057415078421,0.5,0,1,1.0,0.472
DAVIE ST,GRANVILLE ST,SEYMOUR ST,GOOD,405.0,0.445,0.3,0,0.3,134.7739602445224,0.5,0,1,1.0,0.427
LANARK ST,55TH AV,54TH AV,VERY POOR,1189.5,0.093,0.95,0,0.95,1.3673058122936368,0.8,0,1,1.0,0.563
GLADSTONE ST,SOUTHWEST END,19TH AV,POOR,303.2,0.545,0.8,0,0.8,23.004896707182297,0.8,0,1,1.0,0.605
LAUREL ST,7TH AV,6TH AV,GOOD,72.7,0.865,0.3,0,0.3,1.5326297306130527,0.8,0,1,1.0,0.565
LAKEWOOD DR,DUNDAS ST,OXFORD ST,GOOD,1469.3,0.053,0.3,0,0.3,0.7030338477939608,0.8,0,1,1.0,0.443
GILFORD ST,PENDRELL ST,COMOX ST,VERY GOOD,463.2,0.396,0.1,0,0.1,46.75036096734476,0.5,0,1,1.0,0.384
DUMFRIES ST,KING EDWARD AV,22ND AV,GOOD,916.1,0.16,0.3,0,0.3,0.6560340658904238,0.8,0,1,1.0,0.459
FELLOWES ST,ETON ST,MCGILL ST,VERY POOR,557.9,0.328,0.95,0,0.95,12.603895264958737,0.8,0,1,1.0,0.599
CROWN ST,23RD AV,22ND AV,VERY GOOD,1925.7,0.021,0.1,0,0.1,0.5196965832225828,0.8,0,1,1.0,0.402
LILLOOET ST,23RD AV,22ND AV,VERY GOOD,862.1,0.178,0.1,0,0.1,0.6549896170203624,0.8,0,1,1.0,0.426
MARGUERITE ST,36TH AV,35TH AV / ROXBURGH CRESCENT,POOR,522.6,0.352,0.8,0,0.8,1.4085263852071535,0.8,0,1,1.0,0.576
LAUREL ST,33RD AV,32ND AV,VERY POOR,330.5,0.516,0.95,0,0.95,1.474833515347541,0.8,0,1,1.0,0.627
GRANT ST,WEST END,VERNON DRIVE,GOOD,716.7,0.238,0.3,0,0.3,90.57801740224022,0.5,0,1,1.0,0.395
MAIN ST,10TH AV,BROADWAY,POOR,767.7,0.215,0.8,0,0.8,1.6585721925391113,0.8,0,1,1.0,0.555
EARLES ST,38TH AV,KINGSWAY,VERY GOOD,129.7,0.772,0.1,0,0.1,0.7896550820310608,0.8,0,1,1.0,0.516
ELLIOTT ST,46TH AV,45TH AV / CLARENDON ST,FAIR,959.4,0.147,0.5,0,0.5,347.14735974218377,0.8,0,1,1.0,0.492
MANITOBA ST,7TH AV,6TH AV,GOOD,476.5,0.386,0.3,0,0.3,1.6315470827072431,0.8,0,1,1.0,0.493
DAVIE ST,HORNBY ST,HOWE ST,GOOD,304.4,0.544,0.3,0,0.3,134.77401928581196,0.5,0,1,1.0,0.442
LAURIER AV,HUDSON ST,SELKIRK ST,VERY POOR,1076.1,0.116,0.95,0,0.95,91.48758728835531,0.5,0,1,1.0,0.492
DUCHESS ST,DUKE ST,WARD ST,FAIR,277.3,0.574,0.5,0,0.5,36.68033694448917,0.8,0,1,1.0,0.556
ETON ST,SLOCAN ST,KASLO ST,GOOD,489.6,0.376,0.3,0,0.3,90.05108861640502,0.5,0,1,1.0,0.416
CYPRESS ST,NANTON AV,CYPRESS CRESCENT,NO DATA,1170.2,0.096,0.5,1,0.4,1.5541551542374918,0.8,0,1,1.0,0.467
EAST BLVD,20TH AV,19TH AV,POOR,1799.6,0.027,0.8,0,0.8,1.2611234051695988,0.8,0,1,1.0,0.527
CYPRESS ST,CYPRESS CRESCENT,KING EDWARD AV,GOOD,1300.2,0.074,0.3,0,0.3,1.94941596315158,0.8,0,1,1.0,0.446
LANARK ST,39TH AV,37TH AV,FAIR,1806.3,0.027,0.5,0,0.5,1.2391701497463146,0.8,0,1,1.0,0.474
LAMEYS MILL RD,ANDERSON ST,OLD BRIDGE COURT,FAIR,80.9,0.851,0.5,0,0.5,153.3521852427948,0.2,1,1,1.0,0.748
MAPLE ST,SOUTH END,6TH AV,GOOD,897.9,0.166,0.3,0,0.3,0.4495821576159642,0.8,0,1,1.0,0.46
HUDSON ST,41ST AV,40TH AV,POOR,375.5,0.472,0.8,0,0.8,1.3925398736851662,0.8,0,1,1.0,0.594
KING EDWARD AV,LAUREL ST,WILLOW ST,VERY GOOD,761.4,0.218,0.1,0,0.1,91.97660897323533,0.5,0,1,1.0,0.357
DUNBAR ST,12TH AV,11TH AV,VERY GOOD,1092.2,0.113,0.1,0,0.1,1.4815065469171032,0.8,0,1,1.0,0.416
CULLODEN ST,31ST AV,29TH AV,POOR,1628.2,0.039,0.8,0,0.8,1.0250243230118485,0.8,0,1,1.0,0.529
MANITOBA ST,62ND AV,61ST AV,GOOD,313.2,0.535,0.3,0,0.3,1.3637030737199893,0.8,0,1,1.0,0.515
EDINBURGH ST,WEST END,BOUNDARY ROAD,VERY POOR,741.3,0.227,0.95,0,0.95,90.31994248866863,0.5,0,1,1.0,0.508
HUDSON ST,MATTHEWS AV,THE CRESCENT,POOR,1042.5,0.124,0.8,0,0.8,355.7901783138465,0.8,0,1,1.0,0.542
DENMAN ST,GEORGIA ST,NORTHEAST END,GOOD,31.5,0.939,0.3,0,0.3,44.44236443755369,0.8,0,1,1.0,0.576
LAUREL ST,18TH AV,17TH AV,POOR,425.5,0.427,0.8,0,0.8,1.5460957889611677,0.8,0,1,1.0,0.587
DUMFRIES ST,35TH AV,34TH AV,VERY GOOD,1702.8,0.033,0.1,0,0.1,1.4494426625085453,0.8,0,1,1.0,0.404
LAGOON DR,BEACH AV / STANLEY PARK DRIVE,PARK LANE,VERY GOOD,130.9,0.77,0.1,0,0.1,97.71697999999247,0.5,0,1,1.0,0.44
HAMILTON ST,HELMCKEN ST,NELSON ST,VERY POOR,229.6,0.632,0.95,0,0.95,44.81697384318062,0.8,0,1,1.0,0.644
MAIN ST,26TH AV,KING EDWARD AV,VERY POOR,899.0,0.166,0.95,0,0.95,3.3040078145213556,0.8,0,1,1.0,0.574
GILFORD ST,NELSON ST,NORTHEAST END,VERY GOOD,310.3,0.538,0.1,0,0.1,44.742215878290835,0.8,0,1,1.0,0.48
CROMPTON ST,67TH AV,SE MARINE DRIVE,VERY GOOD,189.6,0.684,0.1,0,0.1,0.8253815999813128,0.8,0,1,1.0,0.502
COURTENAY ST,10TH AV,9TH AV,NO DATA,743.6,0.226,0.5,1,0.4,318.3934862329457,0.8,0,1,1.0,0.486
DUNBAR ST,POINT GREY ROAD,NORTH END,VERY GOOD,730.3,0.232,0.1,0,0.1,1.5144125271020243,0.8,0,1,1.0,0.434
LORNE ST,2ND AV,1ST AV,GOOD,212.5,0.654,0.3,0,0.3,41.254513862512795,0.8,0,1,1.0,0.533
GLEN DR,PARKER ST,VENABLES ST,VERY POOR,453.7,0.404,0.95,0,0.95,0.7302993738539953,0.8,0,1,1.0,0.61
LILLOOET ST,21ST AV,20TH AV,FAIR,673.9,0.26,0.5,0,0.5,0.08982415075087147,0.8,0,1,1.0,0.509
CROWN ST,15TH AV,14TH AV,GOOD,1141.6,0.102,0.3,0,0.3,1.4548442816464444,0.8,0,1,1.0,0.45
GRAVELEY ST,SLOCAN ST,KASLO ST,POOR,1070.0,0.118,0.8,0,0.8,90.10247496900513,0.5,0,1,1.0,0.466
KING EDWARD AV,CARTIER ST,HUDSON ST,POOR,912.6,0.161,0.8,0,0.8,91.48523911259173,0.5,0,1,1.0,0.472
CROWN ST,24TH AV,23RD AV,VERY GOOD,2026.7,0.017,0.1,0,0.1,0.4771673069095641,0.8,0,1,1.0,0.402
MAIN ST,19TH AV,18TH AV,VERY POOR,1342.9,0.068,0.95,0,0.95,357.3446914440347,0.8,0,1,1.0,0.56
DUNSMUIR ST,BURRARD ST,MELVILLE ST,VERY GOOD,92.5,0.831,0.1,0,0.1,293.9335174918918,0.5,0,1,1.0,0.45
KITCHENER ST,COMMERCIAL DRIVE,SALSBURY DRIVE,GOOD,1360.6,0.066,0.3,0,0.3,90.71324764479652,0.5,0,1,1.0,0.369
MAIN ST,42ND AV,ONTARIO PLACE,FAIR,760.2,0.219,0.5,0,0.5,358.1397930498822,0.8,0,1,1.0,0.503
HUDSON ST,27TH AV,26TH AV,VERY POOR,698.2,0.247,0.95,0,0.95,1.4481144205940382,0.8,0,1,1.0,0.587
EAST BLVD,17TH AV,16TH AV,FAIR,1660.5,0.036,0.5,0,0.5,1.5085951903277532,0.8,0,1,1.0,0.475
LARCH ST,YORK AV,CORNWALL AV,FAIR,1307.9,0.073,0.5,0,0.5,1.705265401918325,0.8,0,1,1.0,0.481
MARINE CRES,51ST AV,MARINE CRESCENT 1,POOR,195.7,0.676,0.8,0,0.8,1.5972255325726223,0.8,0,1,1.0,0.625
GRAVELEY ST,RENFREW ST,NOOTKA ST,POOR,794.7,0.204,0.8,0,0.8,90.28075031789086,0.5,0,1,1.0,0.479
DUMFRIES ST,41ST AV,39TH AV,POOR,1737.2,0.031,0.8,0,0.8,1.3165309900771263,0.8,0,1,1.0,0.527
KITCHENER ST,COTTON DRIVE,COMMERCIAL DRIVE,VERY GOOD,1224.8,0.086,0.1,0,0.1,90.69098263808246,0.5,0,1,1.0,0.337
DRUMMOND DR,BLANCA ST,2ND AV,VERY POOR,656.1,0.269,0.95,0,0.95,140.93043222675624,0.2,0,1,1.0,0.44
KITCHENER ST,LILLOOET ST,WINDERMERE ST,POOR,416.8,0.435,0.8,0,0.8,90.1291187951536,0.5,0,1,1.0,0.513
HUDSON ST,SOUTH END,76TH AV,GOOD,35.1,0.932,0.3,0,0.3,11.286622104003015,0.8,0,1,1.0,0.575
CYPRESS ST,MATTHEWS AV,HOSMER AV,GOOD,1435.9,0.057,0.3,0,0.3,3.369395735417811,0.8,0,1,1.0,0.443
LAUREL ST,19TH AV,18TH AV,GOOD,521.9,0.352,0.3,0,0.3,1.5453606214989577,0.8,0,1,1.0,0.488
KOOTENAY ST,CAMBRIDGE ST,ETON ST,FAIR,708.0,0.243,0.5,0,0.5,0.0682908348875344,0.8,0,1,1.0,0.506
GRANT ST,SEMLIN DRIVE,LAKEWOOD DRIVE,GOOD,1164.4,0.097,0.3,0,0.3,90.74580321254649,0.5,0,1,1.0,0.374
INVERNESS ST,48TH AV,WAVERLEY AV,FAIR,1907.2,0.022,0.5,0,0.5,1.3021971301715212,0.8,0,1,1.0,0.473
EUCLID AV,FAIRMONT ST,KILLARNEY ST,FAIR,609.7,0.295,0.5,0,0.5,121.75924243719828,0.5,0,1,1.0,0.439
INVERNESS ST,21ST AV,20TH AV,POOR,1260.0,0.08,0.8,0,0.8,1.4289246056551406,0.8,0,1,1.0,0.535
KILLARNEY ST,45TH AV,44TH AV,GOOD,884.7,0.17,0.3,0,0.3,0.2632738338464833,0.8,0,1,1.0,0.46
MACDONALD ST,BROADWAY,8TH AV,VERY GOOD,1890.7,0.023,0.1,0,0.1,349.4369330740321,0.8,0,1,1.0,0.403
JACKSON AV,CORDOVA ST,POWELL ST,VERY POOR,735.9,0.23,0.95,0,0.95,1.3368810426333084,0.8,0,1,1.0,0.584
GRANDVIEW HWY N,SEMLIN DRIVE,LAKEWOOD DRIVE,VERY GOOD,371.5,0.476,0.1,0,0.1,121.8257822419817,0.5,0,1,1.0,0.396
KASLO ST,ADANAC ST,GEORGIA ST,VERY POOR,488.1,0.377,0.95,0,0.95,0.062452444588075195,0.8,0,1,1.0,0.606
HEBB AV,RENFREW ST,NOOTKA ST,VERY GOOD,120.3,0.786,0.1,0,0.1,80.83515371521082,0.5,0,1,1.0,0.443
DISCOVERY ST,3RD AV,2ND AV,FAIR,310.4,0.538,0.5,0,0.5,359.4937500087697,0.8,0,1,1.0,0.551
GRIFFITHS WAY,PACIFIC BOULEVARD,EXPO BOULEVARD,VERY POOR,214.4,0.651,0.95,0,0.95,321.32809458080055,0.8,1,1,1.0,0.947
INVERNESS ST,57TH AV,55TH AV,VERY POOR,1076.9,0.116,0.95,0,0.95,357.78534716062467,0.8,0,1,1.0,0.567
KITCHENER ST,RENFREW ST,NOOTKA ST,POOR,781.6,0.209,0.8,0,0.8,90.19040094492743,0.5,0,1,1.0,0.479
MAIN ST,28TH AV,27TH AV,FAIR,762.5,0.218,0.5,0,0.5,2.105892487037579,0.8,0,1,1.0,0.503
HIGHBURY ST,37TH AV,36TH AV,VERY POOR,1322.0,0.071,0.95,0,0.95,0.37967080676247633,0.8,0,1,1.0,0.56
FLEMING ST,21ST AV,20TH AV,VERY GOOD,722.0,0.236,0.1,0,0.1,1.335111450092711,0.8,0,1,1.0,0.435
FREMLIN ST,60TH AV,59TH AV,VERY GOOD,1002.0,0.135,0.1,0,0.1,1.264580948109142,0.8,0,1,1.0,0.42
MANITOBA ST,71ST AV,70TH AV,POOR,240.6,0.618,0.8,0,0.8,1.8549559163852223,0.8,0,1,1.0,0.616
MAPLE ST,2ND AV,1ST AV,POOR,755.6,0.221,0.8,0,0.8,1.4710351593685687,0.8,0,1,1.0,0.556
HUDSON ST,33RD AV,MINTO CRESCENT,VERY POOR,93.0,0.83,0.95,0,0.95,351.2697260585961,0.8,0,1,1.0,0.674
KING EDWARD AV,TRAFALGAR ST,BRAKENRIDGE ST,VERY GOOD,2082.2,0.016,0.1,0,0.1,76.3706881697293,0.5,0,1,1.0,0.327
GRANT ST,RENFREW ST,NOOTKA ST,POOR,781.3,0.21,0.8,0,0.8,90.12769240973233,0.5,0,1,1.0,0.479
DUNBAR ST,49TH AV,48TH AV,VERY GOOD,385.7,0.462,0.1,0,0.1,0.7357445878496378,0.8,0,1,1.0,0.469
HEATHER ST,32ND AV,31ST AV,FAIR,411.6,0.439,0.5,0,0.5,1.2546846256484514,0.8,0,1,1.0,0.536
LARCH ST,14TH AV,13TH AV,GOOD,2013.7,0.018,0.3,0,0.3,1.5452811827462938,0.8,0,1,1.0,0.437
FRANKLIN ST,LAKEWOOD DRIVE,TEMPLETON DRIVE,VERY POOR,1287.0,0.076,0.95,0,0.95,90.0029663753898,0.5,0,1,1.0,0.486
KENT AV N,ST. GEORGE ST,FRASER ST,VERY POOR,243.6,0.614,0.95,0,0.95,82.72451191128681,0.5,0,1,1.0,0.567
DIEPPE DR,18TH AV,MALTA AV,VERY POOR,626.7,0.286,0.95,0,0.95,336.5104061190527,0.8,0,1,1.0,0.592
KASLO ST,YALE ST,WALL ST,VERY GOOD,611.6,0.294,0.1,0,0.1,0.288726460425039,0.8,0,1,1.0,0.444
GILFORD ST,SOUTHWEST END,ALBERNI ST,GOOD,123.4,0.781,0.3,0,0.3,44.71949300546106,0.8,0,1,1.0,0.552
GUELPH ST,7TH AV,6TH AV,POOR,717.9,0.238,0.8,0,0.8,0.683557486223151,0.8,0,1,1.0,0.559
MAIN ST,53RD AV,52ND AV,VERY POOR,438.6,0.416,0.95,0,0.95,1.2207190961653396,0.8,0,1,1.0,0.612
CROWLEY DR,JOYCE ST,GASTON ST,FAIR,787.5,0.207,0.5,0,0.5,122.76501645305382,0.5,0,1,1.0,0.426
MAIN ST,57TH AV,56TH AV,POOR,559.0,0.327,0.8,0,0.8,1.5433606348834132,0.8,0,1,1.0,0.572
KINGS AV,REID ST,RUPERT ST,FAIR,659.5,0.267,0.5,0,0.5,121.99715707578582,0.5,0,1,1.0,0.435
GARDEN DR,17TH AV,15TH AV,VERY GOOD,209.2,0.658,0.1,0,0.1,0.21809644351321822,0.8,0,1,1.0,0.498
MANITOBA ST,PEVERIL AV,26TH AV,FAIR,400.1,0.449,0.5,0,0.5,11.818419845774997,0.8,0,1,1.0,0.538
CULLODEN ST,55TH AV,54TH AV,VERY POOR,1213.7,0.088,0.95,0,0.95,1.5092382561807653,0.8,0,1,1.0,0.563
MALKIN AV,RAYMUR AV,GLEN DRIVE,VERY GOOD,431.4,0.422,0.1,0,0.1,93.87371474264648,0.5,0,1,1.0,0.388
EAST BLVD,49TH AV,48TH AV,VERY GOOD,895.3,0.167,0.1,0,0.1,339.1203334158764,0.8,0,1,1.0,0.424
JERVIS ST,BURNABY ST,DAVIE ST,POOR,343.8,0.503,0.8,0,0.8,44.801328019283346,0.8,0,1,1.0,0.599
LILLOOET ST,BROADWAY,8TH AV,GOOD,285.1,0.565,0.3,0,0.3,0.42901761009358097,0.8,0,1,1.0,0.52
FRASER ST,45TH AV,44TH AV,VERY POOR,1201.6,0.09,0.95,0,0.95,1.2505635529597612,0.8,0,1,1.0,0.563
DUNBAR ST,34TH AV,33RD AV,GOOD,1545.7,0.045,0.3,0,0.3,0.44893185199458685,0.8,0,1,1.0,0.441
KING EDWARD AV,ASH ST,CAMBIE ST,FAIR,479.2,0.384,0.5,0,0.5,91.61176501397938,0.5,0,1,1.0,0.453
KAMLOOPS ST,KITCHENER ST,CHARLES ST,GOOD,1188.0,0.093,0.3,0,0.3,1.0326064374382895,0.8,0,1,1.0,0.449
DUMFRIES ST,32ND AV,31ST AV,POOR,1513.1,0.048,0.8,0,0.8,1.223185363710229,0.8,0,1,1.0,0.53
EUCLID AV,MCHARDY ST,MCKINNON ST,VERY GOOD,899.7,0.165,0.1,0,0.1,121.52530950034327,0.5,0,1,1.0,0.349
HARO ST,THURLOW ST,SMITHE ST,VERY POOR,295.8,0.553,0.95,0,0.95,142.68623743978662,0.2,0,1,1.0,0.483
EAST BLVD,66TH AV,NORTH END,VERY POOR,613.9,0.293,0.95,0,0.95,343.8580882516232,0.8,0,1,1.0,0.593
KING EDWARD AV,PRINCE ALBERT ST,ST. CATHERINES ST,GOOD,1663.5,0.036,0.3,0,0.3,91.10313825367876,0.5,0,1,1.0,0.365
HEMLOCK ST,13TH AV,12TH AV,VERY GOOD,484.2,0.38,0.1,0,0.1,1.502921214522928,0.8,0,1,1.0,0.456
LAKEWOOD DR,7TH AV,6TH AV,FAIR,547.5,0.335,0.5,0,0.5,0.8358011747225191,0.8,0,1,1.0,0.52
MANITOBA ST,38TH AV,37TH AV,FAIR,221.8,0.642,0.5,0,0.5,2.2953250017137634,0.8,0,1,1.0,0.567
EDDINGTON DR,TOWNLEY ST,VALLEY DRIVE,VERY GOOD,1647.6,0.037,0.1,0,0.1,55.26263129754949,0.5,0,1,1.0,0.33
HIGHGATE ST,37TH AV,34TH AV,VERY GOOD,505.2,0.364,0.1,0,0.1,0.5248634776592098,0.8,0,1,1.0,0.454
KING EDWARD AV,QUESNEL DRIVE,PUGET DRIVE,VERY GOOD,2482.6,0.007,0.1,0,0.1,119.51863061669735,0.5,0,1,1.0,0.325
JERVIS ST,HARO ST,ROBSON ST,FAIR,431.4,0.422,0.5,0,0.5,44.773745569652476,0.8,0,1,1.0,0.533
GALT ST,BACK LANE,BALDWIN ST,GOOD,831.3,0.19,0.3,0,0.3,125.76628121942719,0.5,0,1,1.0,0.388
GLEN DR,PENDER ST,HASTINGS ST,VERY GOOD,682.3,0.255,0.1,0,0.1,0.7513607029850391,0.8,0,1,1.0,0.438
COURTENAY ST,15TH AV,14TH AV,VERY POOR,1209.5,0.089,0.95,0,0.95,1.5467149917753886,0.8,0,1,1.0,0.563
MATHESON CRES,RUMBLE AV,ARBOR AV,VERY GOOD,584.2,0.311,0.1,0,0.1,7.042832144948079,0.8,0,1,1.0,0.446
GRANT ST,MCLEAN DRIVE,WOODLAND DRIVE,FAIR,1047.6,0.123,0.5,0,0.5,94.4679559917497,0.5,0,1,1.0,0.413
DRUMMOND DR,4TH AV,2ND AV,VERY GOOD,521.5,0.352,0.1,0,0.1,339.43574264180023,0.8,0,1,1.0,0.452
HORNBY ST,DUNSMUIR ST,PENDER ST,FAIR,332.3,0.515,0.5,0,0.5,44.802506139103855,0.8,0,1,1.0,0.547
MAIN ST,63RD AV,62ND AV,POOR,695.7,0.249,0.8,0,0.8,1.6001823883743214,0.8,0,1,1.0,0.56
MALKIN AV,THORNTON ST,HAWKS AV,VERY POOR,57.1,0.892,0.95,0,0.95,103.7143690240955,0.5,0,1,1.0,0.609
MACKENZIE ST,18TH AV,16TH AV,GOOD,2167.2,0.013,0.3,0,0.3,352.81440706156127,0.8,0,1,1.0,0.437
GILFORD ST,ALBERNI ST,GEORGIA ST,POOR,77.5,0.856,0.8,0,0.8,52.97449864824131,0.5,0,1,1.0,0.577
DURWARD AV,FRASER ST,PRINCE ALBERT ST,FAIR,1130.7,0.104,0.5,0,0.5,90.81571349427213,0.5,0,1,1.0,0.411
COTTON DR,GRAVELEY ST,GRANT ST,VERY GOOD,1250.2,0.082,0.1,0,0.1,0.7700247742082524,0.8,0,1,1.0,0.412
CORDOVA ST,PRINCESS AV,HEATLEY AV,VERY POOR,707.9,0.243,0.95,0,0.95,91.68481242932899,0.5,0,1,1.0,0.511
EAST BLVD,61ST AV,60TH AV / ANGUS DRIVE,VERY GOOD,804.5,0.2,0.1,0,0.1,344.6733830782973,0.8,0,1,1.0,0.429
GLADSTONE ST,42ND AV,41ST AV,VERY POOR,980.0,0.141,0.95,0,0.95,357.8108794431483,0.8,0,1,1.0,0.57
LAURIER AV,MARGUERITE ST,ALEXANDRA ST,VERY POOR,1147.0,0.101,0.95,0,0.95,91.48421124897345,0.5,0,1,1.0,0.489
CROWN ST,39TH AV,38TH AV,POOR,1371.2,0.064,0.8,0,0.8,0.2424434427012443,0.8,0,1,1.0,0.532
MAIN ST,16TH AV,15TH AV,VERY POOR,1368.3,0.065,0.95,0,0.95,1.5888200375026713,0.8,0,1,1.0,0.559
GALT ST,GLADSTONE ST,BACK LANE,VERY POOR,956.1,0.148,0.95,0,0.95,126.41472243129118,0.5,0,1,1.0,0.497
COURTENAY ST,9TH AV,8TH AV,NO DATA,655.5,0.27,0.5,1,0.4,354.1426522554901,0.8,0,1,1.0,0.493
MAIN ST,46TH AV,45TH AV,FAIR,471.0,0.39,0.5,0,0.5,359.82226808512974,0.8,0,1,1.0,0.529
KASLO ST,PANDORA ST,TRIUMPH ST,POOR,372.4,0.475,0.8,0,0.8,0.0484462662424221,0.8,0,1,1.0,0.594
MARGUERITE ST,32ND AV,29TH AV,VERY POOR,605.5,0.298,0.95,0,0.95,355.6555077118132,0.8,0,1,1.0,0.594
HUDSON ST,38TH AV,37TH AV,FAIR,155.0,0.733,0.5,0,0.5,1.4234127784162638,0.8,0,1,1.0,0.58
HEATHER ST,KENT AV NORTH,SW MARINE DRIVE,FAIR,240.0,0.619,0.5,0,0.5,327.40834027835257,0.8,0,1,1.0,0.563
FRASER ST,11TH AV,10TH AV,FAIR,1308.8,0.073,0.5,0,0.5,0.6523833053176986,0.8,0,1,1.0,0.481
MAPLE ST,11TH AV,10TH AV,VERY GOOD,1163.6,0.098,0.1,0,0.1,1.5393676367918943,0.8,0,1,1.0,0.414
INVERNESS ST,39TH AV,37TH AV,GOOD,1916.8,0.022,0.3,0,0.3,1.1857824759902655,0.8,0,1,1.0,0.438
LATTA ST,46TH AV,45TH AV,VERY POOR,1509.8,0.049,0.95,0,0.95,1.8565897320740987,0.8,0,1,1.0,0.557
KING EDWARD AV,MARGUERITE ST,ALEXANDRA ST,VERY GOOD,1000.8,0.135,0.1,0,0.1,91.47258340512371,0.5,0,1,1.0,0.345
JOHN ST,29TH AV,28TH AV,GOOD,824.6,0.192,0.3,0,0.3,1.6824518261379353,0.8,0,1,1.0,0.464
GATINEAU PL,SOUTH END,LYNBROOK DRIVE,VERY GOOD,394.7,0.454,0.1,0,0.1,18.84397186409143,0.8,0,1,1.0,0.468
LABURNUM ST,39TH AV,37TH AV,VERY POOR,969.3,0.144,0.95,0,0.95,1.4654542195131626,0.8,0,1,1.0,0.571
GLEN DR,15TH AV,14TH AV,POOR,1311.1,0.073,0.8,0,0.8,0.8289951063878789,0.8,0,1,1.0,0.534
DUNBAR ST,41ST AV,40TH AV,GOOD,849.2,0.183,0.3,0,0.3,0.8690538415486913,0.8,0,1,1.0,0.462
CULLODEN ST,SOUTH END,36TH AV,VERY GOOD,1943.4,0.021,0.1,0,0.1,1.0917106077297376,0.8,0,1,1.0,0.402
HEATHER ST,64TH AV,63RD AV,VERY POOR,627.8,0.285,0.95,0,0.95,1.4003704946878202,0.8,0,1,1.0,0.592
FRASER ST,28TH AV,27TH AV,VERY GOOD,1323.8,0.071,0.1,0,0.1,0.8420786247515935,0.8,0,1,1.0,0.41
HIGHBURY ST,SOUTH END,SW MARINE DRIVE,POOR,651.1,0.272,0.8,0,0.8,359.954849273693,0.8,0,1,1.0,0.564
MAPLE ST,29TH AV,28TH AV,FAIR,1255.1,0.081,0.5,0,0.5,358.4352819530634,0.8,0,1,1.0,0.482
FIR ST,7TH AV,6TH AV,FAIR,463.5,0.396,0.5,0,0.5,1.5043515230096318,0.8,0,1,1.0,0.529
KENT AV N,KERR ST,KINROSS ST,VERY GOOD,167.2,0.716,0.1,0,0.1,100.61781907889008,0.5,0,1,1.0,0.432
FRASER ST,35TH AV,33RD AV,GOOD,1113.9,0.108,0.3,0,0.3,1.066562870955181,0.8,0,1,1.0,0.451
MAIN ST,56TH AV,55TH AV,POOR,575.9,0.316,0.8,0,0.8,1.4743295098755311,0.8,0,1,1.0,0.57
KENT AV S,FRASER ST,CHESTER ST,VERY POOR,163.7,0.721,0.95,0,0.95,82.66309501711953,0.5,0,1,1.0,0.583
MALKIN BOWL LANE,STANLEY PARK BUS LOOP,PIPELINE ROAD,VERY POOR,59.8,0.887,0.95,0,0.95,308.2351284682411,0.5,0,1,1.0,0.608
FRASER ST,27TH AV,26TH AV,VERY GOOD,1387.9,0.062,0.1,0,0.1,1.0842758173263292,0.8,0,1,1.0,0.409
DUMFRIES ST,27TH AV,26TH AV,FAIR,1090.2,0.113,0.5,0,0.5,1.3926437046000615,0.8,0,1,1.0,0.487
GRANDVIEW HWY N,WOODLAND DRIVE,COMMERCIAL DRIVE,FAIR,862.9,0.178,0.5,0,0.5,117.3087102745979,0.5,0,1,1.0,0.422
HORNBY ST,DRAKE ST,DAVIE ST,GOOD,304.1,0.544,0.3,0,0.3,44.78105087937939,0.8,0,1,1.0,0.517
HAMILTON ST,SMITHE ST,ROBSON ST,POOR,46.6,0.911,0.8,0,0.8,43.22735094886741,0.8,0,1,1.0,0.66
LILLOOET ST,5TH AV,4TH AV,FAIR,682.2,0.256,0.5,0,0.5,0.5154536716278244,0.8,0,1,1.0,0.508
FRANKLIN ST,NANAIMO ST,KAMLOOPS ST,VERY GOOD,911.6,0.162,0.1,0,0.1,90.15994707556933,0.5,0,1,1.0,0.349
LAKEWOOD DR,VENABLES ST,ADANAC ST,VERY GOOD,1496.1,0.05,0.1,0,0.1,0.216864791020555,0.8,0,1,1.0,0.407
EDDINGTON DR,VALLEY DRIVE,YEW ST,GOOD,1501.1,0.05,0.3,0,0.3,82.58150699775899,0.5,0,1,1.0,0.367
LAUREL ST,21ST AV,20TH AV,POOR,718.5,0.238,0.8,0,0.8,1.7105961714923978,0.8,0,1,1.0,0.559
MAIN ST,11TH AV,10TH AV,POOR,868.1,0.176,0.8,0,0.8,1.6791711654009873,0.8,0,1,1.0,0.549
FRANCES ST,MCLEAN DRIVE,WOODLAND DRIVE,NO DATA,1072.5,0.117,0.5,1,0.4,91.55798729530056,0.5,0,1,1.0,0.395
KERR ST,46TH AV,45TH AV,GOOD,1165.1,0.097,0.3,0,0.3,2.1245400842202002,0.8,0,1,1.0,0.449
MARINASIDE CRES,MID BLOCK,PACIFIC BOULEVARD,VERY GOOD,202.2,0.667,0.1,0,0.1,47.99160181341131,0.5,1,1,1.0,0.725
DUNBAR ST,26TH AV,KING EDWARD AV,VERY GOOD,2317.3,0.01,0.1,0,0.1,0.5122939060059934,0.8,0,1,1.0,0.401
FIR ST,12TH AV,11TH AV,VERY GOOD,701.4,0.246,0.1,0,0.1,1.5160500656717204,0.8,0,1,1.0,0.436
MALTA AV,HAIDA DRIVE,MALTA PLACE,GOOD,697.0,0.248,0.3,0,0.3,45.12137902368403,0.5,0,1,1.0,0.397
EARLES ST,43RD AV,42ND AV,VERY GOOD,628.2,0.285,0.1,0,0.1,0.7122763717954967,0.8,0,1,1.0,0.442
ELMHURST DR,55TH AV,54TH AV,GOOD,605.1,0.298,0.3,0,0.3,0.1054245601887942,0.8,0,1,1.0,0.479
MACDONALD ST,24TH AV,23RD AV,POOR,2551.3,0.006,0.8,0,0.8,0.7111675127762851,0.8,0,1,1.0,0.524
HORLEY ST,KILLARNEY ST,MANOR ST,FAIR,501.5,0.367,0.5,0,0.5,121.5183033368869,0.5,0,1,1.0,0.45
HULL ST,VICTORIA DRIVE,20TH AV,POOR,244.3,0.613,0.8,0,0.8,38.947850124442255,0.8,0,1,1.0,0.615
TURNER ST,WEST END,LILLOOET ST,GOOD,282.8,0.568,0.3,0,0.3,90.13859714378435,0.5,0,1,1.0,0.445
ODLUM DR,GRANT ST,KITCHENER ST,POOR,919.5,0.159,0.8,0,0.8,0.9463665202054017,0.8,0,1,1.0,0.547
RADISSON ST,HURST AV,MEARES AV,GOOD,1028.5,0.128,0.3,0,0.3,0.10911576799213663,0.8,0,1,1.0,0.454
SCOTIA ST,BROADWAY,8TH AV,GOOD,715.7,0.239,0.3,0,0.3,1.6534671207956535,0.8,0,1,1.0,0.471
RHODES ST,41ST AV,40TH AV,POOR,410.4,0.44,0.8,0,0.8,358.6858391810389,0.8,0,1,1.0,0.589
PRINCE ALBERT ST,47TH AV,45TH AV,POOR,1344.1,0.068,0.8,0,0.8,0.9889635224061522,0.8,0,1,1.0,0.533
QUEBEC ST,20TH AV,19TH AV,GOOD,1154.3,0.099,0.3,0,0.3,1.6422566333165491,0.8,0,1,1.0,0.45
TRUTCH ST,18TH AV,16TH AV,FAIR,1856.8,0.024,0.5,0,0.5,344.58293728096885,0.8,0,1,1.0,0.474
PENDER ST,THURLOW ST,BURRARD ST,GOOD,182.9,0.694,0.3,0,0.3,118.98605053676795,0.5,0,1,1.0,0.464
TRAFALGAR ST,38TH AV,37TH AV,VERY POOR,1478.7,0.052,0.95,0,0.95,1.4549303642496056,0.8,0,1,1.0,0.557
MONTGOMERY ST,46TH AV,45TH AV,VERY GOOD,945.1,0.151,0.1,0,0.1,1.407514964340976,0.8,0,1,1.0,0.422
MCHARDY ST,AUSTREY AV,VANNESS AV,VERY GOOD,659.4,0.267,0.1,0,0.1,32.268300075327375,0.8,0,1,1.0,0.44
PENDRELL ST,BIDWELL ST,CARDERO ST,GOOD,681.4,0.256,0.3,0,0.3,133.3769147248584,0.5,0,1,1.0,0.398
PRINCE ALBERT ST,60TH AV,59TH AV,VERY GOOD,938.5,0.153,0.1,0,0.1,1.0670667205117184,0.8,0,1,1.0,0.422
MCHARDY ST,LANE,QUEENS AV,VERY GOOD,534.0,0.344,0.1,0,0.1,32.03312520305798,0.8,0,1,1.0,0.451
PRINCE EDWARD ST,6TH AV,2ND AV / 5TH AV,VERY GOOD,612.3,0.294,0.1,0,0.1,7.409126587566732,0.8,0,1,1.0,0.444
SELKIRK ST,71ST AV,70TH AV,FAIR,720.9,0.237,0.5,0,0.5,1.4865636252484364,0.8,0,1,1.0,0.505
MATTHEWS AV,SELKIRK ST,OSLER ST,GOOD,883.2,0.171,0.3,0,0.3,76.0581004935442,0.5,0,1,1.0,0.385
PRINCE EDWARD ST,36TH AV,35TH AV,POOR,634.1,0.281,0.8,0,0.8,1.5989551194547857,0.8,0,1,1.0,0.565
TOLMIE ST,BELMONT AV,NW MARINE DRIVE,FAIR,789.7,0.206,0.5,0,0.5,1.5104148598470033,0.8,0,1,1.0,0.501
NAPIER ST,SLOCAN ST,KASLO ST,VERY POOR,798.9,0.202,0.95,0,0.95,90.14649608352909,0.5,0,1,1.0,0.505
RUPERT ST,NAPIER ST,PARKER ST,VERY POOR,362.8,0.484,0.95,0,0.95,0.6421521367399237,0.8,0,1,1.0,0.622
ONTARIO ST,21ST AV,20TH AV,FAIR,993.3,0.137,0.5,0,0.5,1.764877768529118,0.8,0,1,1.0,0.491
NOOTKA ST,17TH AV,16TH AV,POOR,325.5,0.521,0.8,0,0.8,0.3637886478617247,0.8,0,1,1.0,0.601
SKEENA ST,29TH AV,28TH AV,FAIR,49.5,0.906,0.5,0,0.5,0.11859089819370183,0.8,0,1,1.0,0.606
SOPHIA ST,40TH AV,39TH AV,FAIR,610.8,0.295,0.5,0,0.5,4.311398752478112,0.8,0,1,1.0,0.514
ROSS ST,28TH AV,27TH AV,FAIR,1639.1,0.038,0.5,0,0.5,1.2555930815661327,0.8,0,1,1.0,0.476
ROBSON ST,SEYMOUR ST,RICHARDS ST,VERY POOR,213.1,0.653,0.95,0,0.95,134.79038891690857,0.5,0,1,1.0,0.573
SELKIRK ST,54TH AV,52ND AV,POOR,1579.3,0.042,0.8,0,0.8,1.3531075580972924,0.8,0,1,1.0,0.529
SKEENA ST,27TH AV,26TH AV,VERY POOR,216.3,0.649,0.95,0,0.95,0.18846846928124705,0.8,0,1,1.0,0.647
PETERSHAM AV,ARLINGTON ST,KINGS LYNN ST,VERY GOOD,1662.8,0.036,0.1,0,0.1,89.47184954838485,0.5,0,1,1.0,0.33
SASAMAT ST,SOUTH END,2ND AV,FAIR,755.7,0.221,0.5,0,0.5,1.536141084168321,0.8,0,1,1.0,0.503
OGDEN AV,CYPRESS ST,CHESTNUT ST,FAIR,67.5,0.874,0.5,0,0.5,93.07697751542867,0.5,0,1,1.0,0.527
ROSS ST,43RD AV,41ST AV,VERY GOOD,1816.1,0.026,0.1,0,0.1,1.3507233594336867,0.8,0,1,1.0,0.403
NORQUAY ST,GOTHARD ST,SLOCAN ST,FAIR,539.7,0.34,0.5,0,0.5,122.98882352111087,0.5,0,1,1.0,0.446
ROBSON ST,HAMILTON ST,CAMBIE ST,VERY POOR,45.6,0.913,0.95,0,0.95,134.97551927897024,0.5,0,1,1.0,0.612
TEMPLETON DR,DUNDAS ST,OXFORD ST,VERY POOR,1333.1,0.07,0.95,0,0.95,0.7391418155203837,0.8,0,1,1.0,0.56
PENDER ST,NANAIMO ST,KAMLOOPS ST,FAIR,919.4,0.159,0.5,0,0.5,90.15414129769567,0.5,0,1,1.0,0.419
RENFREW ST,FRANKLIN ST,PANDORA ST,FAIR,157.1,0.73,0.5,0,0.5,0.08917721047924942,0.8,0,1,1.0,0.58
TURNER ST,CASSIAR ST,SKEENA ST,VERY POOR,620.6,0.289,0.95,0,0.95,90.05935077093403,0.5,0,1,1.0,0.518
RICHELIEU AV,16TH AV,OAK ST,POOR,535.5,0.343,0.8,0,0.8,115.5204790056427,0.5,0,1,1.0,0.499
SEMLIN DR,HASTINGS ST,FRANKLIN ST,VERY GOOD,1566.9,0.044,0.1,0,0.1,358.4435194051979,0.8,0,1,1.0,0.406
QUESNEL DR,24TH AV,23RD AV,VERY GOOD,2464.6,0.007,0.1,0,0.1,321.53344386205714,0.8,0,1,1.0,0.4
PARKER ST,ROSSLAND ST,RENFREW ST,VERY GOOD,688.7,0.252,0.1,0,0.1,90.11589730507222,0.5,0,1,1.0,0.362
SASAMAT ST,11TH AV,10TH AV,NO DATA,1120.4,0.106,0.5,1,0.4,1.4795218847162346,0.8,0,1,1.0,0.468
STEPHENS ST,5TH AV,4TH AV,POOR,1804.1,0.027,0.8,0,0.8,1.4162160584306207,0.8,0,1,1.0,0.527
RENFREW ST,12TH AV / HEBB AV,10TH AV,FAIR,267.2,0.586,0.5,0,0.5,0.011459162219750851,0.8,0,1,1.0,0.558
STANLEY PARK DR,RAVINE TRAIL,PIPELINE ROAD,VERY GOOD,276.1,0.576,0.1,0,0.1,337.20350682531557,0.8,0,1,1.0,0.486
SASAMAT ST,NW MARINE DRIVE,NORTH END,NO DATA,823.9,0.192,0.5,1,0.4,1.5326550222537207,0.8,0,1,1.0,0.481
MILTON ST,75TH AV,SW MARINE DRIVE,VERY POOR,148.8,0.743,0.95,0,0.95,25.629002311577608,0.8,0,1,1.0,0.661
POINT GREY RD,ALMA ST,DUNBAR ST,VERY GOOD,592.8,0.306,0.1,0,0.1,95.53664448223617,0.5,0,1,1.0,0.37
ST CATHERINES ST,30TH AV,29TH AV,GOOD,1501.8,0.05,0.3,0,0.3,1.0972060671579698,0.8,0,1,1.0,0.442
SLOCAN ST,BROADWAY,8TH AV,VERY GOOD,420.1,0.432,0.1,0,0.1,0.4210202121600446,0.8,0,1,1.0,0.464
SOPHIA ST,12TH AV,KINGSWAY,VERY GOOD,958.9,0.147,0.1,0,0.1,2.976902583062383,0.8,0,1,1.0,0.421
PINE CRES,36TH AV,35TH AV,GOOD,722.2,0.236,0.3,0,0.3,1.4777564301173243,0.8,0,1,1.0,0.47
NANAIMO ST,GRANT ST,KITCHENER ST,VERY POOR,1086.0,0.114,0.95,0,0.95,0.1104599396723529,0.8,0,1,1.0,0.566
RICHARDS ST,HASTINGS ST,PENDER ST,POOR,365.9,0.481,0.8,0,0.8,224.7832485532996,0.2,0,1,1.0,0.445
NANAIMO ST,5TH AV,4TH AV,VERY POOR,464.0,0.395,0.95,0,0.95,0.04075578530017765,0.8,0,1,1.0,0.609
ONTARIO ST,49TH AV,48TH AV,VERY GOOD,28.9,0.944,0.1,0,0.1,1.6091923966613422,0.8,0,1,1.0,0.542
MCKINNON ST,51ST AV,50TH AV,VERY GOOD,1195.9,0.091,0.1,0,0.1,1.976838321327648,0.8,0,1,1.0,0.413
NIGEL AV,28TH AV / YUKON ST,DINMONT AV,POOR,175.3,0.704,0.8,0,0.8,112.09346412592464,0.5,0,1,1.0,0.554
TANNER ST,29TH AV,MCHARDY ST,POOR,103.5,0.813,0.8,0,0.8,138.29442488699794,0.2,0,1,1.0,0.495
SLOCAN ST,GEORGIA ST,TURNER ST,GOOD,589.7,0.307,0.3,0,0.3,359.8377256933856,0.8,0,1,1.0,0.481
MOBERLY RD,MARKET HILL,COMMODORE ROAD,FAIR,190.4,0.683,0.5,0,0.5,70.37842767948496,0.5,0,1,1.0,0.498
ST REGIS LANE 1,ST. REGIS LANE,SEYMOUR ST,NO DATA,337.9,0.509,0.5,1,0.4,134.75592083751212,0.5,0,1,1.0,0.454
PARKER ST,LAKEWOOD DRIVE,TEMPLETON DRIVE,FAIR,1441.9,0.056,0.5,0,0.5,90.73815810340614,0.5,0,1,1.0,0.403
SCOTIA ST,5TH AV,4TH AV,VERY GOOD,362.2,0.485,0.1,0,0.1,1.6739889534133567,0.8,0,1,1.0,0.472
TOLMIE ST,7TH AV,6TH AV,VERY POOR,1074.7,0.117,0.95,0,0.95,1.5445778204967269,0.8,0,1,1.0,0.567
MCLEAN DR,4TH AV,3RD AV,GOOD,1218.5,0.087,0.3,0,0.3,0.8250912368350214,0.8,0,1,1.0,0.448
STATION ST,NATIONAL AV,STATION ST 1,VERY GOOD,534.4,0.343,0.1,0,0.1,328.15419477119343,0.8,0,1,1.0,0.451
ROSS ST,54TH AV,53RD AV,POOR,1386.0,0.063,0.8,0,0.8,1.4599183478377995,0.8,0,1,1.0,0.532
MCLEAN DR,3RD AV,2ND AV,VERY GOOD,1152.4,0.1,0.1,0,0.1,0.8317269755331722,0.8,0,1,1.0,0.414
PUGET DR,20TH AV,19TH AV,POOR,2050.7,0.017,0.8,0,0.8,333.4541779059661,0.8,0,1,1.0,0.525
ST GEORGE ST,57TH AV,56TH AV,VERY GOOD,1069.4,0.118,0.1,0,0.1,1.3631802783402804,0.8,0,1,1.0,0.417
NORMANDY DR,WORTHINGTON DRIVE,DIEPPE DRIVE,FAIR,828.5,0.191,0.5,0,0.5,90.11323213890864,0.5,0,1,1.0,0.424
PANDORA ST,NANAIMO ST,KAMLOOPS ST,FAIR,924.0,0.158,0.5,0,0.5,90.17545422290459,0.5,0,1,1.0,0.419
PARKER ST,HAZELTON ST,WINDERMERE ST,POOR,538.3,0.341,0.8,0,0.8,90.02814966306335,0.5,0,1,1.0,0.499
ST CATHERINES ST,14TH AV,13TH AV,FAIR,1598.1,0.041,0.5,0,0.5,0.8158643130282712,0.8,0,1,1.0,0.476
NAPIER ST,PENTICTON ST,SLOCAN ST,POOR,893.8,0.167,0.8,0,0.8,90.04067703989949,0.5,0,1,1.0,0.473
MATTHEWS AV,OSLER ST,WOLFE AV,FAIR,816.7,0.195,0.5,0,0.5,112.4963146002541,0.5,0,1,1.0,0.424
SLOCAN ST,28TH AV,27TH AV,POOR,872.5,0.175,0.8,0,0.8,0.05093695652800534,0.8,0,1,1.0,0.549
MILLER ST,KINGSWAY,NORTH END,GOOD,748.2,0.224,0.3,0,0.3,3.769089754911249,0.8,0,1,1.0,0.468
TRUTCH ST,1ST AV,POINT GREY ROAD,NO DATA,1274.6,0.078,0.5,1,0.4,1.4920619458225701,0.8,0,1,1.0,0.464
NOOTKA ST,27TH AV,26TH AV,FAIR,916.6,0.16,0.5,0,0.5,0.3179843806761937,0.8,0,1,1.0,0.494
TRINITY ST,KOOTENAY ST,BOUNDARY ROAD,GOOD,654.8,0.27,0.3,0,0.3,90.01497424301596,0.5,0,1,1.0,0.4
RAYMUR AV,LANE,POWELL ST,NO DATA,857.0,0.18,0.5,1,0.4,1.7232027252087505,0.8,0,1,1.0,0.479
SLOCAN ST,TURNER ST,PENDER ST,FAIR,544.8,0.336,0.5,0,0.5,0.0888995438145912,0.8,0,1,1.0,0.521
SASAMAT ST,16TH AV,15TH AV,VERY POOR,1527.6,0.047,0.95,0,0.95,1.4775226146858813,0.8,0,1,1.0,0.556
THURLOW ST,HARWOOD ST,PACIFIC ST,GOOD,401.3,0.448,0.3,0,0.3,224.75507092128322,0.2,0,1,1.0,0.352
NANTON AV,MAPLE CRESCENT,CYPRESS ST,VERY GOOD,1170.1,0.096,0.1,0,0.1,91.49066732398086,0.5,0,1,1.0,0.339
PENTICTON ST,29TH AV,28TH AV,GOOD,783.8,0.209,0.3,0,0.3,359.9904091535646,0.8,0,1,1.0,0.466
NEW BRIGHTON PARK,NEW BRIGHTON ROAD,DEAD END,NO DATA,24.5,0.952,0.5,1,0.4,270.63835772581643,0.5,0,1,1.0,0.521
NICOLA ST,BURNABY ST,DAVIE ST,GOOD,584.3,0.311,0.3,0,0.3,44.77238355865086,0.8,0,1,1.0,0.481
PENTICTON ST,GRAVELEY ST,GRANT ST,VERY POOR,1009.1,0.133,0.95,0,0.95,0.6420088747213413,0.8,0,1,1.0,0.569
TRAFALGAR ST,CORNWALL AV / POINT GREY ROAD,POINT GREY ROAD,POOR,1437.9,0.056,0.8,0,0.8,1.4289687748491815,0.8,0,1,1.0,0.531
SLOCAN ST,26TH AV,25TH AV,POOR,1056.0,0.121,0.8,0,0.8,0.22812715439943076,0.8,0,1,1.0,0.541
SKEENA ST,WILLIAM ST,NORTH END,GOOD,90.7,0.834,0.3,0,0.3,359.92886095075585,0.8,0,1,1.0,0.56
STAINSBURY AV,VICTORIA DRIVE,GLENGYLE ST,VERY GOOD,387.7,0.461,0.1,0,0.1,112.92343930278844,0.5,0,1,1.0,0.394
PENTICTON ST,DUNDAS ST,OXFORD ST,GOOD,804.2,0.2,0.3,0,0.3,0.05672291618981262,0.8,0,1,1.0,0.465
SENLAC ST,SCHOOL AV,KINGSWAY,VERY GOOD,1304.8,0.074,0.1,0,0.1,33.045459047056966,0.8,0,1,1.0,0.41
PRINCE EDWARD ST,38TH AV,37TH AV,POOR,663.7,0.265,0.8,0,0.8,1.474618019358843,0.8,0,1,1.0,0.563
SELKIRK ST,29TH AV,NANTON AV,FAIR,510.0,0.361,0.5,0,0.5,1.4863646959050243,0.8,0,1,1.0,0.524
PRINCE EDWARD ST,61ST AV,59TH AV,GOOD,868.6,0.176,0.3,0,0.3,1.2310050709296547,0.8,0,1,1.0,0.461
ROSEMONT DR,RUPERT ST,KERR ST,GOOD,346.1,0.5,0.3,0,0.3,110.80898587559352,0.5,0,1,1.0,0.435
SKEENA ST,DUNDAS ST,OXFORD ST,GOOD,664.9,0.265,0.3,0,0.3,0.08491185924532374,0.8,0,1,1.0,0.474
MCLEAN DR,CHARLES ST,WILLIAM ST,GOOD,968.6,0.144,0.3,0,0.3,0.2442204931012384,0.8,0,1,1.0,0.456
TRINITY ST,RENFREW ST,WALL ST,FAIR,297.4,0.552,0.5,0,0.5,90.139700931753,0.5,0,1,1.0,0.478
SEMLIN DR,SOUTH END,12TH AV,FAIR,119.3,0.788,0.5,0,0.5,0.7871619603931777,0.8,0,1,1.0,0.589
TRAFALGAR ST,ALAMEIN AV,24TH AV,VERY GOOD,2343.3,0.009,0.1,0,0.1,1.5106040186649352,0.8,0,1,1.0,0.401
ST MARGARETS ST,37TH AV,34TH AV,VERY GOOD,424.7,0.428,0.1,0,0.1,0.5064048467888824,0.8,0,1,1.0,0.464
PRIOR ST,GORE AV,DUNLEVY AV,VERY POOR,493.3,0.373,0.95,0,0.95,94.78165611684733,0.5,0,1,1.0,0.53
ROSS ST,38TH AV,37TH AV,VERY POOR,1715.7,0.032,0.95,0,0.95,0.43327080560902687,0.8,0,1,1.0,0.554
PARKER ST,KASLO ST,ROSSLAND ST,VERY GOOD,718.1,0.238,0.1,0,0.1,90.11541835152389,0.5,0,1,1.0,0.36
RUPERT ST,24TH AV,23RD AV,FAIR,590.7,0.307,0.5,0,0.5,0.20539643216386594,0.8,0,1,1.0,0.516
MCKINNON ST,COLERIDGE AV,WAVERLEY AV,VERY POOR,1463.9,0.054,0.95,0,0.95,1.950649281014023,0.8,0,1,1.0,0.557
PEVERIL AV,28TH AV,ONTARIO ST,VERY POOR,408.1,0.442,0.95,0,0.95,137.50334262202028,0.2,0,1,1.0,0.466
PARKER ST,RUPERT ST,EAST END,POOR,385.9,0.462,0.8,0,0.8,90.23266545103877,0.5,0,1,1.0,0.517
SIDNEY ST,29TH AV,28TH AV,GOOD,949.9,0.15,0.3,0,0.3,1.2384709638020581,0.8,0,1,1.0,0.457
TODD ST,EUCLID AV,VANNESS AV,FAIR,537.6,0.341,0.5,0,0.5,32.311207629653836,0.8,0,1,1.0,0.521
SALSBURY DR,GRANT ST,KITCHENER ST,GOOD,1390.4,0.062,0.3,0,0.3,0.6958602640830236,0.8,0,1,1.0,0.444
ORMIDALE ST,FOSTER AV,VANNESS AV,VERY GOOD,1081.9,0.115,0.1,0,0.1,6.04274491263601,0.8,0,1,1.0,0.417
NEWPORT AV,STIRLING ST,NANAIMO ST,VERY POOR,810.2,0.198,0.95,0,0.95,90.66592205565314,0.5,0,1,1.0,0.504
SLOCAN ST,WILLIAM ST,NAPIER ST,FAIR,893.9,0.167,0.5,0,0.5,0.6788217589115106,0.8,0,1,1.0,0.495
MUSQUEAM DR,YUCULTA CRESCENT,MUSQUEAM CLOSE,FAIR,673.7,0.26,0.5,0,0.5,122.69654585077319,0.5,0,1,1.0,0.434
QUEBEC ST,17TH AV,16TH AV,FAIR,1307.8,0.073,0.5,0,0.5,1.6677081963447904,0.8,0,1,1.0,0.481
PINE ST,14TH AV,13TH AV,FAIR,952.7,0.149,0.5,0,0.5,1.5051379295506422,0.8,0,1,1.0,0.492
ST CATHERINES ST,11TH AV,10TH AV,VERY POOR,1524.5,0.047,0.95,0,0.95,0.8522562322336285,0.8,0,1,1.0,0.556
ONTARIO ST,2ND AV,1ST AV,VERY POOR,108.3,0.805,0.95,0,0.95,1.6108441782566274,0.8,0,1,1.0,0.671
RUPERT ST,28TH AV,27TH AV,POOR,344.3,0.502,0.8,0,0.8,0.38663223763046517,0.8,0,1,1.0,0.598
PORTER ST,SOUTH END,VICTORIA DIVERSION,VERY GOOD,347.1,0.499,0.1,0,0.1,17.209519549698996,0.8,0,1,1.0,0.475
PENDER ST,BUTE ST,THURLOW ST,GOOD,165.9,0.718,0.3,0,0.3,114.27671407118339,0.5,0,1,1.0,0.468
STEPHENS ST,10TH AV,BROADWAY,VERY GOOD,2056.1,0.016,0.1,0,0.1,349.8397313558518,0.8,0,1,1.0,0.402
QUEBEC ST,7TH AV,6TH AV,GOOD,476.7,0.385,0.3,0,0.3,1.653006943188359,0.8,0,1,1.0,0.493
TISDALL ST,48TH AV,46TH AV,VERY GOOD,877.2,0.173,0.1,0,0.1,1.3937312965787783,0.8,0,1,1.0,0.425
SKEENA ST,CORNETT ROAD,NORTH END,GOOD,10.2,0.98,0.3,0,0.3,0.2940937176032321,0.8,0,1,1.0,0.582
STAINSBURY AV,BEATRICE ST,VICTORIA DRIVE,GOOD,392.7,0.456,0.3,0,0.3,117.04081089070303,0.5,0,1,1.0,0.428
PRINCE ALBERT ST,29TH AV,28TH AV,POOR,1429.5,0.057,0.8,0,0.8,1.0612070406533007,0.8,0,1,1.0,0.531
TRAFALGAR ST,19TH AV,18TH AV,VERY POOR,2420.6,0.008,0.95,0,0.95,1.5114232899597937,0.8,0,1,1.0,0.55
MCSPADDEN AV,COMMERCIAL DRIVE,EAST END,GOOD,995.7,0.136,0.3,0,0.3,90.73430880257143,0.5,0,1,1.0,0.38
TANNER ST,MCHARDY ST,JOYCE ST,VERY POOR,90.4,0.835,0.95,0,0.95,121.58847677740357,0.5,0,1,1.0,0.6
POWELL ST,ALEXANDER ST / CARRALL ST,COLUMBIA ST,VERY POOR,388.3,0.46,0.95,0,0.95,95.85304125177987,0.5,0,1,1.0,0.544
PACIFIC ST,HORNBY ST,HOWE ST,FAIR,628.9,0.284,0.5,0,0.5,135.2315962983244,0.2,0,1,1.0,0.363
OSLER ST,LAURIER AV,BALFOUR AV,POOR,1018.2,0.13,0.8,0,0.8,357.26045434194805,0.8,0,1,1.0,0.542
SEMLIN DR,7TH AV,6TH AV,VERY POOR,673.1,0.26,0.95,0,0.95,0.7925964647547517,0.8,0,1,1.0,0.588
PRIOR ST,HAWKS AV,CAMPBELL AV / VENABLES ST,POOR,114.6,0.795,0.8,0,0.8,91.66100172180364,0.5,0,1,1.0,0.568
OLD BRIDGE CRT,LAMEYS MILL ROAD,NORTHEAST END,NO DATA,102.7,0.814,0.5,1,0.4,60.71873763673182,0.5,0,1,1.0,0.5
NANAIMO ST,BROADWAY,8TH AV,VERY POOR,98.9,0.82,0.95,0,0.95,0.11409330834129605,0.8,0,1,1.0,0.673
SENNOK CRES,SALISH DRIVE,START LOOP (R),VERY POOR,1333.8,0.069,0.95,0,0.95,202.97202640023045,0.2,0,1,1.0,0.41
THURLOW ST,CANADA PLACE,CORDOVA ST,NO DATA,60.7,0.886,0.5,1,0.4,230.38548598779334,0.5,0,1,1.0,0.511
SLOCAN ST,27TH AV,26TH AV,POOR,963.2,0.146,0.8,0,0.8,0.16517121333805562,0.8,0,1,1.0,0.545
SPRUCE ST,15TH AV,14TH AV,VERY POOR,495.6,0.371,0.95,0,0.95,1.4997989910713727,0.8,0,1,1.0,0.605
OAK ST,SOUTH END,KENT AV SOUTH,VERY POOR,8.4,0.983,0.95,0,0.95,1.4440911503237999,0.8,0,1,1.0,0.697
NORQUAY ST,CLARENDON ST,GOTHARD ST,FAIR,604.6,0.298,0.5,0,0.5,122.92979074207994,0.5,0,1,1.0,0.44
THORNTON ST,NATIONAL AV,MALKIN AV,GOOD,222.8,0.64,0.3,0,0.3,14.524421796318506,0.8,0,1,1.0,0.531
SOPHIA ST,38TH AV,37TH AV,POOR,506.7,0.363,0.8,0,0.8,1.5926871017634312,0.8,0,1,1.0,0.577
SASAMAT ST,4TH AV,BELLEVUE DRIVE,NO DATA,779.3,0.21,0.5,1,0.4,1.5298939851671207,0.8,0,1,1.0,0.484
NW MARINE DR,TRIMBLE ST,2ND AV,VERY GOOD,289.1,0.561,0.1,0,0.1,125.88865667137236,0.5,0,1,1.0,0.409
PRINCE ALBERT ST,26TH AV,24TH AV,VERY GOOD,1591.8,0.041,0.1,0,0.1,0.7119132842898352,0.8,0,1,1.0,0.405
PINE CRES,HOSMER AV,19TH AV,POOR,1466.9,0.053,0.8,0,0.8,20.908649630503646,0.8,0,1,1.0,0.531
SELKIRK ST,KING EDWARD AV,LAURIER AV,FAIR,950.5,0.149,0.5,0,0.5,1.4863713590529528,0.8,0,1,1.0,0.492
TUPPER ST,24TH AV,23RD AV,VERY POOR,602.4,0.3,0.95,0,0.95,1.0637631221666197,0.8,0,1,1.0,0.594
MIDLOTHIAN AV,QUEEN ELIZABETH PARK ROAD 1,ONTARIO ST,VERY POOR,66.0,0.876,0.95,0,0.95,105.98138617055787,0.5,0,1,1.0,0.606
RICHARDS ST,ROBSON ST,SMITHE ST,VERY GOOD,213.3,0.653,0.1,0,0.1,224.7494487044663,0.2,0,1,1.0,0.348
PARKER ST,PENTICTON ST,SLOCAN ST,FAIR,821.5,0.193,0.5,0,0.5,90.10157251836756,0.5,0,1,1.0,0.424
ST GEORGE ST,49TH AV,48TH AV,VERY POOR,881.9,0.171,0.95,0,0.95,1.641477575448846,0.8,0,1,1.0,0.575
OSLER ST,27TH AV,26TH AV,VERY POOR,759.9,0.219,0.95,0,0.95,1.4948160253375704,0.8,0,1,1.0,0.582
PARKER ST,WINDERMERE ST,RUPERT ST,VERY POOR,438.5,0.416,0.95,0,0.95,90.08765085416411,0.5,0,1,1.0,0.537
PRINCE EDWARD ST,BROADWAY,8TH AV,VERY GOOD,828.0,0.191,0.1,0,0.1,3.565049657966597,0.8,0,1,1.0,0.428
TRAFALGAR ST,12TH AV,11TH AV,GOOD,2034.5,0.017,0.3,0,0.3,1.4514188423992778,0.8,0,1,1.0,0.437
NOOTKA ST,CHARLES ST,PARKER ST,GOOD,671.2,0.261,0.3,0,0.3,0.658868535940428,0.8,0,1,1.0,0.474
NANAIMO ST,8TH AV,7TH AV,VERY POOR,170.7,0.711,0.95,0,0.95,0.10267413263744629,0.8,0,1,1.0,0.656
PENDER ST,COMMERCIAL DRIVE,SALSBURY DRIVE,GOOD,1359.3,0.066,0.3,0,0.3,91.21078985147824,0.5,0,1,1.0,0.369
SOPHIA ST,23RD AV,22ND AV,FAIR,1179.8,0.094,0.5,0,0.5,1.502065388012909,0.8,0,1,1.0,0.484
TYNE ST,51ST AV,50TH AV,FAIR,1122.1,0.106,0.5,0,0.5,1.030353614831938,0.8,0,1,1.0,0.486
POWELL ST,WOODLAND DRIVE,COMMERCIAL DRIVE,FAIR,1408.0,0.06,0.5,0,0.5,76.22601495239144,0.5,0,1,1.0,0.404
QUESNEL DR,29TH AV,28TH AV,VERY POOR,2206.8,0.012,0.95,0,0.95,329.8500187686594,0.8,0,1,1.0,0.551
MCHARDY ST,QUEENS AV,WELLINGTON AV,VERY POOR,424.6,0.428,0.95,0,0.95,31.889017893463404,0.8,0,1,1.0,0.614
PRINCE EDWARD ST,16TH AV,15TH AV,VERY POOR,1428.5,0.057,0.95,0,0.95,0.7956486577677424,0.8,0,1,1.0,0.558
SASAMAT ST,14TH AV,13TH AV,VERY POOR,1357.7,0.066,0.95,0,0.95,1.507279063327644,0.8,0,1,1.0,0.559
MAXWELL ST,22ND AV,21ST AV,FAIR,650.3,0.272,0.5,0,0.5,1.3268694001511676,0.8,0,1,1.0,0.511
MCLEAN DR,FRANCES ST,PENDER ST,VERY GOOD,1072.9,0.117,0.1,0,0.1,1.409379013892135,0.8,0,1,1.0,0.417
PENTICTON ST,OXFORD ST,CAMBRIDGE ST,VERY GOOD,853.5,0.181,0.1,0,0.1,0.13277684987093608,0.8,0,1,1.0,0.427
PENDER ST,BURRARD ST,HORNBY ST,FAIR,297.2,0.552,0.5,0,0.5,134.7932218403343,0.5,0,1,1.0,0.478
PRINCE EDWARD ST,35TH AV,34TH AV,POOR,633.7,0.282,0.8,0,0.8,1.6383144024376861,0.8,0,1,1.0,0.565
NICOLA ST,BEACH AV,HARWOOD ST,GOOD,554.9,0.33,0.3,0,0.3,44.753342242400095,0.8,0,1,1.0,0.484
QUEBEC PL,18TH AV,17TH AV,POOR,1294.7,0.075,0.8,0,0.8,1.673326344279758,0.8,0,1,1.0,0.534
TYNE ST,SCHOOL AV,KINGSWAY,GOOD,1359.8,0.066,0.3,0,0.3,33.163518079508265,0.8,0,1,1.0,0.444
MCKINNON ST,50TH AV,49TH AV,VERY GOOD,1286.9,0.076,0.1,0,0.1,2.038439223402861,0.8,0,1,1.0,0.411
OAK ST,SW MARINE DRIVE,72ND AV,GOOD,444.5,0.411,0.3,0,0.3,359.4997389311788,0.8,0,1,1.0,0.497
RALEIGH ST,48TH AV,COLERIDGE AV,VERY GOOD,1221.5,0.087,0.1,0,0.1,1.9278526001072578,0.8,0,1,1.0,0.412
OXFORD ST,LAKEWOOD DRIVE,TEMPLETON DRIVE,VERY POOR,1362.4,0.066,0.95,0,0.95,90.51058900328451,0.5,0,1,1.0,0.484
ONTARIO ST,16TH AV,15TH AV,VERY GOOD,1134.9,0.103,0.1,0,0.1,1.652930816324556,0.8,0,1,1.0,0.415
SOPHIA ST,41ST AV,WOODSTOCK AV,FAIR,753.5,0.222,0.5,0,0.5,2.0333738325883814,0.8,0,1,1.0,0.503
TEMPLETON DR,GRANDVIEW HWY NORTH,11TH AV,VERY GOOD,332.3,0.514,0.1,0,0.1,5.761252414739204,0.8,0,1,1.0,0.477
PARKER ST,KAMLOOPS ST,PENTICTON ST,VERY GOOD,956.1,0.148,0.1,0,0.1,90.1177383303064,0.5,0,1,1.0,0.347
PRINCE ALBERT ST,49TH AV,47TH AV,VERY GOOD,1326.5,0.07,0.1,0,0.1,0.8260999902148569,0.8,0,1,1.0,0.41
MUIRFIELD DR,ANCASTER CRESCENT / FRASERVIEW DRIVE,SCARBORO AV,VERY GOOD,656.2,0.269,0.1,0,0.1,34.0326274633174,0.8,0,1,1.0,0.44
THURLOW ST,DAVIE ST,BURNABY ST,VERY GOOD,191.6,0.682,0.1,0,0.1,224.7807812564263,0.2,0,1,1.0,0.352
WINDERMERE ST,WILLIAM ST,NAPIER ST,POOR,468.5,0.392,0.8,0,0.8,0.5548410669485975,0.8,0,1,1.0,0.582
VICTORIA DR,12TH AV,11TH AV,VERY POOR,323.7,0.523,0.95,0,0.95,0.7624035492733015,0.8,0,1,1.0,0.628
VICTORIA DR,38TH AV,38TH AV,POOR,1087.3,0.114,0.8,0,0.8,1.0930690434623784,0.8,0,1,1.0,0.54
WATSON ST,28TH AV,26TH AV,VERY POOR,766.3,0.216,0.95,0,0.95,1.5557777055689144,0.8,0,1,1.0,0.582
YEW ST,1ST AV,YORK AV,NO DATA,911.0,0.162,0.5,1,0.4,1.5091060591516907,0.8,0,1,1.0,0.477
YEW ST,38TH AV,37TH AV,VERY POOR,1546.8,0.045,0.95,0,0.95,1.5112988166475247,0.8,0,1,1.0,0.556
VANCOUVER AQUARIUM ST,STANLEY PARK DRIVE,AVISON WAY,GOOD,12.9,0.974,0.3,0,0.3,8.790668794216003,0.8,0,1,1.0,0.581
WELLINGTON AV,PAYNE ST,ANN ST,VERY GOOD,505.2,0.364,0.1,0,0.1,122.34246860489975,0.5,0,1,1.0,0.379
VICTORIA DR,NASSAU DRIVE,54TH AV / ARGYLE DRIVE,GOOD,1267.3,0.079,0.3,0,0.3,1.1150809451622195,0.8,0,1,1.0,0.446
WILLOW ST,35TH AV,33RD AV,GOOD,401.8,0.448,0.3,0,0.3,1.352255972363082,0.8,0,1,1.0,0.502
YUKON ST,29TH AV / MIDLOTHIAN AV,28TH AV / NIGEL AV,POOR,92.2,0.832,0.8,0,0.8,1.692799031378513,0.8,0,1,1.0,0.648
WILTSHIRE ST,SW MARINE DRIVE,69TH AV,VERY POOR,326.0,0.521,0.95,0,0.95,1.2683014513385729,0.8,0,1,1.0,0.628
YUKON ST,16TH AV,15TH AV,VERY GOOD,698.7,0.247,0.1,0,0.1,1.5073801366884254,0.8,0,1,1.0,0.437
YEW ST,2ND AV,1ST AV,GOOD,976.6,0.142,0.3,0,0.3,1.5176989937996268,0.8,0,1,1.0,0.456
VENABLES ST,WOODLAND DRIVE,COTTON DRIVE,VERY POOR,1087.7,0.114,0.95,0,0.95,91.35891805202118,0.5,0,1,1.0,0.491
VICTORIA DR,VICTORIA DIVERSION,PORTER ST,FAIR,235.2,0.625,0.5,0,0.5,6.318469085928882,0.8,0,1,1.0,0.564
VIVIAN ST,51ST AV,50TH AV,VERY POOR,991.5,0.138,0.95,0,0.95,1.9496220702252458,0.8,0,1,1.0,0.57
VIVIAN DR,BOBOLINK AV,BRIGHTWOOD PLACE,POOR,308.3,0.54,0.8,0,0.8,37.12163608783959,0.8,0,1,1.0,0.604
WINDSOR ST,BROADWAY,8TH AV,VERY GOOD,1370.8,0.064,0.1,0,0.1,0.8372582687482577,0.8,0,1,1.0,0.409
VICTORIA DR,4TH AV,3RD AV,POOR,949.7,0.15,0.8,0,0.8,1.3761866068863924,0.8,0,1,1.0,0.545
VICTORIA DR,38TH AV,37TH AV,VERY POOR,1074.2,0.117,0.95,0,0.95,1.2560999982350722,0.8,0,1,1.0,0.567
VENABLES ST,GLEN DRIVE,GEORGE ST,POOR,476.8,0.385,0.8,0,0.8,91.46511602785893,0.5,0,1,1.0,0.506
WALL ST,KASLO ST,RENFREW ST,FAIR,498.9,0.369,0.5,0,0.5,108.87546867389915,0.5,0,1,1.0,0.45
WATSON ST,14TH AV,13TH AV,VERY GOOD,1172.4,0.096,0.1,0,0.1,2.4679869741800644,0.8,0,1,1.0,0.414
YUKON ST,23RD AV,22ND AV,POOR,593.8,0.305,0.8,0,0.8,1.7189448997224872,0.8,0,1,1.0,0.569
YUKON ST,22ND AV,21ST AV,GOOD,710.2,0.242,0.3,0,0.3,1.733804284565565,0.8,0,1,1.0,0.471
WILLIAM ST,TEMPLETON DRIVE,GARDEN DRIVE,POOR,1372.0,0.064,0.8,0,0.8,89.73147154300682,0.5,0,1,1.0,0.457
VERNON DR,TERMINAL AV OP,GRANT ST,VERY GOOD,779.0,0.211,0.1,0,0.1,2.7132998676911484,0.8,1,1,1.0,0.731
WALLACE ST,27TH AV,26TH AV,VERY GOOD,2362.4,0.009,0.1,0,0.1,0.5364595133011676,0.8,0,1,1.0,0.401
VICTORIA DR,43RD AV,43RD AV,VERY POOR,1290.3,0.076,0.95,0,0.95,0.9544430311521523,0.8,0,1,1.0,0.561
WEST BLVD,60TH AV,57TH AV,GOOD,809.6,0.198,0.3,0,0.3,338.83308670341387,0.8,0,1,1.0,0.464
WINDERMERE ST,18TH AV,17TH AV,VERY POOR,486.5,0.378,0.95,0,0.95,0.14659356407577206,0.8,0,1,1.0,0.606
UPLAND DR,BRAEBURN ST,VICTORIA DRIVE,GOOD,1088.7,0.113,0.3,0,0.3,85.05871345511775,0.5,0,1,1.0,0.377
UNION ST,QUEBEC ST,MAIN ST,FAIR,220.9,0.643,0.5,0,0.5,89.27348225308674,0.5,0,1,1.0,0.492
WAVERLEY AV,ROSS ST,INVERNESS ST,GOOD,1744.3,0.031,0.3,0,0.3,91.6478965749161,0.5,0,1,1.0,0.364
YEW ST,14TH AV,13TH AV,VERY GOOD,1627.0,0.039,0.1,0,0.1,1.5113458810211569,0.8,0,1,1.0,0.405
WALES ST,38TH AV,37TH AV,FAIR,78.4,0.855,0.5,0,0.5,359.3291067990322,0.8,0,1,1.0,0.599
VINE ST,45TH AV,43RD AV,FAIR,886.4,0.17,0.5,0,0.5,1.5148703612128998,0.8,0,1,1.0,0.495
WOODLAND DR,ADANAC ST,GEORGIA ST,VERY GOOD,1104.9,0.11,0.1,0,0.1,1.6445044656931032,0.8,0,1,1.0,0.416
WINDSOR ST,50TH AV,49TH AV,VERY POOR,1525.4,0.047,0.95,0,0.95,1.0000550802886323,0.8,0,1,1.0,0.556
WALL ST,WINDEMERE ST,DEAD END,GOOD,91.6,0.833,0.3,0,0.3,59.09587350299165,0.5,0,1,1.0,0.485
WALLACE ST,26TH AV,KING EDWARD AV,VERY GOOD,2246.9,0.011,0.1,0,0.1,0.439156664789607,0.8,0,1,1.0,0.401
VICTORIA DR,8TH AV,7TH AV,FAIR,690.1,0.252,0.5,0,0.5,0.814253111457333,0.8,0,1,1.0,0.508
WOODLAND DR,PENDER ST,HASTINGS ST,GOOD,1212.4,0.088,0.3,0,0.3,0.766804829825162,0.8,0,1,1.0,0.448
VINE ST,21ST AV,20TH AV,GOOD,2108.9,0.015,0.3,0,0.3,1.5002382336004985,0.8,0,1,1.0,0.437
VENABLES ST,WINDERMERE ST,RUPERT ST,VERY POOR,519.0,0.354,0.95,0,0.95,90.08374429340785,0.5,0,1,1.0,0.528
UNION ST,MAIN ST,GORE AV,VERY GOOD,307.0,0.541,0.1,0,0.1,91.6835780954604,0.5,0,1,1.0,0.406
WILLIAM ST,WINDERMERE ST,RUPERT ST,POOR,297.9,0.551,0.8,0,0.8,90.11363647974929,0.5,0,1,1.0,0.531
YUKON ST,28TH AV / NIGEL AV,27TH AV / TALISMAN AV,FAIR,175.8,0.704,0.5,0,0.5,1.7935946236237328,0.8,0,1,1.0,0.576
WALES ST,48TH AV,WAVERLEY AV,GOOD,1202.9,0.09,0.3,0,0.3,1.9783471328150881,0.8,0,1,1.0,0.448
UNION ST,JACKSON AV,PRINCESS AV,GOOD,278.1,0.573,0.3,0,0.3,91.7911444358761,0.5,0,1,1.0,0.446
WALLACE ST,20TH AV,19TH AV,FAIR,1636.2,0.038,0.5,0,0.5,0.5358682633832927,0.8,0,1,1.0,0.476
WALES ST,56TH AV,54TH AV,VERY POOR,651.1,0.272,0.95,0,0.95,359.77384267059574,0.8,0,1,1.0,0.59
VICTORIA DR,46TH AV,45TH AV,FAIR,1409.3,0.06,0.5,0,0.5,1.0659326879576838,0.8,0,1,1.0,0.479
WOODLAND DR,PANDORA ST,NORTH END,VERY GOOD,1382.2,0.063,0.1,0,0.1,1.059856147612436,0.8,0,1,1.0,0.409
WEBBER AV,SOPHIA ST,EAST END,GOOD,1040.4,0.125,0.3,0,0.3,91.42204838111962,0.5,0,1,1.0,0.378
VALLEY DR_1,30TH AV,33RD AV,GOOD,970.5,0.144,0.3,0,0.3,144.85557397174023,0.2,0,1,1.0,0.306
WINDSOR ST,SE MARINE DRIVE,64TH AV,POOR,422.2,0.43,0.8,0,0.8,1.9128879514054233,0.8,0,1,1.0,0.588
WATERLOO ST,8TH AV,7TH AV,VERY GOOD,1081.3,0.115,0.1,0,0.1,1.5065557132893446,0.8,0,1,1.0,0.417
WARD ST,SLOCAN ST,DUCHESS ST,FAIR,357.4,0.489,0.5,0,0.5,122.53080645543696,0.5,0,1,1.0,0.469
WINDSOR ST,64TH AV,63RD AV,FAIR,509.1,0.361,0.5,0,0.5,1.851643815605371,0.8,0,1,1.0,0.524
WEST BLVD,57TH AV,54TH AV,VERY GOOD,792.4,0.205,0.1,0,0.1,338.8942605840238,0.8,0,1,1.0,0.43
VICTORIA DR,48TH AV,47TH AV,VERY POOR,1549.9,0.045,0.95,0,0.95,1.0777268871954107,0.8,0,1,1.0,0.556
WORTHINGTON DR,SEAFORTH DRIVE,15TH AV / RUPERT ST,VERY POOR,390.6,0.458,0.95,0,0.95,312.4218914771241,0.5,0,1,1.0,0.543
YUKON ST,17TH AV,16TH AV,GOOD,780.3,0.21,0.3,0,0.3,1.7728229813786243,0.8,0,1,1.0,0.466
VICTORIA DR,31ST AV,30TH AV,FAIR,1166.1,0.097,0.5,0,0.5,1.299638815374749,0.8,0,1,1.0,0.484
VALLEY DR,OLIVER CRESCENT,23RD AV,VERY POOR,2029.8,0.017,0.95,0,0.95,334.90133641234706,0.8,0,1,1.0,0.552
WATERLOO ST,13TH AV,12TH AV,GOOD,1361.5,0.066,0.3,0,0.3,1.5607453612242352,0.8,0,1,1.0,0.444
VICTORIA DR,ADANAC ST,GEORGIA ST,VERY GOOD,1615.3,0.04,0.1,0,0.1,0.1815251647803393,0.8,0,1,1.0,0.405
VICTORIA DR,23RD AV,22ND AV,GOOD,500.3,0.368,0.3,0,0.3,1.1070710467246272,0.8,0,1,1.0,0.49
WINDERMERE ST,8TH AV,7TH AV,GOOD,345.7,0.501,0.3,0,0.3,0.3667522440690618,0.8,0,1,1.0,0.51
WATSON ST,11TH AV,10TH AV,GOOD,874.9,0.174,0.3,0,0.3,2.4220376554898735,0.8,0,1,1.0,0.461
VICTORIA DR,PENDER ST,HASTINGS ST,VERY GOOD,1687.1,0.034,0.1,0,0.1,0.6903110206179122,0.8,0,1,1.0,0.404
WOODLAND DR,8TH AV,7TH AV,VERY GOOD,1012.8,0.132,0.1,0,0.1,0.9124185681627068,0.8,0,1,1.0,0.419
WILLIAM ST,RAYMUR AV,GLEN DRIVE,GOOD,377.7,0.47,0.3,0,0.3,91.67784328143415,0.5,0,1,1.0,0.43
WINDSOR ST,28TH AV,27TH AV,VERY POOR,1723.0,0.032,0.95,0,0.95,1.0447097400292478,0.8,0,1,1.0,0.554
WINDSOR ST,51ST AV,50TH AV,FAIR,1528.4,0.047,0.5,0,0.5,0.9670082534424296,0.8,0,1,1.0,0.477
54TH AV,LAUREL ST,HEATHER ST,GOOD,871.3,0.175,0.3,0,0.3,91.33913743970174,0.5,0,1,1.0,0.386
50TH AV,CARTIER ST,HUDSON ST,VERY GOOD,1379.8,0.063,0.1,0,0.1,91.34897175665401,0.5,0,1,1.0,0.334
6TH AV,NOOTKA ST,LILLOOET ST,POOR,580.0,0.314,0.8,0,0.8,90.34735744935142,0.5,0,1,1.0,0.495
53RD AV,BLENHEIM ST,PRESCOTT ST,POOR,281.7,0.569,0.8,0,0.8,91.13344012436278,0.5,0,1,1.0,0.534
ALBERTA ST,47TH AV,46TH AV,FAIR,335.4,0.511,0.5,0,0.5,359.1683840002159,0.8,0,1,1.0,0.547
27TH AV,DUNBAR ST,DUNKIRK ST,NO DATA,2250.5,0.011,0.5,1,0.4,90.46150889973876,0.5,0,1,1.0,0.379
21ST AV,DUNBAR ST,COLLINGWOOD ST,FAIR,1921.5,0.021,0.5,0,0.5,90.5052377863492,0.5,0,1,1.0,0.398
33RD AV,MACDONALD ST,TRAFALGAR ST,POOR,1826.6,0.026,0.8,0,0.8,90.46372940850324,0.5,0,1,1.0,0.452
COLLINGWOOD ST,49TH AV,48TH AV,VERY POOR,144.4,0.749,0.95,0,0.95,2.0890096562119425,0.8,0,1,1.0,0.662
ASH ST,12TH AV,10TH AV,VERY GOOD,127.0,0.776,0.1,0,0.1,1.4865145781584488,0.8,0,1,1.0,0.516
5TH AV,PAVEMENT CHANGE,TOLMIE ST,NO DATA,1038.4,0.125,0.5,1,0.4,91.47376682897027,0.5,0,1,1.0,0.396
BUTE ST,MELVILLE ST,PENDER ST,POOR,198.7,0.672,0.8,0,0.8,44.76462681210205,0.8,0,1,1.0,0.624
ANGUS DR WB,HOSMER AV,ANGUS DRIVE,VERY POOR,1443.2,0.056,0.95,0,0.95,186.24386572616808,0.2,0,1,1.0,0.408
15TH AV,DUMFRIES ST,EAST END,FAIR,480.9,0.382,0.5,0,0.5,93.58998891996771,0.5,0,1,1.0,0.452
7TH AV,YEW ST,ARBUTUS ST,NO DATA,1097.5,0.111,0.5,1,0.4,91.52809488633955,0.5,0,1,1.0,0.394
63RD AV,ADERA ST,GRANVILLE ST,POOR,907.0,0.163,0.8,0,0.8,91.53626131861711,0.5,0,1,1.0,0.472
54TH AV,MONT ROYAL SQUARE,DOMAN ST,VERY POOR,859.5,0.179,0.95,0,0.95,90.74644096234147,0.5,0,1,1.0,0.501
7TH AV,BLANCA ST,TOLMIE ST,NO DATA,1117.3,0.107,0.5,1,0.4,91.51252882432237,0.5,0,1,1.0,0.393
7TH AV,CAROLINA ST,FRASER ST,FAIR,999.0,0.136,0.5,0,0.5,90.77617888681834,0.5,0,1,1.0,0.415
57TH AV,INVERNESS ST,CULLODEN ST,POOR,1050.9,0.122,0.8,0,0.8,90.59480130860817,0.5,0,1,1.0,0.466
ARGYLE ST,61ST AV,60TH AV,POOR,671.6,0.261,0.8,0,0.8,0.6197250305472721,0.8,0,1,1.0,0.562
51ST AV,VINE ST,YEW ST,VERY GOOD,421.2,0.431,0.1,0,0.1,91.36349644716222,0.5,0,1,1.0,0.389
8TH AV,ALDER ST,SPRUCE ST,FAIR,47.3,0.91,0.5,0,0.5,91.50036207522282,0.5,0,1,1.0,0.532
28TH AV,MOHAWK ST,KNIGHT ST,GOOD,1427.2,0.058,0.3,0,0.3,91.13239776955976,0.5,0,1,1.0,0.368
44TH AV,ST. GEORGE ST,FRASER ST,FAIR,1028.8,0.128,0.5,0,0.5,91.48551076522682,0.5,0,1,1.0,0.414
8TH AV,SASAMAT ST,TRIMBLE ST,NO DATA,827.9,0.191,0.5,1,0.4,91.51771723069851,0.5,0,1,1.0,0.406
64TH AV,HUDSON ST,SELKIRK ST,VERY GOOD,1246.4,0.083,0.1,0,0.1,91.43919368345837,0.5,0,1,1.0,0.337
24TH AV,NOOTKA ST,LILLOOET ST,FAIR,863.5,0.178,0.5,0,0.5,89.8467414806671,0.5,0,1,1.0,0.422
2ND AV,COLUMBIA ST,MANITOBA ST,POOR,59.9,0.887,0.8,0,0.8,88.96056954960136,0.5,0,1,1.0,0.582
37TH AV,SHERBROOKE ST,INVERNESS ST,FAIR,1816.6,0.026,0.5,0,0.5,91.27071102245293,0.5,0,1,1.0,0.399
16TH AV,FINDLAY ST,VICTORIA DRIVE,GOOD,187.8,0.687,0.3,0,0.3,93.27983423857393,0.5,0,1,1.0,0.463
ALMA ST,POINT GREY ROAD,NORTH END,VERY GOOD,592.8,0.306,0.1,0,0.1,1.5017446510237278,0.8,0,1,1.0,0.445
8TH AV,ALBERTA ST,COLUMBIA ST,VERY GOOD,507.5,0.362,0.1,0,0.1,91.85219942078106,0.5,0,1,1.0,0.379
18TH AV,MACDONALD ST,TRAFALGAR ST,GOOD,2393.5,0.008,0.3,0,0.3,90.51198635741116,0.5,0,1,1.0,0.361
19TH AV,LAKEWOOD ST,GLADSTONE ST,VERY POOR,207.0,0.661,0.95,0,0.95,112.64865856197741,0.5,0,1,1.0,0.574
CLARENDON ST,43RD AV,42ND AV,POOR,720.4,0.237,0.8,0,0.8,359.3266161868953,0.8,0,1,1.0,0.558
36TH AV,MAIN ST,SOPHIA ST,NO DATA,316.3,0.531,0.5,1,0.4,91.79797362656848,0.5,0,1,1.0,0.457
BURRARD ST,CORNWALL AV,PACIFIC ST,GOOD,360.1,0.487,0.3,0,0.3,62.64341141521703,0.5,1,1,1.0,0.733
29TH AV,REID ST,RUPERT ST,GOOD,341.7,0.505,0.3,0,0.3,90.95462034020562,0.5,0,1,1.0,0.436
15TH AV,GRANVILLE ST,HEMLOCK ST,VERY GOOD,756.6,0.22,0.1,0,0.1,91.45781375866426,0.5,0,1,1.0,0.357
51ST AV,BLENHEIM ST,BALACLAVA ST,VERY GOOD,159.8,0.726,0.1,0,0.1,91.17750063378429,0.5,0,1,1.0,0.434
26TH AV,WEST END,JOHN ST,GOOD,1038.7,0.125,0.3,0,0.3,88.74393845510889,0.5,0,1,1.0,0.378
BALACLAVA ST,55TH AV,53RD AV,POOR,32.9,0.936,0.8,0,0.8,1.174234745052729,0.8,0,1,1.0,0.664
15TH AV,ST. GEORGE ST,KINGSWAY TO E 15TH AV,GOOD,1508.0,0.049,0.3,0,0.3,93.70358437518985,0.5,0,1,1.0,0.367
8TH AV,MACDONALD ST,STEPHENS ST,VERY GOOD,1891.1,0.023,0.1,0,0.1,91.40267178019735,0.5,0,1,1.0,0.328
43RD AV,COLLINGWOOD ST,BLENHEIM ST,VERY GOOD,546.2,0.335,0.1,0,0.1,90.35552178891464,0.5,0,1,1.0,0.375
COLUMBIA ST,CORDOVA ST,ALEXANDER ST,FAIR,295.2,0.554,0.5,0,0.5,1.7611968922435608,0.8,0,1,1.0,0.553
4TH AV,TEMPLETON DRIVE,GARDEN DRIVE,FAIR,600.0,0.301,0.5,0,0.5,89.08898195016172,0.5,0,1,1.0,0.44
22ND AV,CAROLINA ST,FRASER ST,GOOD,1620.0,0.039,0.3,0,0.3,91.40125766651653,0.5,0,1,1.0,0.365
3RD AV,MANITOBA ST,ONTARIO ST,VERY GOOD,190.8,0.683,0.1,0,0.1,91.61209666238335,0.5,0,1,1.0,0.427
CARTIER ST,KING EDWARD AV,LAURIER AV,VERY POOR,915.0,0.16,0.95,0,0.95,1.491277479949531,0.8,0,1,1.0,0.573
5TH AV,CASSIAR ST,HERMON DRIVE,POOR,484.2,0.38,0.8,0,0.8,90.0149378450738,0.5,0,1,1.0,0.505
45TH AV,BRUCE ST,COMMERCIAL ST,GOOD,1597.8,0.041,0.3,0,0.3,90.89958119772996,0.5,0,1,1.0,0.366
ALMA ST,29TH AV,28TH AV,VERY POOR,2085.3,0.015,0.95,0,0.95,0.4362729607572646,0.8,0,1,1.0,0.552
COMMERCIAL ST,36TH AV,35TH AV,VERY GOOD,1299.5,0.074,0.1,0,0.1,1.378743074961676,0.8,0,1,1.0,0.41
10TH AV,SPRUCE ST,OAK ST,POOR,290.1,0.56,0.8,0,0.8,91.5063867443697,0.5,0,1,1.0,0.532
COLLINGWOOD ST,35TH AV,34TH AV,GOOD,1398.5,0.061,0.3,0,0.3,0.46188490124791315,0.8,0,1,1.0,0.444
16TH AV,STEPHENS ST,TRAFALGAR ST,GOOD,2328.2,0.01,0.3,0,0.3,93.37683920700493,0.5,0,1,1.0,0.361
49TH AV,OAK ST,FREMLIN ST,FAIR,1222.5,0.087,0.5,0,0.5,93.32196468058612,0.5,0,1,1.0,0.408
26TH AV,SOPHIA ST,EAST END,VERY POOR,994.0,0.137,0.95,0,0.95,91.4199664004746,0.5,0,1,1.0,0.495
ASH ST,17TH AV,16TH AV,GOOD,434.0,0.42,0.3,0,0.3,1.6172632719564035,0.8,0,1,1.0,0.498
12TH AV,BALSAM ST,VINE ST,VERY GOOD,1678.5,0.035,0.1,0,0.1,91.49902910540447,0.5,0,1,1.0,0.329
BONNYVALE AV,NANAIMO ST,ASHBURN ST,VERY POOR,713.4,0.24,0.95,0,0.95,90.65945816833664,0.5,0,1,1.0,0.51
15TH AV,BURRARD ST,PINE ST,NO DATA,1074.8,0.117,0.5,1,0.4,91.49165510499472,0.5,0,1,1.0,0.395
29TH AV,FRASER ST,PRINCE ALBERT ST,VERY GOOD,1275.0,0.078,0.1,0,0.1,90.97735403567259,0.5,0,1,1.0,0.336
COLUMBIA ST,64TH AV,63RD AV,VERY GOOD,68.9,0.871,0.1,0,0.1,1.5973330464404398,0.8,0,1,1.0,0.531
30TH AV,HIGHBURY ST,DUNBAR ST,POOR,1957.3,0.02,0.8,0,0.8,90.6020805309393,0.5,0,1,1.0,0.451
57TH AV,OAK ST,LAUREL ST,FAIR,1075.8,0.116,0.5,0,0.5,91.20777608072751,0.5,0,1,1.0,0.412
CLARENDON ST,34TH AV,33RD AV,VERY GOOD,372.0,0.475,0.1,0,0.1,0.5659244930689624,0.8,0,1,1.0,0.471
54TH AV,ST. GEORGE ST,FRASER ST,VERY POOR,1012.1,0.132,0.95,0,0.95,91.49722622369421,0.5,0,1,1.0,0.494
54TH AV,ELLIOTT ST,WALES ST,FAIR,776.2,0.212,0.5,0,0.5,90.19671662754672,0.5,0,1,1.0,0.427
40TH AV,WALES ST,RHODES ST,FAIR,408.7,0.442,0.5,0,0.5,88.69786017074898,0.5,0,1,1.0,0.461
4TH AV,MAIN ST,SCOTIA ST,VERY GOOD,288.3,0.562,0.1,0,0.1,91.68631415507173,0.5,0,1,1.0,0.409
30TH AV,GLADSTONE ST,32ND AV / BALDWIN ST,FAIR,808.8,0.198,0.5,0,0.5,126.80726649395518,0.5,0,1,1.0,0.425
10TH AV,COMMERCIAL DRIVE,VICTORIA DRIVE,GOOD,495.0,0.372,0.3,0,0.3,90.71005593879715,0.5,0,1,1.0,0.416
COLLINGWOOD ST,1ST AV,POINT GREY ROAD,VERY POOR,845.8,0.184,0.95,0,0.95,1.5312684306372262,0.8,0,1,1.0,0.577
12TH AV,OAK ST,LAUREL ST,FAIR,222.6,0.641,0.5,0,0.5,91.49155980720167,0.5,0,1,1.0,0.491
49TH AV,RALEIGH ST,KILLARNEY ST,VERY POOR,1209.0,0.089,0.95,0,0.95,90.95804869125493,0.5,0,1,1.0,0.488
BALACLAVA ST,49TH AV,SW MARINE DRIVE,GOOD,291.3,0.558,0.3,0,0.3,1.1823920466430877,0.8,0,1,1.0,0.519
47TH AV,ELLIOTT ST,WALES ST,VERY POOR,1112.9,0.108,0.95,0,0.95,90.62003356917376,0.5,0,1,1.0,0.491
ARBUTUS ST,1ST AV,YORK AV,POOR,786.6,0.207,0.8,0,0.8,1.4961789401370424,0.8,0,1,1.0,0.554
39TH AV,CULLODEN ST,KNIGHT ST,FAIR,1934.6,0.021,0.5,0,0.5,91.09805215056383,0.5,0,1,1.0,0.398
49TH AV,MANITOBA ST,ONTARIO ST,FAIR,18.4,0.964,0.5,0,0.5,92.52470292009082,0.5,0,1,1.0,0.54
BLENHEIM ST,15TH AV,14TH AV,POOR,1606.5,0.04,0.8,0,0.8,1.480260410965002,0.8,0,1,1.0,0.529
15TH AV,CLARK DRIVE,KNIGHT ST,VERY GOOD,902.1,0.165,0.1,0,0.1,93.5990053267339,0.5,0,1,1.0,0.349
22ND AV,PRINCE EDWARD ST,ST. GEORGE ST,FAIR,1353.1,0.067,0.5,0,0.5,91.47990530048679,0.5,0,1,1.0,0.405
BURQUITLAM DR,BONACCORD DRIVE,HARRISON DRIVE,VERY GOOD,422.3,0.43,0.1,0,0.1,101.15172134404054,0.5,0,1,1.0,0.389
13TH AV,COURTENAY ST,CAMOSUN ST,NO DATA,1068.1,0.118,0.5,1,0.4,91.51195960632316,0.5,0,1,1.0,0.395
14TH AV,COLLINGWOOD ST,WATERLOO ST,NO DATA,1417.2,0.059,0.5,1,0.4,91.5226808186498,0.5,0,1,1.0,0.386
8TH AV,LILLOOET ST,WINDERMERE ST,VERY GOOD,345.2,0.501,0.1,0,0.1,90.34785585321373,0.5,0,1,1.0,0.4
BALACLAVA ST,12TH AV,11TH AV,VERY POOR,1642.4,0.037,0.95,0,0.95,1.4876830539049593,0.8,0,1,1.0,0.555
21ST AV,YEW ST,ARBUTUS ST,VERY POOR,1842.1,0.025,0.95,0,0.95,91.52776727183397,0.5,0,1,1.0,0.478
COMOX ST,CARDERO ST,NICOLA ST,GOOD,559.8,0.326,0.3,0,0.3,134.81771978615876,0.5,0,1,1.0,0.409
CHESTER ST,49TH AV,47TH AV,VERY GOOD,1223.8,0.086,0.1,0,0.1,1.4335729189279505,0.8,0,1,1.0,0.412
63RD AV,COLUMBIA ST,MANITOBA ST,POOR,84.5,0.845,0.8,0,0.8,89.5358095061847,0.5,0,1,1.0,0.575
4TH AV,VERNON DRIVE,CLARK DRIVE,FAIR,1146.3,0.101,0.5,0,0.5,90.81272046955297,0.5,0,1,1.0,0.41
ANGUS DR,60TH AV / EAST BOULEVARD,59TH AV,VERY GOOD,837.9,0.187,0.1,0,0.1,1.5058831165384845,0.8,0,1,1.0,0.427
11TH AV,TOLMIE ST,SASAMAT ST,GOOD,1197.6,0.091,0.3,0,0.3,91.56919824296858,0.5,0,1,1.0,0.373
COLLINGWOOD ST,3RD AV,2ND AV,POOR,835.8,0.188,0.8,0,0.8,1.5295225699621824,0.8,0,1,1.0,0.551
35TH AV,VICTORIA DRIVE,GLADSTONE ST,VERY POOR,828.2,0.191,0.95,0,0.95,90.48551689996572,0.5,0,1,1.0,0.503
8TH AV,ST. GEORGE ST,CAROLINA ST,GOOD,960.4,0.147,0.3,0,0.3,90.79442997732065,0.5,0,1,1.0,0.382
29TH AV,ASH ST,CAMBIE ST,POOR,104.4,0.812,0.8,0,0.8,91.5025264853179,0.5,0,1,1.0,0.57
13TH AV,COLUMBIA ST,MANITOBA ST,POOR,751.1,0.223,0.8,0,0.8,90.35317778541594,0.5,0,1,1.0,0.481
49TH AV,FREMLIN ST,LAUREL ST,FAIR,1109.1,0.109,0.5,0,0.5,93.32173918213886,0.5,0,1,1.0,0.411
20TH AV,HULL ST,SOUTHEAST END,POOR,237.1,0.622,0.8,0,0.8,113.09842837006431,0.5,0,1,1.0,0.542
5TH AV,YEW ST,ARBUTUS ST,VERY GOOD,1010.5,0.133,0.1,0,0.1,91.50049269396169,0.5,0,1,1.0,0.344
7TH AV,GLEN DRIVE,KEITH DRIVE,FAIR,1317.3,0.072,0.5,0,0.5,90.7482368874953,0.5,0,1,1.0,0.406
CLARENDON ST,41ST AV,40TH AV,FAIR,538.0,0.341,0.5,0,0.5,356.2332925967457,0.8,0,1,1.0,0.521
28TH AV,PRINCE ALBERT ST,ST. CATHERINES ST,VERY POOR,1469.8,0.053,0.95,0,0.95,91.00630559150488,0.5,0,1,1.0,0.482
6TH AV,LARCH ST,BALSAM ST,VERY GOOD,1528.2,0.047,0.1,0,0.1,91.52351881490597,0.5,0,1,1.0,0.331
CAMOSUN ST,29TH AV,28TH AV,VERY GOOD,2369.6,0.009,0.1,0,0.1,1.8722475249705894,0.8,0,1,1.0,0.401
72ND AV,CARTIER ST,MONTCALM ST,VERY POOR,456.3,0.401,0.95,0,0.95,91.41390655159995,0.5,0,1,1.0,0.535
8TH AV,ASH ST,CAMBIE ST,GOOD,83.1,0.847,0.3,0,0.3,93.37914316394239,0.5,0,1,1.0,0.487
20TH AV,NANAIMO ST,EAST END,VERY GOOD,416.3,0.435,0.1,0,0.1,89.38702594101892,0.5,0,1,1.0,0.39
ARBUTUS ST,33RD AV,32ND AV,POOR,1261.0,0.08,0.8,0,0.8,1.5335307970538565,0.8,0,1,1.0,0.535
BOUNDARY RD,YALE ST,FELLOWES ST,GOOD,819.2,0.194,0.3,0,0.3,0.6418448766435176,0.8,0,1,1.0,0.464
56TH AV,ONTARIO ST,QUEBEC ST,VERY GOOD,285.2,0.565,0.1,0,0.1,91.8250779100847,0.5,0,1,1.0,0.409
54TH AV,MONTGOMERY ST,OSLER ST,VERY POOR,1377.3,0.064,0.95,0,0.95,91.33875378684775,0.5,0,1,1.0,0.484
15TH AV,COPLEY ST,EAST END,GOOD,454.1,0.403,0.3,0,0.3,90.17105952751217,0.5,0,1,1.0,0.42
53RD AV,CARRINGTON ST,BLENHEIM ST,VERY GOOD,137.2,0.76,0.1,0,0.1,90.66406590985139,0.5,0,1,1.0,0.439
64TH AV,SOPHIA ST,PRINCE EDWARD ST,GOOD,787.3,0.207,0.3,0,0.3,92.21653285222374,0.5,0,1,1.0,0.391
BORDEN ST,KENT AV SOUTH,SE MARINE DRIVE,GOOD,64.4,0.879,0.3,0,0.3,358.50627666044767,0.8,0,1,1.0,0.567
ARLINGTON ST,46TH AV,45TH AV,VERY GOOD,1665.4,0.036,0.1,0,0.1,0.333206730992913,0.8,0,1,1.0,0.405
BLENHEIM ST,28TH AV,27TH AV,VERY GOOD,2132.6,0.014,0.1,0,0.1,0.5216671273557267,0.8,0,1,1.0,0.401
BEATRICE ST,55TH AV,53RD AV,FAIR,1382.4,0.063,0.5,0,0.5,1.0576661424479425,0.8,0,1,1.0,0.479
37TH AV,MANSON ST,ASH ST,FAIR,542.0,0.338,0.5,0,0.5,93.08512035135738,0.5,0,1,1.0,0.446
55TH AV,SOPHIA ST,PRINCE EDWARD ST,GOOD,747.8,0.224,0.3,0,0.3,91.92941737471176,0.5,0,1,1.0,0.393
BARCLAY ST,NICOLA ST,BROUGHTON ST,VERY POOR,467.0,0.393,0.95,0,0.95,134.78918973175757,0.5,0,1,1.0,0.533
COMMERCIAL DR,GEORGIA ST,FRANCES ST,GOOD,1291.5,0.076,0.3,0,0.3,0.12316578656628963,0.8,0,1,1.0,0.446
47TH AV,MACKENZIE ST,MCCLEERY ST,VERY GOOD,535.6,0.343,0.1,0,0.1,90.69312297446987,0.5,0,1,1.0,0.376
BIRCH ST,BROADWAY,8TH AV,VERY POOR,105.9,0.809,0.95,0,0.95,1.4693285573755475,0.8,0,1,1.0,0.671
COLUMBIA ST,22ND AV,21ST AV,GOOD,753.7,0.221,0.3,0,0.3,1.7720376999618566,0.8,0,1,1.0,0.468
14TH AV,WALLACE ST,HIGHBURY ST,NO DATA,1158.8,0.099,0.5,1,0.4,91.4076209138812,0.5,0,1,1.0,0.392
4TH AV,MANITOBA ST,ONTARIO ST,FAIR,282.7,0.568,0.5,0,0.5,91.64395933723466,0.5,0,1,1.0,0.48
ANGUS DR,54TH AV,52ND AV,VERY GOOD,1052.8,0.122,0.1,0,0.1,1.5716452454909131,0.8,0,1,1.0,0.418
48TH AV,ONTARIO ST,QUEBEC ST,POOR,133.8,0.765,0.8,0,0.8,91.77761731813075,0.5,0,1,1.0,0.563
BRUNSWICK ST,6TH AV,2ND AV,VERY GOOD,532.2,0.345,0.1,0,0.1,17.86386672369315,0.8,0,1,1.0,0.451
51ST AV,WEST END,WALES ST,VERY POOR,1076.3,0.116,0.95,0,0.95,91.92994402985926,0.5,0,1,1.0,0.492
49TH AV,BALACLAVA ST,SW MARINE DRIVE,GOOD,273.8,0.578,0.3,0,0.3,88.67354926797685,0.5,0,1,1.0,0.447
11TH AV,BURRARD ST,PINE ST,VERY GOOD,861.6,0.179,0.1,0,0.1,91.52887562955596,0.5,0,1,1.0,0.351
CASSIAR ST,TRIUMPH ST,DUNDAS ST,GOOD,590.8,0.307,0.3,0,0.3,0.10072638059892824,0.8,0,1,1.0,0.481
BUTE ST,NELSON ST,NORTHEAST END,FAIR,166.0,0.718,0.5,0,0.5,44.77104399580418,0.8,0,1,1.0,0.578
ANGUS DR,36TH AV,35TH AV,VERY GOOD,624.8,0.287,0.1,0,0.1,1.4822796149841793,0.8,0,1,1.0,0.442
12TH AV,COMMERCIAL DRIVE,VICTORIA DRIVE,FAIR,323.2,0.524,0.5,0,0.5,90.75423460282639,0.5,0,1,1.0,0.474
14TH AV,OAK ST,LAUREL ST,POOR,182.7,0.694,0.8,0,0.8,91.49459721599527,0.5,0,1,1.0,0.552
19TH AV,CYPRESS ST,PINE CRESCENT,GOOD,1467.4,0.053,0.3,0,0.3,83.45707641775431,0.5,0,1,1.0,0.368
ALMA ST,DUNBAR DIVERSION,11TH AV,POOR,1003.5,0.134,0.8,0,0.8,359.9328893526375,0.8,0,1,1.0,0.543
7TH AV,BRUNSWICK ST,PRINCE EDWARD ST,VERY GOOD,688.3,0.252,0.1,0,0.1,91.75016463249824,0.5,0,1,1.0,0.362
29TH AV,ROSS ST,INVERNESS ST,POOR,1697.8,0.034,0.8,0,0.8,90.50560586610999,0.5,0,1,1.0,0.453
BOUNDARY RD,DUNDAS ST,OXFORD ST,GOOD,951.0,0.149,0.3,0,0.3,0.6939832048116159,0.8,0,1,1.0,0.457
ADERA ST,47TH AV,45TH AV,POOR,958.6,0.147,0.8,0,0.8,1.4951976905820175,0.8,0,1,1.0,0.545
2ND AV,WOODLAND DRIVE,COTTON DRIVE,GOOD,1264.7,0.08,0.3,0,0.3,90.75051651864214,0.5,0,1,1.0,0.372
57TH AV,CARTIER ST,HUDSON ST,VERY POOR,1594.0,0.041,0.95,0,0.95,91.22812187496447,0.5,0,1,1.0,0.48
26TH AV,GLEN DRIVE,INVERNESS ST,VERY GOOD,1490.7,0.051,0.1,0,0.1,91.04937593785172,0.5,0,1,1.0,0.332
BALSAM ST,5TH AV,4TH AV,VERY GOOD,1429.7,0.057,0.1,0,0.1,1.502596628434958,0.8,0,1,1.0,0.408
COMMERCIAL DR,WILLIAM ST,NAPIER ST,POOR,1315.4,0.072,0.8,0,0.8,0.8185004752698433,0.8,0,1,1.0,0.534
22ND AV,FLEMING ST,WELWYN ST,FAIR,713.2,0.24,0.5,0,0.5,91.2025294599718,0.5,0,1,1.0,0.431
BERKELEY ST,UPLAND DRIVE,CLARENDON ST,VERY GOOD,828.8,0.191,0.1,0,0.1,359.752609169099,0.8,0,1,1.0,0.428
7TH AV,TRUTCH ST,BALACLAVA ST,POOR,1347.1,0.068,0.8,0,0.8,91.44719602800984,0.5,0,1,1.0,0.458
38TH AV,WINDSOR ST,ROSS ST,FAIR,1571.7,0.043,0.5,0,0.5,91.10174150207888,0.5,0,1,1.0,0.401
8TH AV,WINDSOR ST,GLEN DRIVE,POOR,1370.5,0.065,0.8,0,0.8,90.77453758580668,0.5,0,1,1.0,0.457
46TH AV,MANITOBA ST,ONTARIO ST,FAIR,331.0,0.516,0.5,0,0.5,91.5809236220964,0.5,0,1,1.0,0.473
48TH AV,GRANVILLE ST,CARTIER ST,VERY POOR,1158.0,0.099,0.95,0,0.95,93.17526258426756,0.5,0,1,1.0,0.489
COOPERAGE WAY,MARINASIDE CRESCENT,SMITHE ST,VERY GOOD,260.7,0.594,0.1,0,0.1,60.26577595075992,0.5,1,1,1.0,0.714
ARGYLE ST,41ST AV,39TH AV,VERY POOR,1541.1,0.046,0.95,0,0.95,1.2726530984721762,0.8,0,1,1.0,0.556
45TH AV,MAIN ST,SOPHIA ST,FAIR,545.0,0.336,0.5,0,0.5,91.77076634520017,0.5,0,1,1.0,0.446
43RD AV,SOPHIA ST,PRINCE EDWARD ST,VERY POOR,827.7,0.191,0.95,0,0.95,91.67515301446912,0.5,0,1,1.0,0.503
57TH AV,ARBUTUS ST,MAPLE ST,FAIR,544.9,0.336,0.5,0,0.5,91.21740212670625,0.5,0,1,1.0,0.446
COLLINGWOOD ST,27TH AV,26TH AV,NO DATA,2240.0,0.011,0.5,1,0.4,0.48887431530772574,0.8,0,1,1.0,0.454
37TH AV,CLARENDON ST,SLOCAN ST,VERY GOOD,256.1,0.599,0.1,0,0.1,90.57759999927418,0.5,0,1,1.0,0.415
27TH AV,WEST END,NOOTKA ST,FAIR,916.9,0.16,0.5,0,0.5,90.49440832566279,0.5,0,1,1.0,0.419
49TH AV,BRUCE ST,COMMERCIAL ST,POOR,1863.0,0.024,0.8,0,0.8,90.81630578255135,0.5,0,1,1.0,0.451
57TH AV,ELLIOTT ST,VIVIAN DRIVE,GOOD,494.6,0.372,0.3,0,0.3,88.02970075545971,0.5,0,1,1.0,0.416
29TH AV,ALEXANDRA ST,GRANVILLE ST,GOOD,526.2,0.349,0.3,0,0.3,91.48897310201659,0.5,0,1,1.0,0.412
BRAKENRIDGE ST,MCBAIN AV,KING EDWARD AV,GOOD,1988.4,0.019,0.3,0,0.3,326.2720868994906,0.8,0,1,1.0,0.437
51ST AV,HUDSON ST,SELKIRK ST,VERY GOOD,1487.9,0.051,0.1,0,0.1,91.33727158132092,0.5,0,1,1.0,0.332
11TH AV,KAMLOOPS ST,PENTICTON ST,POOR,153.4,0.736,0.8,0,0.8,89.9138289629584,0.5,0,1,1.0,0.559
53RD AV,GLADSTONE ST,NANAIMO ST,POOR,1144.4,0.101,0.8,0,0.8,90.87883898650603,0.5,0,1,1.0,0.463
COLLINGWOOD ST,42ND AV,41ST AV,VERY GOOD,667.7,0.263,0.1,0,0.1,0.409348603823787,0.8,0,1,1.0,0.439
12TH AV,TRAFALGAR ST,LARCH ST,VERY GOOD,1953.5,0.02,0.1,0,0.1,91.49906723696995,0.5,0,1,1.0,0.327
CARNARVON ST,CELTIC AV,57TH AV,POOR,73.6,0.863,0.8,0,0.8,1.291020432102357,0.8,0,1,1.0,0.653
2ND AV,ARBUTUS ST,MAPLE ST,FAIR,762.4,0.218,0.5,0,0.5,91.5115725469177,0.5,0,1,1.0,0.428
ARLINGTON ST,WHITHORN COURT,49TH AV,FAIR,847.8,0.183,0.5,0,0.5,21.699485940763225,0.8,0,1,1.0,0.497
33RD AV,CROWN ST,WALLACE ST,FAIR,1789.0,0.028,0.5,0,0.5,90.57047197879325,0.5,0,1,1.0,0.399
14TH AV,ONTARIO ST,QUEBEC ST,VERY POOR,1083.1,0.115,0.95,0,0.95,91.6146510956238,0.5,0,1,1.0,0.492
7TH AV,TOLMIE ST,SASAMAT ST,GOOD,930.3,0.156,0.3,0,0.3,91.46947389703217,0.5,0,1,1.0,0.383
16TH AV,YEW ST,ARBUTUS ST,POOR,1691.1,0.034,0.8,0,0.8,91.52068404573845,0.5,0,1,1.0,0.453
COPLEY ST,NANAIMO ST,18TH AV,GOOD,362.6,0.484,0.3,0,0.3,43.40052375056126,0.8,0,1,1.0,0.508
57TH AV,DUMFRIES ST,FLEMING ST,POOR,1028.0,0.128,0.8,0,0.8,90.6027671741191,0.5,0,1,1.0,0.467
BEVERLY CRES,32ND AV,ALEXANDRA ST,VERY POOR,605.5,0.298,0.95,0,0.95,35.30476951749159,0.8,0,1,1.0,0.594
2ND AV,QUEBEC ST,MAIN ST,VERY GOOD,66.9,0.875,0.1,0,0.1,96.58003594950759,0.5,0,1,1.0,0.456
35TH AV,CAMOSUN ST,CROWN ST,FAIR,1711.3,0.033,0.5,0,0.5,90.82712460546583,0.5,0,1,1.0,0.4
5TH AV,YUKON ST,ALBERTA ST,VERY GOOD,364.1,0.483,0.1,0,0.1,91.71347746767276,0.5,0,1,1.0,0.397
COMMERCIAL DR,KITCHENER ST,CHARLES ST,FAIR,1338.3,0.069,0.5,0,0.5,0.6292894832603224,0.8,0,1,1.0,0.48
CASSIAR ST,OXFORD ST,CAMBRIDGE ST,FAIR,493.5,0.373,0.5,0,0.5,27.112527188137847,0.8,0,1,1.0,0.526
19TH AV,CAROLINA ST,FRASER ST,VERY POOR,1804.2,0.027,0.95,0,0.95,91.47106792035106,0.5,0,1,1.0,0.478
49TH AV,MCCLEERY ST,MACDONALD ST,FAIR,334.8,0.512,0.5,0,0.5,91.0841177154436,0.5,0,1,1.0,0.472
26TH AV,DUNKIRK ST,COLLINGWOOD ST,NO DATA,2345.2,0.009,0.5,1,0.4,90.54211862162043,0.5,0,1,1.0,0.379
51ST AV,VIVIAN ST,DAWSON ST,VERY GOOD,981.3,0.14,0.1,0,0.1,87.37107394089554,0.5,0,1,1.0,0.345
16TH AV,RENFREW ST,NOOTKA ST,FAIR,325.3,0.522,0.5,0,0.5,90.55534453734407,0.5,0,1,1.0,0.473
5TH AV,SCOTIA ST,BRUNSWICK ST,VERY GOOD,443.0,0.412,0.1,0,0.1,91.7100014852154,0.5,0,1,1.0,0.386
19TH AV,HEATHER ST,ASH ST,POOR,631.5,0.283,0.8,0,0.8,91.8138398961085,0.5,0,1,1.0,0.49
27TH AV,CAMOSUN ST,CROWN ST,POOR,2448.6,0.007,0.8,0,0.8,90.54940918088425,0.5,0,1,1.0,0.449
BROUGHTON ST,HARWOOD ST,BURNABY ST,GOOD,521.0,0.353,0.3,0,0.3,46.999892040386726,0.5,0,1,1.0,0.413
10TH AV,OAK ST,LAUREL ST,VERY GOOD,346.5,0.5,0.1,0,0.1,91.50662478310443,0.5,0,1,1.0,0.4
COLLINGWOOD ST,21ST AV,20TH AV,VERY POOR,1917.1,0.022,0.95,0,0.95,0.44362157863992024,0.8,0,1,1.0,0.552
17TH AV,PENTICTON ST,SLOCAN ST,VERY GOOD,605.6,0.298,0.1,0,0.1,90.1328969265536,0.5,0,1,1.0,0.369
BEACH AV,CHILCO ST,GILFORD ST,VERY GOOD,526.9,0.349,0.1,0,0.1,134.83058649509792,0.5,0,1,1.0,0.377
43RD AV,WEST END,WALES ST,NO DATA,752.4,0.222,0.5,1,0.4,90.41062755099591,0.5,0,1,1.0,0.411
BRIGADOON AV,HUMM ST,GLADSTONE ST,POOR,1041.0,0.125,0.8,0,0.8,91.41224235726958,0.5,0,1,1.0,0.467
31ST AV,FLEMING ST,ARGYLE ST,VERY POOR,1413.9,0.059,0.95,0,0.95,90.70478698338303,0.5,0,1,1.0,0.483
7TH AV,NOOTKA ST,LILLOOET ST,FAIR,483.8,0.38,0.5,0,0.5,90.34707871172895,0.5,0,1,1.0,0.452
43RD AV,BALSAM ST,VINE ST,VERY POOR,1038.1,0.125,0.95,0,0.95,91.45206968904068,0.5,0,1,1.0,0.493
38TH AV,OAK ST,WILLOW ST,VERY GOOD,270.9,0.582,0.1,0,0.1,93.08867589317839,0.5,0,1,1.0,0.412
60TH AV,HEATHER ST,ASH ST,VERY POOR,531.6,0.345,0.95,0,0.95,91.39091763298501,0.5,0,1,1.0,0.526
48TH AV,MONTGOMERY ST,OAK ST,FAIR,1232.2,0.085,0.5,0,0.5,93.16532112388734,0.5,0,1,1.0,0.408
ASH ST,37TH AV,MCGUIGAN AV,GOOD,443.9,0.412,0.3,0,0.3,335.2761287914186,0.8,0,1,1.0,0.497
42ND AV,MONTGOMERY ST,OAK ST,FAIR,646.1,0.275,0.5,0,0.5,93.08888227162691,0.5,0,1,1.0,0.436
11TH AV,CROWN ST,WALLACE ST,GOOD,839.7,0.186,0.3,0,0.3,91.43495554322232,0.5,0,1,1.0,0.388
18TH AV,CAMBIE ST,YUKON ST,POOR,749.5,0.223,0.8,0,0.8,92.90046394287418,0.5,0,1,1.0,0.481
COMMERCIAL DR,FRANKLIN ST,PANDORA ST,VERY POOR,1457.4,0.054,0.95,0,0.95,0.9288584753821851,0.8,0,1,1.0,0.557
53RD AV,MCKINNON ST,DOMAN ST,GOOD,976.8,0.142,0.3,0,0.3,90.78444390150565,0.5,0,1,1.0,0.381
42ND AV,MANITOBA ST,ONTARIO ST,POOR,740.7,0.227,0.8,0,0.8,91.67853234987433,0.5,0,1,1.0,0.482
12TH AV,BALACLAVA ST,CARNARVON ST,GOOD,1696.1,0.034,0.3,0,0.3,91.48436932528375,0.5,0,1,1.0,0.365
4TH AV,TRAFALGAR ST,LARCH ST,GOOD,1560.2,0.044,0.3,0,0.3,91.50351503758435,0.5,0,1,1.0,0.366
17TH AV,WINDERMERE ST,RUPERT ST,VERY POOR,486.3,0.378,0.95,0,0.95,90.25639279579644,0.5,0,1,1.0,0.531
14TH AV,GRANVILLE ST,HEMLOCK ST,GOOD,662.8,0.266,0.3,0,0.3,91.48206505268257,0.5,0,1,1.0,0.4
BALACLAVA ST,24TH AV,23RD AV,GOOD,2401.4,0.008,0.3,0,0.3,0.5320535328369829,0.8,0,1,1.0,0.436
34TH AV,CAMOSUN ST,CROWN ST,FAIR,1797.5,0.027,0.5,0,0.5,90.8531073911671,0.5,0,1,1.0,0.399
23RD AV,WEST END,CAROLINA ST,VERY GOOD,1503.2,0.049,0.1,0,0.1,91.46675626830478,0.5,0,1,1.0,0.332
COLLINGWOOD ST,14TH AV,13TH AV,VERY POOR,1337.1,0.069,0.95,0,0.95,1.516750898811381,0.8,0,1,1.0,0.56
37TH AV,EAST BOULEVARD,MAPLE ST,FAIR,1076.3,0.116,0.5,0,0.5,91.43377323121172,0.5,0,1,1.0,0.412
39TH AV,ONTARIO ST,QUEBEC ST,VERY POOR,383.2,0.465,0.95,0,0.95,91.90590746696898,0.5,0,1,1.0,0.544
54TH AV,OAK ST,FREMLIN ST,GOOD,1099.3,0.111,0.3,0,0.3,91.33981509892828,0.5,0,1,1.0,0.376
64TH AV,COLUMBIA ST,MANITOBA ST,VERY GOOD,76.9,0.858,0.1,0,0.1,92.05084793541863,0.5,0,1,1.0,0.454
CLARENDON ST,38TH AV,37TH AV,POOR,345.3,0.501,0.8,0,0.8,0.5272965812720827,0.8,0,1,1.0,0.598
14TH AV,DISCOVERY ST,COURTENAY ST,NO DATA,1209.3,0.089,0.5,1,0.4,91.48871908701835,0.5,0,1,1.0,0.391
4TH AV,CASSIAR ST,SKEENA ST,GOOD,388.0,0.46,0.3,0,0.3,89.8954274915676,0.5,0,1,1.0,0.429
37TH AV,CHAMBERS ST,WALES ST,VERY GOOD,78.8,0.854,0.1,0,0.1,90.50319481304302,0.5,0,1,1.0,0.453
BURRARD ST,14TH AV,13TH AV,VERY GOOD,1103.1,0.11,0.1,0,0.1,1.511771665437891,0.8,0,1,1.0,0.416
5TH AV,NANAIMO ST,KAMLOOPS ST,VERY GOOD,456.6,0.401,0.1,0,0.1,90.0746666157882,0.5,0,1,1.0,0.385
COPLEY ST,15TH AV,GRANDVIEW HWY,FAIR,431.3,0.422,0.5,0,0.5,0.20203808381330646,0.8,0,1,1.0,0.533
53RD AV,COMMERCIAL ST,BEATRICE ST,GOOD,1505.9,0.049,0.3,0,0.3,91.03663005277764,0.5,0,1,1.0,0.367
49TH AV,ALBERTA ST,COLUMBIA ST,VERY POOR,71.9,0.866,0.95,0,0.95,93.27750957445494,0.5,0,1,1.0,0.605
5TH AV,TRAFALGAR ST,LARCH ST,VERY POOR,1621.6,0.039,0.95,0,0.95,90.62523194561618,0.5,0,1,1.0,0.48
BUSCOMBE ST,SE MARINE DRIVE,64TH AV,VERY POOR,626.9,0.285,0.95,0,0.95,1.1652255312692432,0.8,0,1,1.0,0.592
ANGUS DR,41ST AV,40TH AV,VERY GOOD,813.1,0.197,0.1,0,0.1,1.4584610356575354,0.8,0,1,1.0,0.429
ADANAC ST,KOOTENAY ST,BOUNDARY ROAD,VERY POOR,450.1,0.406,0.95,0,0.95,90.13743453065587,0.5,0,1,1.0,0.536
47TH AV,GRANVILLE ST,CARTIER ST,NO DATA,1057.1,0.121,0.5,1,0.4,91.66174170036845,0.5,0,1,1.0,0.395
BALSAM ST,SW MARINE DRIVE,51ST AV,GOOD,232.5,0.628,0.3,0,0.3,4.024939321094507,0.8,0,1,1.0,0.529
COLUMBIA ST,16TH AV,15TH AV,POOR,875.4,0.174,0.8,0,0.8,1.5110233363605516,0.8,0,1,1.0,0.549
BURRARD ST,DAVIE ST,COMOX ST,FAIR,77.6,0.856,0.5,0,0.5,44.77451872755711,0.8,0,1,1.0,0.599
33RD AV,MAIN ST,WALDEN ST,FAIR,332.4,0.514,0.5,0,0.5,91.84241405175027,0.5,0,1,1.0,0.472
22ND AV,DUMFRIES ST,FLEMING ST,GOOD,836.7,0.188,0.3,0,0.3,91.22037078141028,0.5,0,1,1.0,0.388
39TH AV,GLADSTONE ST,NANAIMO ST,GOOD,658.4,0.268,0.3,0,0.3,90.51314739514311,0.5,0,1,1.0,0.4
54TH AV,EAST BOULEVARD,LABURNUM ST,VERY POOR,832.7,0.189,0.95,0,0.95,91.12251110642848,0.5,0,1,1.0,0.503
BERING AV,FRONTENAC ST,LA SALLE ST,GOOD,1045.6,0.124,0.3,0,0.3,90.61913859328246,0.5,0,1,1.0,0.378
22ND AV,RUPERT ST,CASSIAR ST,POOR,707.9,0.243,0.8,0,0.8,89.96206976343888,0.5,0,1,1.0,0.484
19TH AV,NOOTKA ST,LILLOOET ST,POOR,568.2,0.321,0.8,0,0.8,90.13803700119615,0.5,0,1,1.0,0.496
24TH AV,RUPERT ST,CASSIAR ST,FAIR,506.9,0.363,0.5,0,0.5,90.66235441538379,0.5,0,1,1.0,0.45
42ND AV,MACKENZIE ST,MACDONALD ST,NO DATA,963.6,0.146,0.5,1,0.4,90.27208550798991,0.5,0,1,1.0,0.399
36TH AV,PRINCE EDWARD ST,ST. GEORGE ST,NO DATA,641.8,0.277,0.5,1,0.4,91.64987409157641,0.5,0,1,1.0,0.419
38TH AV,DUNBAR ST,COLLINGWOOD ST,NO DATA,1097.1,0.111,0.5,1,0.4,90.50888983740197,0.5,0,1,1.0,0.394
BURRARD ST,15TH AV,14TH AV,VERY GOOD,1153.4,0.1,0.1,0,0.1,1.5372854817769053,0.8,0,1,1.0,0.414
19TH AV,DUNBAR ST,COLLINGWOOD ST,NO DATA,1731.1,0.031,0.5,1,0.4,90.48300908660258,0.5,0,1,1.0,0.382
12TH AV,COLUMBIA ST,MANITOBA ST,VERY POOR,696.7,0.248,0.95,0,0.95,91.56340027362802,0.5,0,1,1.0,0.512
64TH AV,WEST END,BORDEN ST,GOOD,346.4,0.5,0.3,0,0.3,90.16290110842311,0.5,0,1,1.0,0.435
BEACH AV,DAVIE ST,DENMAN ST,GOOD,694.8,0.249,0.3,0,0.3,178.42363211691497,0.2,0,1,1.0,0.322
21ST AV,ST. GEORGE ST,CAROLINA ST,POOR,1572.6,0.043,0.8,0,0.8,91.46331881813728,0.5,0,1,1.0,0.454
ALEXANDRA ST,26TH AV,KING EDWARD AV,FAIR,893.1,0.168,0.5,0,0.5,1.4754731968932333,0.8,0,1,1.0,0.495
15TH AV,STEPHENS ST,TRAFALGAR ST,NO DATA,2255.4,0.011,0.5,1,0.4,91.49664561439238,0.5,0,1,1.0,0.379
12TH AV,SASAMAT ST,TRIMBLE ST,FAIR,1156.7,0.099,0.5,0,0.5,91.51426071337028,0.5,0,1,1.0,0.41
BONNYVALE AV,GLADSTONE ST,STIRLING ST,VERY POOR,965.3,0.145,0.95,0,0.95,90.63270790113069,0.5,0,1,1.0,0.496
6TH AV,OAK ST,LAUREL ST,FAIR,72.5,0.865,0.5,0,0.5,91.5251053895501,0.5,1,1,1.0,0.825
22ND AV,ST. GEORGE ST,CAROLINA ST,GOOD,1518.7,0.048,0.3,0,0.3,91.48436719452445,0.5,0,1,1.0,0.367
7TH AV,COMMERCIAL DRIVE,VICTORIA DRIVE,FAIR,785.9,0.208,0.5,0,0.5,90.69246023974392,0.5,0,1,1.0,0.426
33RD AV,PRINCE EDWARD ST,FRASER ST,VERY POOR,649.5,0.273,0.95,0,0.95,91.47625398819218,0.5,0,1,1.0,0.515
17TH AV,LAUREL ST,WILLOW ST,FAIR,406.8,0.443,0.5,0,0.5,91.72516180580203,0.5,0,1,1.0,0.462
BALACLAVA ST,29TH AV,28TH AV,VERY GOOD,2048.2,0.017,0.1,0,0.1,0.45722237200146765,0.8,0,1,1.0,0.402
47TH AV,KNIGHT ST,LANARK ST,FAIR,2087.2,0.015,0.5,0,0.5,91.18593399731589,0.5,0,1,1.0,0.397
CHERRY ST,JOYCE ST,STAMFORD ST,GOOD,1049.4,0.123,0.3,0,0.3,121.99397038384802,0.5,0,1,1.0,0.378
18TH AV,DIEPPE DRIVE,BOUNDARY ROAD,POOR,802.8,0.201,0.8,0,0.8,90.08057100366563,0.5,0,1,1.0,0.478
30TH AV,32ND AV / BALDWIN ST,NANAIMO ST,GOOD,682.1,0.256,0.3,0,0.3,126.12379873212956,0.5,0,1,1.0,0.398
62ND AV,MUNROE CRESCENT,63RD AV,POOR,243.0,0.615,0.8,0,0.8,91.81148087478834,0.5,0,1,1.0,0.54
33RD AV,GLADSTONE ST,NANAIMO ST,GOOD,629.6,0.284,0.3,0,0.3,90.54726698557738,0.5,0,1,1.0,0.402
27TH AV,SIDNEY ST,GLADSTONE ST,POOR,846.0,0.184,0.8,0,0.8,90.20443671006473,0.5,0,1,1.0,0.476
4TH AV,ALMA ST,DUNBAR ST,FAIR,570.0,0.32,0.5,0,0.5,91.53269631469277,0.5,0,1,1.0,0.443
64TH AV,HARRISON DRIVE / LEASIDE ST,VICTORIA DRIVE,GOOD,447.7,0.408,0.3,0,0.3,103.18010118659231,0.5,0,1,1.0,0.421
BAYSWATER ST,5TH AV,4TH AV,GOOD,1618.1,0.039,0.3,0,0.3,1.4598731406883303,0.8,0,1,1.0,0.44
COMMERCIAL ST,41ST AV,40TH AV,GOOD,1380.6,0.063,0.3,0,0.3,1.1230147590888464,0.8,0,1,1.0,0.444
COLLINGWOOD ST,29TH AV,28TH AV,POOR,2030.2,0.017,0.8,0,0.8,0.49220185986490606,0.8,0,1,1.0,0.525
7TH AV,TRAFALGAR ST,LARCH ST,FAIR,1721.6,0.032,0.5,0,0.5,90.81133546431488,0.5,0,1,1.0,0.4
ASH ST,70TH AV,SW MARINE DRIVE,GOOD,322.1,0.525,0.3,0,0.3,2.192740981739803,0.8,0,1,1.0,0.514
59TH AV,HEATHER ST,ASH ST,FAIR,600.7,0.301,0.5,0,0.5,91.10208915812876,0.5,0,1,1.0,0.44
4TH AV,COLLINGWOOD ST,WATERLOO ST,GOOD,853.3,0.181,0.3,0,0.3,91.525261635444,0.5,0,1,1.0,0.387
69TH AV,HEATHER ST,ASH ST,GOOD,407.1,0.443,0.3,0,0.3,91.24795745938144,0.5,0,1,1.0,0.426
CARTIER ST,47TH AV,46TH AV,VERY GOOD,956.6,0.148,0.1,0,0.1,1.3815245236665987,0.8,0,1,1.0,0.421
45TH AV,ANGUS DRIVE,WILTSHIRE ST,VERY GOOD,1076.5,0.116,0.1,0,0.1,91.46440948472986,0.5,0,1,1.0,0.342
CHARLES ST,CLARK DRIVE,ODLUM DRIVE,POOR,790.1,0.206,0.8,0,0.8,91.76802726410864,0.5,0,1,1.0,0.479
ARBUTUS ST,NANTON AV,KING EDWARD AV,FAIR,1438.9,0.056,0.5,0,0.5,1.5186338433749142,0.8,0,1,1.0,0.478
6TH AV,PRINCE EDWARD ST,ST. GEORGE ST,GOOD,674.6,0.259,0.3,0,0.3,90.74630634714686,0.5,0,1,1.0,0.399
44TH AV,CARNARVON ST,MACKENZIE ST,NO DATA,674.9,0.259,0.5,1,0.4,90.33131908504726,0.5,0,1,1.0,0.416
57TH AV,ONTARIO ST,QUEBEC ST,POOR,249.8,0.607,0.8,0,0.8,91.91529844175284,0.5,0,1,1.0,0.539
25TH AV,RUPERT ST,CASSIAR ST,POOR,411.6,0.439,0.8,0,0.8,90.590559862053,0.5,0,1,1.0,0.514
ATHLONE ST,45TH AV,43RD AV,NO DATA,651.9,0.272,0.5,1,0.4,1.3891715495662424,0.8,0,1,1.0,0.493
44TH AV,EARLES ST,KILLARNEY ST,GOOD,822.0,0.193,0.3,0,0.3,91.22426477596451,0.5,0,1,1.0,0.389
38TH AV,BLENHEIM ST,BALACLAVA ST,NO DATA,1080.3,0.115,0.5,1,0.4,93.90889757721965,0.5,0,1,1.0,0.395
28TH AV,PEVERIL AV,ONTARIO ST,FAIR,409.0,0.441,0.5,0,0.5,79.67706161761106,0.5,0,1,1.0,0.461
ARBUTUS ST,SW MARINE DRIVE,60TH AV,VERY POOR,403.0,0.447,0.95,0,0.95,5.669718250267749,0.8,0,1,1.0,0.617
BONSAI ST,17TH AV,16TH AV,VERY POOR,2318.9,0.01,0.95,0,0.95,0.5096663816848945,0.8,0,1,1.0,0.551
39TH AV,HEATHER ST,MANSON ST,FAIR,746.5,0.225,0.5,0,0.5,93.08220738855277,0.5,0,1,1.0,0.429
60TH AV,ROSS ST,INVERNESS ST,VERY POOR,794.0,0.204,0.95,0,0.95,90.46407611985717,0.5,0,1,1.0,0.505
69TH AV,ONTARIO ST,MAIN ST,GOOD,467.5,0.393,0.3,0,0.3,91.97427541705486,0.5,0,1,1.0,0.419
KEITH DR,SOUTH END,7TH AV,VERY GOOD,1333.4,0.069,0.1,0,0.1,0.8260051896440928,0.8,0,1,1.0,0.41
DOMAN ST,50TH AV,49TH AV,GOOD,1237.4,0.084,0.3,0,0.3,1.6665963364092704,0.8,0,1,1.0,0.447
MACDONALD ST,22ND AV,21ST AV,POOR,2604.7,0.005,0.8,0,0.8,0.4973464099051057,0.8,0,1,1.0,0.524
GRANVILLE ST,DRAKE ST,DAVIE ST,VERY GOOD,404.4,0.445,0.1,0,0.1,44.749081148686685,0.8,0,1,1.0,0.466
ELM ST,39TH AV,37TH AV,VERY POOR,1386.4,0.062,0.95,0,0.95,1.468371474588821,0.8,0,1,1.0,0.559
KOOTENAY ST,FRANKLIN ST,PANDORA ST,VERY GOOD,943.8,0.151,0.1,0,0.1,0.14063035239280453,0.8,0,1,1.0,0.422
HOMER ST,NELSON ST,SMITHE ST,GOOD,237.0,0.622,0.3,0,0.3,44.761873607011466,0.8,0,1,1.0,0.528
DUNLEVY AV,PRIOR ST,UNION ST,GOOD,493.1,0.373,0.3,0,0.3,1.9244686375993183,0.8,0,1,1.0,0.491
KENT AV S,VICTORIA DRIVE,KENT AV NORTH,GOOD,32.5,0.937,0.3,0,0.3,107.5456654825864,0.5,0,1,1.0,0.501
MAGNOLIA ST,29TH AV,28TH AV,VERY GOOD,1117.0,0.107,0.1,0,0.1,333.3960733376529,0.8,0,1,1.0,0.415
JOYCE ST,MOSCROP ST,29TH AV,VERY POOR,186.2,0.689,0.95,0,0.95,33.9041060209571,0.8,0,1,1.0,0.653
KITCHENER ST,WINDERMERE ST,RUPERT ST,FAIR,222.0,0.642,0.5,0,0.5,90.0927101844473,0.5,0,1,1.0,0.492
CYPRESS ST,52ND AV,50TH AV,NO DATA,1064.1,0.119,0.5,1,0.4,1.2294333881135344,0.8,0,1,1.0,0.47
GRANT ST,PENTICTON ST,SLOCAN ST,GOOD,1109.6,0.109,0.3,0,0.3,90.1052027934777,0.5,0,1,1.0,0.376
MACKENZIE ST,44TH AV,43RD AV,FAIR,804.2,0.2,0.5,0,0.5,0.505886470056339,0.8,0,1,1.0,0.5
FRASER ST,16TH AV,15TH AV,GOOD,1674.4,0.035,0.3,0,0.3,22.057695396511917,0.8,0,1,1.0,0.44
LAUREL ST,12TH AV,10TH AV,POOR,223.0,0.64,0.8,0,0.8,1.520388648590199,0.8,0,1,1.0,0.619
DUNBAR ST,47TH AV,SW MARINE DRIVE,GOOD,417.5,0.434,0.3,0,0.3,0.8920031857455228,0.8,0,1,1.0,0.5
DUMFRIES ST,49TH AV,47TH AV,FAIR,1824.3,0.026,0.5,0,0.5,1.5321968135986026,0.8,0,1,1.0,0.474
GARDEN DR,ADANAC ST,GEORGIA ST,FAIR,1201.1,0.091,0.5,0,0.5,0.28769053309679293,0.8,0,1,1.0,0.483
CRANBERRY DR,SALAL DRIVE,10TH AV,GOOD,1329.7,0.07,0.3,0,0.3,358.88539470170315,0.8,0,1,1.0,0.445
HUDSON ST,59TH AV,58TH AV,VERY POOR,1500.5,0.05,0.95,0,0.95,1.439390109434953,0.8,0,1,1.0,0.557
FLEMING ST,31ST AV,29TH AV,GOOD,1363.6,0.065,0.3,0,0.3,0.44755719212469103,0.8,0,1,1.0,0.444
LANARK ST,49TH AV,47TH AV,GOOD,1824.0,0.026,0.3,0,0.3,1.3389284829680719,0.8,0,1,1.0,0.438
FRASER ST,BROADWAY,8TH AV,GOOD,1172.0,0.096,0.3,0,0.3,0.6551464455999394,0.8,0,1,1.0,0.449
MACKENZIE ST,36TH AV,35TH AV,POOR,1468.7,0.053,0.8,0,0.8,0.46047827474603764,0.8,0,1,1.0,0.531
KILLARNEY ST,54TH AV,52ND AV,FAIR,719.4,0.237,0.5,0,0.5,2.0848549898606166,0.8,0,1,1.0,0.506
LANCASTER ST,52ND AV,51ST AV,POOR,952.5,0.149,0.8,0,0.8,2.0358224854230116,0.8,0,1,1.0,0.545
HEMLOCK ST,BROADWAY,8TH AV,VERY GOOD,278.4,0.573,0.1,0,0.1,1.4835598250205067,0.8,0,1,1.0,0.486
KAMLOOPS ST,27TH AV,26TH AV,FAIR,967.8,0.144,0.5,0,0.5,0.1624439722681359,0.8,0,1,1.0,0.492
GEORGIA ST,MAIN ST,GORE AV,VERY POOR,250.1,0.606,0.95,0,0.95,91.79375032698846,0.5,0,1,1.0,0.566
DUFF ST,BRIGADOON AV,UPLAND DRIVE,GOOD,1050.8,0.122,0.3,0,0.3,1.4031350491297871,0.8,0,1,1.0,0.453
CORNWALL AV,CHESTNUT ST,BURRARD ST,FAIR,431.9,0.422,0.5,0,0.5,76.5818738688746,0.5,0,1,1.0,0.458
KENT AV N,KINROSS ST,CROMWELL ST,POOR,216.4,0.649,0.8,0,0.8,102.10847609196514,0.5,0,1,1.0,0.546
ELLIOTT ST,57TH AV,56TH AV,GOOD,631.9,0.283,0.3,0,0.3,336.8399623343714,0.8,0,1,1.0,0.477
MACDONALD ST,23RD AV,22ND AV,POOR,2595.4,0.006,0.8,0,0.8,0.497677536412084,0.8,0,1,1.0,0.524
MARGUERITE ST,40TH AV,38TH AV,POOR,565.5,0.323,0.8,0,0.8,1.7083963251835712,0.8,0,1,1.0,0.571
GRAVELEY ST,GARDEN DRIVE,NANAIMO ST,POOR,981.6,0.14,0.8,0,0.8,88.88534621196118,0.5,0,1,1.0,0.469
HEATHER ST,57TH AV,54TH AV,POOR,870.9,0.175,0.8,0,0.8,1.3507771611156159,0.8,0,1,1.0,0.549
GLADSTONE ST,53RD AV,52ND AV,VERY POOR,1320.7,0.071,0.95,0,0.95,1.0149898045871737,0.8,0,1,1.0,0.56
GRANT ST,KASLO ST,RENFREW ST,VERY GOOD,980.1,0.141,0.1,0,0.1,90.10015186364149,0.5,0,1,1.0,0.345
LARCH ST,6TH AV,5TH AV,VERY GOOD,1621.0,0.039,0.1,0,0.1,1.499957494568207,0.8,0,1,1.0,0.405
KERR ST,62ND AV,ROSEMONT DRIVE,VERY GOOD,186.0,0.689,0.1,0,0.1,1.786249937644527,0.8,0,1,1.0,0.503
HEATHER ST,33RD AV,32ND AV,VERY GOOD,413.4,0.437,0.1,0,0.1,1.3680590528675793,0.8,0,1,1.0,0.465
MALKIN AV,HAWKS AV,CHESS ST,GOOD,79.3,0.853,0.3,0,0.3,119.48190214099952,0.5,0,1,1.0,0.488
EDDINGTON DR,BRAKENRIDGE ST,TOWNLEY ST,VERY GOOD,1704.4,0.033,0.1,0,0.1,45.655123715733,0.5,0,1,1.0,0.329
HUDSON ST,CONNAUGHT DRIVE,DEVONSHIRE CRESCENT,VERY POOR,429.7,0.423,0.95,0,0.95,34.401461289829285,0.8,0,1,1.0,0.613
JASPER CRES,63RD AV,62ND AV,VERY POOR,578.0,0.315,0.95,0,0.95,312.5264561660962,0.5,0,1,1.0,0.522
GEORGIA ST,NOOTKA ST,LILLOOET ST,VERY POOR,351.3,0.495,0.95,0,0.95,90.1364894734125,0.5,0,1,1.0,0.549
GLEN DR,HASTINGS ST,LANE,POOR,764.0,0.217,0.8,0,0.8,0.7800950550013681,0.8,0,1,1.0,0.555
GREER AV,CYPRESS ST,CHESTNUT ST,VERY GOOD,370.9,0.476,0.1,0,0.1,85.9577759104182,0.5,0,1,1.0,0.396
MANITOBA ST,11TH AV,10TH AV,FAIR,814.7,0.196,0.5,0,0.5,1.661409063398537,0.8,0,1,1.0,0.499
KENT AV S,ARGYLE ST,VICTORIA DRIVE,GOOD,44.0,0.916,0.3,0,0.3,113.66026625380715,0.5,0,1,1.0,0.498
DUNBAR ST,BROADWAY,8TH AV,GOOD,883.7,0.171,0.3,0,0.3,1.5232997678823494,0.8,0,1,1.0,0.46
FIR ST,8TH AV,7TH AV,FAIR,551.4,0.332,0.5,0,0.5,1.4485066200713277,0.8,1,1,1.0,0.82
MAIN ST,POWELL ST,ALEXANDER ST,GOOD,452.2,0.405,0.3,0,0.3,1.747453545959047,0.8,0,1,1.0,0.496
FRASER ST,24TH AV,23RD AV,VERY GOOD,1575.7,0.043,0.1,0,0.1,1.4754786487193883,0.8,0,1,1.0,0.406
GLADSTONE ST,29TH AV,28TH AV,POOR,956.1,0.148,0.8,0,0.8,0.4176952591182612,0.8,0,1,1.0,0.545
GEORGIA ST,RUPERT ST,EAST END,GOOD,546.7,0.335,0.3,0,0.3,90.06188945619351,0.5,0,1,1.0,0.41
MAIN ST,54TH AV,53RD AV,POOR,509.9,0.361,0.8,0,0.8,1.885828829738557,0.8,0,1,1.0,0.577
KITCHENER ST,NANAIMO ST,KAMLOOPS ST,GOOD,1186.6,0.093,0.3,0,0.3,89.99949814003327,0.5,0,1,1.0,0.374
LEASIDE ST,64TH AV,JASPER CRESCENT,VERY GOOD,447.7,0.408,0.1,0,0.1,12.849256675326899,0.8,0,1,1.0,0.461
MACDONALD ST,14TH AV,13TH AV,VERY GOOD,2108.2,0.015,0.1,0,0.1,1.4944446573816776,0.8,0,1,1.0,0.401
HUDSON ST,39TH AV,38TH AV,FAIR,205.9,0.662,0.5,0,0.5,1.3546644056111177,0.8,0,1,1.0,0.57
LAUREL ST,27TH AV,26TH AV,GOOD,806.8,0.199,0.3,0,0.3,1.5130081907920498,0.8,0,1,1.0,0.465
MAINLAND ST,NELSON ST,HELMCKEN ST,VERY POOR,172.9,0.708,0.95,0,0.95,224.8336461836405,0.2,0,1,1.0,0.506
JOYCE ST,CHERRY ST,EUCLID AV,FAIR,918.6,0.159,0.5,0,0.5,32.76731177146263,0.8,0,1,1.0,0.494
ELGIN ST,31ST AV,29TH AV,FAIR,1707.0,0.033,0.5,0,0.5,0.40300900487903846,0.8,0,1,1.0,0.475
LAUREL ST,16TH AV,15TH AV,FAIR,265.0,0.589,0.5,0,0.5,359.8008690357132,0.8,0,1,1.0,0.559
HEATHER ST,66TH AV,64TH AV,FAIR,619.0,0.29,0.5,0,0.5,1.4998281413938912,0.8,0,1,1.0,0.514
LARCH ST,3RD AV,2ND AV,GOOD,1445.5,0.056,0.3,0,0.3,1.484059494767962,0.8,0,1,1.0,0.443
CYPRESS ST,HOSMER AV,CEDAR CRESCENT,GOOD,1587.8,0.042,0.3,0,0.3,1.4913321173197573,0.8,0,1,1.0,0.441
CORNWALL AV,BALSAM ST,VINE ST,VERY POOR,998.0,0.136,0.95,0,0.95,91.49922861642523,0.5,0,1,1.0,0.495
FINDLAY ST,VICTORIA DIVERSION,15TH AV,VERY POOR,319.2,0.528,0.95,0,0.95,4.089230626313906,0.8,0,1,1.0,0.629
HEATHER ST,27TH AV,26TH AV,VERY POOR,518.9,0.354,0.95,0,0.95,1.6464967839880273,0.8,0,1,1.0,0.603
KENT AV N,OAK ST,SHAUGHNESSY ST,POOR,289.8,0.56,0.8,0,0.8,70.62679106588143,0.5,1,1,1.0,0.832
DOMAN ST,46TH AV,45TH AV,VERY GOOD,1386.2,0.063,0.1,0,0.1,1.778196394235465,0.8,0,1,1.0,0.409
FRASER ST,47TH AV,46TH AV,VERY POOR,1146.5,0.101,0.95,0,0.95,0.9964845182350359,0.8,0,1,1.0,0.564
DUFF ST,SOUTH END,SE MARINE DRIVE,GOOD,137.5,0.76,0.3,0,0.3,2.8690589643449584,0.8,0,1,1.0,0.549
GOTHARD ST,NORQUAY ST,29TH AV,GOOD,604.5,0.299,0.3,0,0.3,32.56235565233703,0.8,0,1,1.0,0.48
LAUREL ST,20TH AV,19TH AV,GOOD,620.3,0.289,0.3,0,0.3,1.5582287386959024,0.8,0,1,1.0,0.478
HIGHBURY ST,24TH AV,23RD AV,NO DATA,2064.5,0.016,0.5,1,0.4,0.48390123927640616,0.8,0,1,1.0,0.455
MACDONALD ST,8TH AV,7TH AV,VERY GOOD,1866.0,0.024,0.1,0,0.1,1.467055717891867,0.8,0,1,1.0,0.403
MAPLE ST,4TH AV,3RD AV,VERY POOR,781.7,0.209,0.95,0,0.95,1.5479334013075459,0.8,0,1,1.0,0.581
DENMAN ST,ROBSON ST,GEORGIA ST,POOR,108.3,0.805,0.8,0,0.8,44.84588305891373,0.8,0,1,1.0,0.644
MACDONALD ST,45TH AV,44TH AV,POOR,744.3,0.226,0.8,0,0.8,0.3473873499902993,0.8,0,1,1.0,0.557
HARO ST,BUTE ST,THURLOW ST,VERY POOR,308.8,0.539,0.95,0,0.95,134.79585917468125,0.5,0,1,1.0,0.556
ISLAND AV,ARGYLE ST,BEATRICE ST,FAIR,190.4,0.683,0.5,0,0.5,113.48119746572081,0.5,0,1,1.0,0.498
INVERNESS ST,54TH AV,53RD AV,GOOD,1332.0,0.07,0.3,0,0.3,1.504471145723869,0.8,0,1,1.0,0.445
KASLO ST,8TH AV,7TH AV,VERY POOR,623.0,0.288,0.95,0,0.95,0.28489125373710067,0.8,0,1,1.0,0.593
HEMLOCK ST,12TH AV,11TH AV,VERY GOOD,403.6,0.446,0.1,0,0.1,1.5107617768681507,0.8,0,1,1.0,0.466
HORNBY ST,ROBSON ST,GEORGIA ST,VERY GOOD,83.2,0.847,0.1,0,0.1,44.765683217647506,0.8,0,1,1.0,0.527
GALT ST,BALDWIN ST,NANAIMO ST,POOR,734.1,0.23,0.8,0,0.8,124.68567001898157,0.5,0,1,1.0,0.482
MACDONALD ST,15TH AV,14TH AV,VERY GOOD,2159.5,0.013,0.1,0,0.1,1.49394501026336,0.8,0,1,1.0,0.401
CROWN ST,14TH AV,13TH AV,FAIR,1041.6,0.125,0.5,0,0.5,1.4465918461270348,0.8,0,1,1.0,0.489
CORNWALL AV,YEW ST,ARBUTUS ST,POOR,716.5,0.239,0.8,0,0.8,91.53117208847459,0.5,0,1,1.0,0.484
KING EDWARD AV,HEATHER ST,ASH ST,GOOD,568.0,0.321,0.3,0,0.3,91.60966013076376,0.5,0,1,1.0,0.408
DUMFRIES ST,47TH AV,45TH AV,FAIR,1969.7,0.019,0.5,0,0.5,1.5062786946025426,0.8,0,1,1.0,0.473
KEEFER ST,HEATLEY AV,HAWKS AV,VERY GOOD,393.6,0.455,0.1,0,0.1,93.55224201450858,0.5,0,1,1.0,0.393
HEATHER ST,54TH AV,52ND AV,FAIR,870.8,0.175,0.5,0,0.5,1.3455534566450638,0.8,0,1,1.0,0.496
KEEFER PL,WEST END,ABBOTT ST,VERY GOOD,45.8,0.912,0.1,0,0.1,104.15818398167971,0.5,0,1,1.0,0.462
ELGIN ST,47TH AV,45TH AV,NO DATA,1647.4,0.037,0.5,1,0.4,0.979424110141963,0.8,0,1,1.0,0.458
HUDSON ST,SW MARINE DRIVE,73RD AV,VERY GOOD,287.0,0.563,0.1,0,0.1,1.5092736829070645,0.8,0,1,1.0,0.484
KILLARNEY ST,ELMHURST DRIVE,56TH AV,POOR,479.2,0.384,0.8,0,0.8,39.26187002928731,0.8,0,1,1.0,0.581
KINGS LYNN ST,PETERSHAM AV,46TH AV,VERY GOOD,1700.7,0.033,0.1,0,0.1,359.6516754570493,0.8,0,1,1.0,0.404
CULLODEN ST,35TH AV,34TH AV,FAIR,1938.9,0.021,0.5,0,0.5,1.1113626369676126,0.8,0,1,1.0,0.473
FRASER ST,57TH AV,56TH AV,POOR,1288.2,0.076,0.8,0,0.8,1.0373444393508748,0.8,0,1,1.0,0.534
KEEFER PL,ABBOTT ST,TAYLOR ST,GOOD,34.5,0.933,0.3,0,0.3,103.97240858685387,0.5,0,1,1.0,0.5
LAURIER AV,SELKIRK ST,OSLER ST,VERY POOR,1106.4,0.109,0.95,0,0.95,91.48220907025893,0.5,0,1,1.0,0.491
KENT AV N,BORDEN ST,ARGYLE ST,GOOD,89.0,0.837,0.3,0,0.3,107.65931070105108,0.5,0,1,1.0,0.486
FRASER ST,10TH AV,BROADWAY,POOR,1237.5,0.084,0.8,0,0.8,0.6873539915551419,0.8,0,1,1.0,0.535
LAUREL ST,70TH AV,69TH AV,VERY GOOD,669.5,0.262,0.1,0,0.1,4.496223505142325,0.8,0,1,1.0,0.439
KASLO ST,WILLIAM ST,PARKER ST,VERY GOOD,757.5,0.22,0.1,0,0.1,0.6846139824907596,0.8,0,1,1.0,0.432
LINDEN RD,QUILCHENA CRESCENT,CYPRESS ST,GOOD,881.2,0.172,0.3,0,0.3,107.00890927651938,0.5,0,1,1.0,0.385
DOGWOOD AV,GRANVILLE ST,CARTIER ST,FAIR,1639.4,0.038,0.5,0,0.5,91.35286051805724,0.5,0,1,1.0,0.401
CULLODEN ST,45TH AV,43RD AV,VERY GOOD,2050.6,0.017,0.1,0,0.1,1.4498320233540198,0.8,0,1,1.0,0.402
LAKEWOOD DR,BROADWAY,8TH AV,GOOD,479.4,0.383,0.3,0,0.3,0.7539804320909411,0.8,0,1,1.0,0.492
GEORGIA ST,WOODLAND DRIVE,COMMERCIAL DRIVE,GOOD,1133.5,0.104,0.3,0,0.3,91.11275387685566,0.5,0,1,1.0,0.375
CROWN CRES,8TH AV,CAMOSUN ST,VERY GOOD,622.8,0.288,0.1,0,0.1,113.71385987412475,0.5,0,1,1.0,0.368
MARGUERITE ST,38TH AV,37TH AV,VERY POOR,518.0,0.355,0.95,0,0.95,11.437400335434518,0.8,0,1,1.0,0.603
GRANVILLE ST 1,BEACH AV / BEACH CRESCENT,PACIFIC ST,VERY GOOD,598.2,0.302,0.1,0,0.1,44.75517658890317,0.8,0,1,1.0,0.445
MANITOBA ST,45TH AV,44TH AV,VERY POOR,454.5,0.403,0.95,0,0.95,1.6137346074772267,0.8,0,1,1.0,0.61
HIGHBURY ST,30TH AV,29TH AV,VERY GOOD,2009.3,0.018,0.1,0,0.1,0.5706207912959371,0.8,0,1,1.0,0.402
GRANT ST,KAMLOOPS ST,PENTICTON ST,GOOD,1084.1,0.114,0.3,0,0.3,90.07460418821142,0.5,0,1,1.0,0.377
INVERNESS ST,47TH AV,45TH AV,POOR,1925.3,0.021,0.8,0,0.8,1.3048373736812664,0.8,0,1,1.0,0.526
LARCH ST,34TH AV,33RD AV / PUGET DRIVE,NO DATA,1877.6,0.023,0.5,1,0.4,1.4636490682561316,0.8,0,1,1.0,0.456
DUKE ST,DUCHESS ST,EARLES ST,POOR,169.1,0.713,0.8,0,0.8,122.48829305961397,0.5,0,1,1.0,0.555
LANCASTER ST,43RD AV,41ST AV,VERY GOOD,825.6,0.192,0.1,0,0.1,0.3677140387024451,0.8,0,1,1.0,0.428
HORNBY ST,DAVIE ST,HELMCKEN ST,FAIR,151.2,0.739,0.5,0,0.5,44.78117288220221,0.8,0,1,1.0,0.581
MAIN ST,47TH AV,46TH AV,VERY POOR,409.2,0.441,0.95,0,0.95,359.94924405430163,0.8,0,1,1.0,0.616
LEG-IN-BOOT SQUARE,MARKET HILL,NORTHWEST END,NO DATA,211.9,0.655,0.5,1,0.4,324.0324202489431,0.8,0,1,1.0,0.551
FRASER ST,23RD AV,22ND AV,VERY GOOD,1647.2,0.037,0.1,0,0.1,1.4804320046754356,0.8,0,1,1.0,0.405
GRAVELEY ST,LILLOOET ST,WINDERMERE ST,POOR,438.0,0.416,0.8,0,0.8,90.16730961056459,0.5,0,1,1.0,0.511
GARDEN DR,VENABLES ST,ADANAC ST,FAIR,1230.9,0.085,0.5,0,0.5,0.19168562669966605,0.8,0,1,1.0,0.483
GRANDVIEW HWY,TEMPLETON DRIVE,GARDEN DRIVE,VERY GOOD,240.8,0.618,0.1,0,0.1,123.00225706308868,0.5,0,1,1.0,0.417
HARWOOD ST,JERVIS ST,BUTE ST,FAIR,416.3,0.435,0.5,0,0.5,134.6737957508331,0.5,0,1,1.0,0.46
FOSTER AV,ABERDEEN ST,OBEN ST,VERY GOOD,1121.8,0.106,0.1,0,0.1,90.17705287472393,0.5,0,1,1.0,0.34
KAMLOOPS ST,8TH AV,7TH AV,VERY GOOD,158.3,0.729,0.1,0,0.1,0.07720751038937124,0.8,0,1,1.0,0.509
MACDONALD ST,KING EDWARD AV,OLIVER CRESCENT,GOOD,2417.2,0.008,0.3,0,0.3,0.9024135985869179,0.8,0,1,1.0,0.436
MAIN ST,GEORGIA ST,KEEFER ST,FAIR,222.7,0.641,0.5,0,0.5,1.8567150624985516,0.8,0,1,1.0,0.566
MATTHEWS AV,HOSMER AV / MAPLE CRESCENT,CYPRESS ST,GOOD,1435.9,0.057,0.3,0,0.3,119.45393948473497,0.5,0,1,1.0,0.368
GLEN DR,SOUTH END,MALKIN AV,GOOD,514.3,0.358,0.3,0,0.3,0.6388901212544624,0.8,0,1,1.0,0.488
KING EDWARD AV,BALKAN ST,ST. GEORGE ST,GOOD,1262.9,0.08,0.3,0,0.3,91.01634954519909,0.5,0,1,1.0,0.372
MARINASIDE CRES,DAVIE ST,MID BLOCK,NO DATA,133.3,0.766,0.5,1,0.4,84.78002512289345,0.5,0,1,1.0,0.493
MAIN ST,SOUTH END,KENT AV NORTH,VERY POOR,12.6,0.975,0.95,0,0.95,1.0486147574741835,0.8,0,1,1.0,0.696
HEATHER ST,50TH AV,49TH AV,GOOD,968.9,0.144,0.3,0,0.3,1.3284728302526219,0.8,0,1,1.0,0.456
HIGHBURY ST,2ND AV,1ST AV,GOOD,406.2,0.444,0.3,0,0.3,1.6075536636881225,0.8,0,1,1.0,0.501
INVERNESS ST,37TH AV,35TH AV,GOOD,1858.3,0.024,0.3,0,0.3,1.0665004858383895,0.8,0,1,1.0,0.438
KERR ST,43RD AV,41ST AV,VERY GOOD,913.2,0.161,0.1,0,0.1,0.23162071863276879,0.8,0,1,1.0,0.424
GRANDVIEW HWY N,PENTICTON ST,SLOCAN ST,VERY GOOD,398.3,0.451,0.1,0,0.1,84.90759078357223,0.5,0,1,1.0,0.392
MANITOBA ST,18TH AV,17TH AV,FAIR,1160.5,0.098,0.5,0,0.5,1.7446625941992693,0.8,0,1,1.0,0.485
DRAKE ST,HOMER ST,PACIFIC BOULEVARD,GOOD,406.1,0.444,0.3,0,0.3,134.8062069357589,0.5,0,1,1.0,0.426
KOOTENAY ST,TRIUMPH ST,DUNDAS ST,GOOD,876.9,0.173,0.3,0,0.3,359.8856917829159,0.8,0,1,1.0,0.461
HIGHBURY ST,23RD AV,22ND AV,NO DATA,1965.3,0.02,0.5,1,0.4,0.5143638135379547,0.8,0,1,1.0,0.455
KOOTENAY ST,PENDER ST,HASTINGS ST,VERY POOR,752.6,0.222,0.95,0,0.95,0.06769818850051479,0.8,0,1,1.0,0.583
FRASER ST,63RD AV,62ND AV,VERY POOR,723.5,0.235,0.95,0,0.95,0.32118125623287597,0.8,0,1,1.0,0.585
LANCASTER ST,51ST AV,49TH AV,FAIR,1104.4,0.11,0.5,0,0.5,2.0277661580691415,0.8,0,1,1.0,0.486
MAPLE ST,3RD AV,2ND AV,VERY POOR,762.5,0.218,0.95,0,0.95,1.4627718305081316,0.8,0,1,1.0,0.582
LAUREL ST,67TH AV,66TH AV,VERY POOR,758.0,0.22,0.95,0,0.95,1.3957770140276011,0.8,0,1,1.0,0.582
KASLO ST,MCGILL ST,TRINITY ST,VERY GOOD,515.2,0.357,0.1,0,0.1,0.22572620047242253,0.8,0,1,1.0,0.453
CYPRESS ST,CORNWALL AV,GREER AV,GOOD,414.5,0.436,0.3,0,0.3,1.5375171591927597,0.8,0,1,1.0,0.5
GARDEN DR,4TH AV,3RD AV,FAIR,601.3,0.3,0.5,0,0.5,0.711414988527963,0.8,0,1,1.0,0.515
MAIN ST,48TH AV,47TH AV,VERY POOR,359.2,0.488,0.95,0,0.95,2.362767356663028,0.8,0,1,1.0,0.623
DISCOVERY ST,NW MARINE DRIVE,BELMONT AV,POOR,313.9,0.534,0.8,0,0.8,3.745256899725291,0.8,0,1,1.0,0.603
MANITOBA ST,22ND AV,21ST AV,VERY POOR,821.7,0.193,0.95,0,0.95,1.742902328308844,0.8,0,1,1.0,0.578
CORDOVA ST,HOWE ST,GRANVILLE ST,NO DATA,400.1,0.449,0.5,1,0.4,135.86830779279364,0.2,1,1,1.0,0.67
MADDAMS ST,15TH AV,14TH AV,GOOD,841.3,0.186,0.3,0,0.3,0.786673240457219,0.8,0,1,1.0,0.463
KAMLOOPS ST,PARKER ST,VENABLES ST,GOOD,1059.9,0.12,0.3,0,0.3,0.19511692199449726,0.8,0,1,1.0,0.453
LAGOON DR TO CAUSEWAY SB RAMP,N LAGOON DR,STANLEY PARK CAUSEWAY,FAIR,14.8,0.971,0.5,0,0.5,163.71377246995007,0.2,0,1,1.0,0.466
KOOTENAY ST,23RD AV,22ND AV,VERY GOOD,634.6,0.281,0.1,0,0.1,0.19968083328240027,0.8,0,1,1.0,0.442
HUDSON ST,PARK DRIVE,59TH AV,VERY GOOD,1434.1,0.057,0.1,0,0.1,1.3371848966430662,0.8,0,1,1.0,0.408
LARCH ST,47TH AV,45TH AV,GOOD,613.9,0.293,0.3,0,0.3,1.598738364694384,0.8,0,1,1.0,0.479
HENRY ST,33RD AV,31ST AV,VERY GOOD,1731.5,0.031,0.1,0,0.1,1.1072440053218315,0.8,0,1,1.0,0.404
HOSMER AV,CEDAR CRESCENT / MATTHEWS AV,CYPRESS ST,FAIR,1587.5,0.042,0.5,0,0.5,57.04115719420264,0.5,0,1,1.0,0.401
KASLO ST,7TH AV,6TH AV,FAIR,655.4,0.27,0.5,0,0.5,0.27129620212855343,0.8,0,1,1.0,0.51
GRAVELEY ST,SALSBURY DRIVE,VICTORIA DRIVE,VERY POOR,1234.0,0.085,0.95,0,0.95,90.8183306618181,0.5,0,1,1.0,0.487
GLADSTONE ST,25TH AV,24TH AV,FAIR,618.1,0.29,0.5,0,0.5,1.1900270820457877,0.8,0,1,1.0,0.514
DUNDAS ST,KASLO ST,RENFREW ST,VERY POOR,313.6,0.534,0.95,0,0.95,90.13654520545026,0.5,0,1,1.0,0.555
CORDOVA ST,ABBOTT ST,CARRALL ST,VERY POOR,306.8,0.541,0.95,0,0.95,105.70764857997551,0.5,0,1,1.0,0.556
HUDSON ST,NANTON AV,27TH AV,VERY POOR,619.3,0.29,0.95,0,0.95,1.47826064633756,0.8,0,1,1.0,0.593
KING EDWARD AV,OSLER ST,OAK ST,POOR,974.6,0.142,0.8,0,0.8,91.4870569136491,0.5,0,1,1.0,0.469
GEORGIA ST,KOOTENAY ST,BOUNDARY ROAD,POOR,539.3,0.34,0.8,0,0.8,90.18360908377196,0.5,0,1,1.0,0.499
DRAKE ST,PACIFIC BOULEVARD,MARINASIDE CRESCENT,GOOD,370.5,0.477,0.3,0,0.3,134.75510493029543,0.5,0,1,1.0,0.431
MAIN ST,32ND AV,30TH AV,FAIR,452.0,0.405,0.5,0,0.5,1.8001049839090797,0.8,0,1,1.0,0.531
INVERNESS ST,19TH AV,18TH AV,VERY POOR,1209.6,0.089,0.95,0,0.95,1.4464686134531917,0.8,0,1,1.0,0.563
MAPLE ST,42ND AV,41ST AV,VERY GOOD,1161.7,0.098,0.1,0,0.1,1.5133140955567228,0.8,0,1,1.0,0.414
DUNBAR ST,16TH AV,15TH AV,FAIR,1425.2,0.058,0.5,0,0.5,1.4790653081124674,0.8,0,1,1.0,0.479
DENMAN ST,PENDRELL ST,COMOX ST,POOR,586.9,0.309,0.8,0,0.8,44.740229553296444,0.8,0,1,1.0,0.569
DUNBAR ST,50TH AV,49TH AV,FAIR,294.4,0.555,0.5,0,0.5,0.7384570392084129,0.8,0,1,1.0,0.553
KAMLOOPS ST,11TH AV,10TH AV,VERY GOOD,62.7,0.882,0.1,0,0.1,0.08538725274587478,0.8,0,1,1.0,0.532
GOTHARD ST,CLARENDON ST,NORQUAY ST,POOR,489.1,0.376,0.8,0,0.8,36.98858151498797,0.8,0,1,1.0,0.579
KAMLOOPS ST,4TH AV,3RD AV,FAIR,564.2,0.324,0.5,0,0.5,0.08497939033867397,0.8,0,1,1.0,0.519
HEATHER ST,39TH AV,37TH AV,GOOD,666.8,0.264,0.3,0,0.3,1.352501407838588,0.8,0,1,1.0,0.474
FRASER ST,KING EDWARD AV,24TH AV,POOR,1532.2,0.047,0.8,0,0.8,1.4719961467359326,0.8,0,1,1.0,0.53
DUNBAR ST,6TH AV,5TH AV,GOOD,743.9,0.226,0.3,0,0.3,1.5441541690235,0.8,0,1,1.0,0.469
MACKENZIE ST,16TH AV,15TH AV,VERY POOR,2099.5,0.015,0.95,0,0.95,1.4851079109515126,0.8,0,1,1.0,0.551
NELSON ST,JERVIS ST,BUTE ST,FAIR,165.9,0.718,0.5,0,0.5,134.82410212539594,0.5,0,1,1.0,0.503
MCLEAN DR,GRANDVIEW HWY NORTH,4TH AV,FAIR,1289.3,0.076,0.5,0,0.5,0.8129845985381507,0.8,0,1,1.0,0.481
MCGEER ST,QUEENS AV,WELLINGTON AV,GOOD,423.5,0.429,0.3,0,0.3,32.004096756126785,0.8,0,1,1.0,0.499
PENDER ST,RUPERT ST,EAST END,GOOD,426.3,0.426,0.3,0,0.3,89.97737300557185,0.5,0,1,1.0,0.424
PRINCE EDWARD ST,22ND AV,21ST AV,POOR,1352.8,0.067,0.8,0,0.8,1.4526907314492519,0.8,0,1,1.0,0.533
SPENCER ST,AUSTREY AV,VANNESS AV,FAIR,692.8,0.25,0.5,0,0.5,32.154152863996615,0.8,0,1,1.0,0.508
PENDER ST,HOMER ST,HAMILTON ST,FAIR,274.5,0.578,0.5,0,0.5,135.2654083066966,0.2,0,1,1.0,0.407
TRIMBLE ST,13TH AV,12TH AV,FAIR,1156.8,0.099,0.5,0,0.5,1.4806878869359252,0.8,0,1,1.0,0.485
ONTARIO ST,13TH AV,12TH AV,VERY GOOD,1000.6,0.135,0.1,0,0.1,1.7387063742223177,0.8,0,1,1.0,0.42
PARKER ST,ODLUM DRIVE,MCLEAN DRIVE,VERY GOOD,856.0,0.18,0.1,0,0.1,91.15475987261777,0.5,0,1,1.0,0.351
TALISMAN AV,27TH AV / YUKON ST,DINMONT AV,VERY POOR,267.4,0.586,0.95,0,0.95,113.70067237351452,0.5,0,1,1.0,0.563
REID ST,KINGS AV,WELLINGTON AV,POOR,579.0,0.314,0.8,0,0.8,32.11940494973436,0.8,0,1,1.0,0.57
PRINCE ALBERT ST,57TH AV,56TH AV,VERY POOR,1210.7,0.089,0.95,0,0.95,1.2146976715910682,0.8,0,1,1.0,0.563
NANAIMO ST,KENT AV NORTH,SE MARINE DRIVE,VERY GOOD,31.9,0.938,0.1,0,0.1,0.7635242521831174,0.8,0,1,1.0,0.541
ROSS ST,29TH AV,28TH AV,GOOD,1709.6,0.033,0.3,0,0.3,358.6208753867965,0.8,0,1,1.0,0.439
PRINCE EDWARD ST,49TH AV,48TH AV,FAIR,631.6,0.283,0.5,0,0.5,1.626670504147171,0.8,0,1,1.0,0.512
PINE ST,PINE CRESCENT,CEDAR CRESCENT,VERY POOR,1221.3,0.087,0.95,0,0.95,31.925542171103018,0.8,0,1,1.0,0.562
TRAFALGAR ST,KING EDWARD AV,OLIVER CRESCENT,VERY GOOD,2263.3,0.011,0.1,0,0.1,1.4806967697666096,0.8,0,1,1.0,0.401
NW MARINE DR,TOLMIE ST,SASAMAT ST,VERY GOOD,789.4,0.206,0.1,0,0.1,103.84577632124785,0.5,0,1,1.0,0.355
PENDER ST,LAKEWOOD DRIVE,TEMPLETON DRIVE,FAIR,1294.9,0.075,0.5,0,0.5,89.99844482767253,0.5,0,1,1.0,0.406
SALSBURY DR,1ST AV,GRAVELEY ST,GOOD,1252.6,0.082,0.3,0,0.3,0.750259057392725,0.8,0,1,1.0,0.447
SEMLIN DR,FERNDALE ST,HASTINGS ST,GOOD,1567.6,0.043,0.3,0,0.3,359.49372867898484,0.8,0,1,1.0,0.441
RENFREW ST,PENDER ST,HASTINGS ST,POOR,149.6,0.741,0.8,0,0.8,0.12138953886028503,0.8,0,1,1.0,0.635
NAPIER ST,SEMLIN DRIVE,LAKEWOOD DRIVE,GOOD,1536.5,0.046,0.3,0,0.3,89.43931068785992,0.5,0,1,1.0,0.367
SPYGLASS PL,COMMODORE ROAD,NORTH END,VERY GOOD,105.6,0.81,0.1,0,0.1,1.7011671292863184,0.8,0,1,1.0,0.521
PENDER ST,HAWKS AV,CAMPBELL AV,VERY GOOD,502.5,0.366,0.1,0,0.1,91.46670106986426,0.5,0,1,1.0,0.379
TEMPLETON DR,SOUTH END,13TH AV,VERY POOR,156.6,0.731,0.95,0,0.95,0.7415473144325233,0.8,0,1,1.0,0.659
TODERICK ST,53RD AV,52ND AV,POOR,943.9,0.151,0.8,0,0.8,9.297307063018877,0.8,0,1,1.0,0.546
PENDER ST,KASLO ST,RENFREW ST,POOR,200.2,0.67,0.8,0,0.8,90.13198990583919,0.5,0,1,1.0,0.549
PUGET DR,24TH AV,23RD AV / VALDEZ ROAD,NO DATA,2540.4,0.006,0.5,1,0.4,325.76085632164194,0.8,0,1,1.0,0.453
ODLUM DR,PARKER ST,VENABLES ST,VERY GOOD,855.9,0.181,0.1,0,0.1,0.8996539102039378,0.8,0,1,1.0,0.426
SASAMAT ST,15TH AV,14TH AV,VERY POOR,1442.1,0.056,0.95,0,0.95,1.479415965028295,0.8,0,1,1.0,0.558
RENFREW ST,WILLIAM ST,PARKER ST,POOR,688.9,0.252,0.8,0,0.8,0.6636776862969214,0.8,0,1,1.0,0.561
SOUTHERN ST,WESTERN ST,STATION ST,VERY POOR,180.5,0.697,0.95,0,0.95,109.90176688252927,0.5,0,1,1.0,0.579
QUEBEC ST,SOUTH END,26TH AV,GOOD,705.2,0.244,0.3,0,0.3,1.511032666313838,0.8,0,1,1.0,0.471
RICHARDS ST,CORDOVA ST,HASTINGS ST,POOR,449.5,0.407,0.8,0,0.8,224.25129165305464,0.2,0,1,1.0,0.434
PUGET DR,29TH AV,KING EDWARD AV,POOR,2237.5,0.011,0.8,0,0.8,328.5531555351587,0.8,0,1,1.0,0.524
SALSBURY DR,ADANAC ST,GEORGIA ST,GOOD,1418.4,0.059,0.3,0,0.3,1.170814600164988,0.8,0,1,1.0,0.443
QUEBEC ST,10TH AV,BROADWAY,VERY POOR,762.7,0.218,0.95,0,0.95,1.7446403738393883,0.8,1,1,1.0,0.882
SALSBURY DR,KITCHENER ST,CHARLES ST,POOR,1463.6,0.054,0.8,0,0.8,0.6133078010101372,0.8,0,1,1.0,0.531
SKEENA ST,MATAPAN CRESCENT,GRANDVIEW HWY,POOR,360.1,0.487,0.8,0,0.8,359.9561509737796,0.8,0,1,1.0,0.596
ONTARIO ST,12TH AV,11TH AV,VERY GOOD,972.3,0.143,0.1,0,0.1,1.6832183431989733,0.8,0,1,1.0,0.421
ST GEORGE ST,8TH AV,7TH AV,VERY POOR,889.4,0.169,0.95,0,0.95,0.7458905769917124,0.8,0,1,1.0,0.575
TRUTCH ST,6TH AV,5TH AV,VERY POOR,1295.9,0.075,0.95,0,0.95,1.5076483607098794,0.8,0,1,1.0,0.561
SALT ST,WALTER HARDWICK AV,ATHLETES WAY,NO DATA,166.3,0.717,0.5,1,0.4,1.6777537227651464,0.8,0,1,1.0,0.56
PENDER ST,DUNLEVY AV,JACKSON AV,GOOD,539.5,0.34,0.3,0,0.3,91.65246012133684,0.5,0,1,1.0,0.411
SOUTHLANDS PL,SOUTHWEST END,BALACLAVA ST,VERY GOOD,325.9,0.521,0.1,0,0.1,61.8450256072839,0.5,0,1,1.0,0.403
PANDORA ST,SKEENA ST,KOOTENAY ST,VERY GOOD,756.1,0.22,0.1,0,0.1,90.06938514602115,0.5,0,1,1.0,0.357
NICOLA ST,ROBSON ST,ALBERNI ST,VERY POOR,218.9,0.645,0.95,0,0.95,44.76468639085658,0.8,0,1,1.0,0.647
SCHOOL GREEN,CHARLESON / LAMEYS MILL ROAD,NORTH END,VERY GOOD,169.7,0.712,0.1,0,0.1,41.27009953650031,0.8,0,1,1.0,0.507
RUPERT ST,QUEENS AV,WELLINGTON AV,GOOD,522.4,0.352,0.3,0,0.3,32.01479134779726,0.8,0,1,1.0,0.488
MOSS ST,HORLEY ST,EUCLID AV,POOR,401.3,0.448,0.8,0,0.8,32.60509322544135,0.8,0,1,1.0,0.59
PUGET DR,31ST AV / NARVAEZ DRIVE,EDDINGTON DRIVE,NO DATA,1964.1,0.02,0.5,1,0.4,334.8651478722312,0.8,0,1,1.0,0.455
QUEEN ELIZABETH PARK RD 1,QUEEN ELIZABETH PARK ROAD 2,QUEEN ELIZABETH PARK ROAD 3,VERY GOOD,117.1,0.791,0.1,0,0.1,137.13723881698007,0.2,0,1,1.0,0.369
PENTICTON ST,22ND AV,21ST AV,GOOD,739.6,0.228,0.3,0,0.3,0.6715362015545452,0.8,0,1,1.0,0.469
MONMOUTH AV,MCHARDY ST,JOYCE ST,VERY POOR,311.3,0.537,0.95,0,0.95,121.91110775822705,0.5,0,1,1.0,0.555
SALSBURY DR,GRAVELEY ST,GRANT ST,FAIR,1325.1,0.071,0.5,0,0.5,0.6878890775661262,0.8,0,1,1.0,0.48
MOSS ST,KINGSWAY,HORLEY ST,GOOD,227.0,0.635,0.3,0,0.3,32.255139582030324,0.8,0,1,1.0,0.53
PRINCE ALBERT ST,23RD AV,22ND AV,VERY GOOD,1770.5,0.029,0.1,0,0.1,1.4519172149778683,0.8,0,1,1.0,0.404
PENTICTON ST,GEORGIA ST,TURNER ST,FAIR,765.2,0.216,0.5,0,0.5,0.034504902218770894,0.8,0,1,1.0,0.502
QUILCHENA CRES,CYPRESS ST,33RD AV,FAIR,811.0,0.197,0.5,0,0.5,66.22241954668618,0.5,0,1,1.0,0.425
RICHARDS ST,PENDER ST,DUNSMUIR ST,POOR,261.5,0.593,0.8,0,0.8,224.77556049999805,0.2,0,1,1.0,0.462
TRUTCH ST,7TH AV,6TH AV,FAIR,1318.6,0.072,0.5,0,0.5,1.5020630915868765,0.8,0,1,1.0,0.481
SLOCAN ST,CAMBRIDGE ST,ETON ST,GOOD,669.9,0.262,0.3,0,0.3,0.22443596129710386,0.8,0,1,1.0,0.474
PENTICTON ST,10TH AV,BROADWAY,VERY GOOD,167.6,0.715,0.1,0,0.1,359.9184595973651,0.8,0,1,1.0,0.507
SLOCAN ST,HASTINGS ST,FRANKLIN ST,VERY GOOD,526.9,0.349,0.1,0,0.1,0.05454079108085352,0.8,0,1,1.0,0.452
ROSS ST,56TH AV,55TH AV,VERY GOOD,1227.4,0.086,0.1,0,0.1,1.4734550491507434,0.8,0,1,1.0,0.412
TERMINAL AV WB ACCESS,GLEN DRIVE,TERMINAL AV,NO DATA,611.0,0.295,0.5,1,0.4,278.4943623028717,0.5,0,1,1.0,0.422
STATION ST,NATIONAL AV,NATIONAL AV,VERY POOR,533.8,0.344,0.95,0,0.95,1.1296902702371199,0.8,0,1,1.0,0.601
TISDALL ST,53RD AV,52ND AV,GOOD,665.7,0.264,0.3,0,0.3,351.44089673464055,0.8,0,1,1.0,0.474
RUPERT ST,5TH AV,4TH AV,GOOD,491.4,0.374,0.3,0,0.3,0.5152896857853193,0.8,0,1,1.0,0.491
SELKIRK ST,27TH AV,26TH AV,VERY POOR,728.4,0.233,0.95,0,0.95,1.486492129268754,0.8,0,1,1.0,0.584
ROBSON ST,DENMAN ST,BIDWELL ST,POOR,207.2,0.661,0.8,0,0.8,134.78844575005837,0.5,0,1,1.0,0.547
PACIFIC BLVD,CARRALL ST,PACIFIC BLVD TO QUEBEC ST,POOR,184.4,0.692,0.8,0,0.8,107.76376198742838,0.5,0,1,1.0,0.552
ST CATHERINES ST,31ST AV,30TH AV,VERY POOR,1478.5,0.052,0.95,0,0.95,1.1253012344856756,0.8,0,1,1.0,0.557
PENTICTON ST,24TH AV,23RD AV,FAIR,846.9,0.184,0.5,0,0.5,0.20968016097765485,0.8,0,1,1.0,0.498
ROSEMONT DR,KERR ST,58TH AV / BUTLER ST,GOOD,364.1,0.483,0.3,0,0.3,78.27105719484985,0.5,0,1,1.0,0.432
TEMPLETON DR,FRANKLIN ST,PANDORA ST,VERY POOR,1286.9,0.076,0.95,0,0.95,0.8767230122286378,0.8,0,1,1.0,0.561
RUPERT ST,PARKER ST,VENABLES ST,POOR,439.2,0.415,0.8,0,0.8,0.5601245528532672,0.8,0,1,1.0,0.585
THIRD BEACH PARKING LANE,TEAHOUSE LANE,PARKING LOT,VERY GOOD,1020.4,0.13,0.1,0,0.1,34.115344180766726,0.8,0,1,1.0,0.419
SPRUCE ST,SOUTH END,6TH AV,GOOD,266.9,0.586,0.3,0,0.3,1.4796559870488295,0.8,0,1,1.0,0.523
SELKIRK ST,LAURIER AV,BALFOUR AV,VERY POOR,1106.6,0.109,0.95,0,0.95,355.9260503289444,0.8,0,1,1.0,0.566
SHERBROOKE ST,59TH AV,57TH AV,VERY POOR,920.9,0.159,0.95,0,0.95,0.5475523761567729,0.8,0,1,1.0,0.573
MCNICOLL AV,ARBUTUS ST,MAPLE ST,POOR,352.8,0.494,0.8,0,0.8,91.52288025264892,0.5,0,1,1.0,0.522
PENDER ST,WEST END,VERNON DRIVE,VERY GOOD,651.5,0.272,0.1,0,0.1,91.31578687476798,0.5,0,1,1.0,0.365
PRINCE ALBERT ST,45TH AV,43RD AV,VERY GOOD,1390.6,0.062,0.1,0,0.1,1.187594954893541,0.8,0,1,1.0,0.409
OSLER ST,NANTON AV,27TH AV,VERY POOR,663.2,0.265,0.95,0,0.95,1.4946255866167917,0.8,0,1,1.0,0.589
MCBAIN AV,TRAFALGAR ST,EDGAR CRESCENT,GOOD,2161.1,0.013,0.3,0,0.3,89.90116295694611,0.5,0,1,1.0,0.362
PENDER ST,MAIN ST,GORE AV,VERY POOR,236.8,0.623,0.95,0,0.95,91.70104306439083,0.5,0,1,1.0,0.568
TRAFALGAR ST,13TH AV,12TH AV,VERY GOOD,2092.5,0.015,0.1,0,0.1,1.49383846555952,0.8,0,1,1.0,0.402
STATION ST 1,NATIONAL AV,PRIOR ST,VERY GOOD,421.6,0.43,0.1,0,0.1,1.7373664888980898,0.8,0,1,1.0,0.464
NAPIER ST,CASSIAR ST,SKEENA ST,POOR,170.3,0.711,0.8,0,0.8,90.33790120141032,0.5,0,1,1.0,0.555
SOPHIA ST,16TH AV,15TH AV,POOR,1393.7,0.062,0.8,0,0.8,1.3668927888785447,0.8,0,1,1.0,0.532
QUEBEC ST,53RD AV,52ND AV,FAIR,333.0,0.514,0.5,0,0.5,1.3571685886729483,0.8,0,1,1.0,0.547
OXFORD ST,SKEENA ST,KOOTENAY ST,FAIR,664.8,0.265,0.5,0,0.5,90.04877634376106,0.5,0,1,1.0,0.435
NELSON ST,GILFORD ST,DENMAN ST,GOOD,392.8,0.456,0.3,0,0.3,134.80092649450205,0.5,0,1,1.0,0.428
PENTICTON ST,HASTINGS ST,FRANKLIN ST,GOOD,717.8,0.238,0.3,0,0.3,0.047783278376584803,0.8,0,1,1.0,0.47
OLYMPIC ST,41ST AV,39TH AV,NO DATA,1028.4,0.128,0.5,1,0.4,1.0808887392482234,0.8,0,1,1.0,0.471
ONTARIO ST,23RD AV,22ND AV,GOOD,813.5,0.197,0.3,0,0.3,1.74349612568966,0.8,0,1,1.0,0.464
PENTICTON ST,PENDER ST,HASTINGS ST,VERY GOOD,718.7,0.238,0.1,0,0.1,0.12299152019454596,0.8,0,1,1.0,0.435
NICOLA ST,PENDER ST,COAL HARBOUR QUAY,VERY GOOD,46.6,0.911,0.1,0,0.1,44.775207332036246,0.8,0,1,1.0,0.537
STIRLING ST,UPLAND DRIVE,55TH AV,FAIR,1010.3,0.133,0.5,0,0.5,1.415194632847431,0.8,0,1,1.0,0.49
ST GEORGE ST,69TH AV,SE MARINE DRIVE,POOR,454.9,0.403,0.8,0,0.8,1.1806083181646727,0.8,0,1,1.0,0.583
ST GEORGE ST,13TH AV,12TH AV,VERY GOOD,1290.8,0.076,0.1,0,0.1,0.7531497373638558,0.8,0,1,1.0,0.411
RENFREW ST,15TH AV,14TH AV,FAIR,276.6,0.575,0.5,0,0.5,0.45292656222181904,0.8,0,1,1.0,0.557
SLOCAN ST,MCGILL ST,TRINITY ST,GOOD,701.9,0.246,0.3,0,0.3,0.1127163809539411,0.8,0,1,1.0,0.472
QUILCHENA PL,SOUTH END,33RD AV,GOOD,1166.0,0.097,0.3,0,0.3,1.8863558949614685,0.8,0,1,1.0,0.449
RUBY ST,MONMOUTH AV,PRICE ST,FAIR,489.9,0.375,0.5,0,0.5,32.43826193870922,0.8,0,1,1.0,0.526
SW MARINE DR,71ST AV,GRANVILLE ST,GOOD,243.4,0.615,0.3,0,0.3,147.69306899808566,0.2,0,1,1.0,0.377
SASAMAT ST,BELMONT AV,NW MARINE DRIVE,GOOD,794.5,0.204,0.3,0,0.3,1.520783094988758,0.8,0,1,1.0,0.465
RUPERT ST,VANNESS AV,QUEENS AV,GOOD,614.7,0.292,0.3,0,0.3,32.014094793503034,0.8,1,1,1.0,0.779
MCLEAN DR,GRANT ST,KITCHENER ST,VERY GOOD,1018.6,0.13,0.1,0,0.1,0.5161173060782858,0.8,0,1,1.0,0.419
RICHARDS ST,HELMCKEN ST,DAVIE ST,VERY GOOD,387.6,0.461,0.1,0,0.1,224.78357983811856,0.2,0,1,1.0,0.319
NOOTKA ST,19TH AV,18TH AV,VERY GOOD,478.1,0.384,0.1,0,0.1,0.12950112029091088,0.8,0,1,1.0,0.457
TURNER ST,SLOCAN ST,KASLO ST,VERY GOOD,426.9,0.426,0.1,0,0.1,90.12659106546289,0.5,0,1,1.0,0.388
TANNER ST,JOYCE ST,BOUNDARY ROAD,FAIR,209.9,0.657,0.5,0,0.5,112.47437655678863,0.5,0,1,1.0,0.494
MCGUIGAN AV,ASH ST,CAMBIE ST,VERY POOR,331.3,0.515,0.95,0,0.95,53.964537121931926,0.5,0,1,1.0,0.552
NANAIMO ST,SCARBORO AV,61ST AV,GOOD,789.7,0.206,0.3,0,0.3,0.881696938434402,0.8,0,1,1.0,0.466
ROSS ST,35TH AV,33RD AV,VERY POOR,1694.3,0.034,0.95,0,0.95,1.1755037404058726,0.8,0,1,1.0,0.554
NAPIER ST,WINDERMERE ST,RUPERT ST,FAIR,363.3,0.484,0.5,0,0.5,90.11654003652751,0.5,0,1,1.0,0.468
MATTHEWS AV,ALEXANDRA ST,GRANVILLE ST,VERY POOR,1324.0,0.071,0.95,0,0.95,73.92674599964641,0.5,0,1,1.0,0.485
RUPERT OFF RAMP,1ST AV,SIGNAL,GOOD,234.8,0.625,0.3,0,0.3,31.768199096736225,0.8,0,1,1.0,0.529
ST CATHERINES ST,BROADWAY,8TH AV,VERY POOR,1342.9,0.068,0.95,0,0.95,0.8431418237792059,0.8,0,1,1.0,0.56
MONTCALM ST,71ST AV,70TH AV,VERY GOOD,636.5,0.28,0.1,0,0.1,1.4716978636051294,0.8,0,1,1.0,0.441
SMITHE ST,HOWE ST,HORNBY ST,FAIR,68.5,0.872,0.5,0,0.5,314.80450900832136,0.5,1,1,1.0,0.826
PRICE ST,MCHARDY ST,JOYCE ST,FAIR,200.9,0.669,0.5,0,0.5,121.9002171637901,0.5,0,1,1.0,0.496
QUESNEL DR,28TH AV,27TH AV,GOOD,2281.0,0.01,0.3,0,0.3,312.5807778704851,0.5,0,1,1.0,0.361
SLOCAN ST,EUCLID AV,29TH AV,VERY POOR,628.3,0.285,0.95,0,0.95,29.219360775287385,0.8,0,1,1.0,0.592
YEW ST,21ST AV,20TH AV,GOOD,1978.7,0.019,0.3,0,0.3,1.5090908817260242,0.8,0,1,1.0,0.437
VERNON DR,HASTINGS ST,FRANKLIN ST,POOR,875.5,0.174,0.8,0,0.8,181.29000852413319,0.2,0,1,1.0,0.399
WINDSOR ST,23RD AV,22ND AV,FAIR,1591.3,0.041,0.5,0,0.5,1.4179299203002529,0.8,0,1,1.0,0.476
WALTER HARDWICK AV,MANITOBA ST,SALT ST,NO DATA,127.4,0.775,0.5,1,0.4,91.67780943619482,0.5,0,1,1.0,0.494
VICTORIA DR,GEORGIA ST,FRANCES ST,VERY GOOD,1630.9,0.038,0.1,0,0.1,0.21387314856229978,0.8,0,1,1.0,0.405
UPLAND DR,VICTORIA DRIVE,DUFF ST,FAIR,1169.9,0.096,0.5,0,0.5,91.40813331642727,0.5,0,1,1.0,0.409
WATSON ST,18TH AV,17TH AV,VERY GOOD,1429.7,0.057,0.1,0,0.1,1.2082756246168174,0.8,0,1,1.0,0.408
UPLAND DR,BERKELEY ST,ASHBURN ST / MUIRFIELD DRIVE,FAIR,685.1,0.254,0.5,0,0.5,104.0546960513878,0.5,0,1,1.0,0.433
WORTHINGTON DR,MONS DRIVE,SEAFORTH DRIVE,VERY POOR,626.3,0.286,0.95,0,0.95,302.2286486037757,0.5,0,1,1.0,0.517
VICTORIA DR,37TH AV,36TH AV,POOR,1067.8,0.118,0.8,0,0.8,1.2544178889008322,0.8,0,1,1.0,0.541
VICTORIA DR,64TH AV,FRASERVIEW DRIVE / JASPER CRESCENT,GOOD,500.0,0.368,0.3,0,0.3,0.7757082298015234,0.8,0,1,1.0,0.49
WALTER HARDWICK AV,COLUMBIA ST,MANITOBA ST,NO DATA,30.0,0.942,0.5,1,0.4,91.67776109573549,0.5,0,1,1.0,0.519
WELWYN ST,21ST AV,20TH AV,FAIR,551.5,0.332,0.5,0,0.5,1.2871493725293703,0.8,0,1,1.0,0.52
WINDSOR ST,15TH AV,14TH AV,VERY GOOD,1452.7,0.055,0.1,0,0.1,3.995204809633833,0.8,0,1,1.0,0.407
YEW ST,MARSTRAND AV,BROADWAY,GOOD,1349.4,0.067,0.3,0,0.3,1.5272562241211176,0.8,0,1,1.0,0.445
VERNON DR,VENABLES ST,UNION ST,FAIR,621.6,0.288,0.5,0,0.5,1.176222180586194,0.8,0,1,1.0,0.513
WELWYN ST,KINGSWAY,22ND AV,POOR,713.7,0.24,0.8,0,0.8,0.7970997007516303,0.8,0,1,1.0,0.559
YEW ST,44TH AV,43RD AV,GOOD,1030.8,0.127,0.3,0,0.3,1.412187789045845,0.8,0,1,1.0,0.454
YEW ST,20TH AV,19TH AV,GOOD,1968.6,0.02,0.3,0,0.3,1.4751819385965064,0.8,0,1,1.0,0.437
WALES ST,40TH AV,38TH AV,FAIR,201.7,0.668,0.5,0,0.5,359.392501486555,0.8,0,1,1.0,0.571
WALL ST,YALE ST,KAMLOOPS ST,NO DATA,1141.9,0.102,0.5,1,0.4,72.70049230917539,0.5,0,1,1.0,0.393
VERNON DR,FRANCES ST,PENDER ST,FAIR,755.0,0.221,0.5,0,0.5,1.1075096917231235,0.8,0,1,1.0,0.503
WINDSOR ST,22ND AV,21ST AV,VERY GOOD,1559.0,0.044,0.1,0,0.1,1.5180135113164965,0.8,0,1,1.0,0.406
YEW ST,46TH AV,45TH AV,NO DATA,848.1,0.183,0.5,1,0.4,1.4263352469110941,0.8,0,1,1.0,0.48
VICTORIA DR,NEWPORT AV,PRESTWICK DRIVE,VERY GOOD,881.8,0.171,0.1,0,0.1,0.7694779900452886,0.8,0,1,1.0,0.425
VICTORIA DR,36TH AV,35TH AV,VERY POOR,1067.3,0.118,0.95,0,0.95,0.7942514689033828,0.8,0,1,1.0,0.567
VALLEY DR,18TH AV,TRAFALGAR ST,VERY POOR,2347.9,0.009,0.95,0,0.95,326.32683338401984,0.8,0,1,1.0,0.551
BOUNDARY RD,PANDORA ST,TRIUMPH ST,FAIR,1062.4,0.119,0.5,0,0.5,0.6488165309070268,0.8,0,1,1.0,0.488
5TH AV,BAYSWATER ST,MACDONALD ST,VERY POOR,1631.9,0.038,0.95,0,0.95,91.52593814924512,0.5,0,1,1.0,0.48
12TH AV,CROWN ST,WALLACE ST,POOR,940.3,0.152,0.8,0,0.8,91.46703701612421,0.5,0,1,1.0,0.471
35TH AV,GRANVILLE ST,EAST END,NO DATA,202.6,0.667,0.5,1,0.4,91.55494778288369,0.5,0,1,1.0,0.478
39TH AV,ASH ST,CAMBIE ST,GOOD,684.2,0.255,0.3,0,0.3,93.11111113789713,0.5,0,1,1.0,0.398
BALSAM ST,21ST AV,20TH AV,POOR,2245.0,0.011,0.8,0,0.8,1.4732932812732429,0.8,0,1,1.0,0.524
11TH AV,GARDEN DRIVE,NANAIMO ST,GOOD,143.8,0.75,0.3,0,0.3,90.69389295901175,0.5,0,1,1.0,0.473
17TH AV,MAPLE ST,CYPRESS ST,VERY POOR,1473.5,0.052,0.95,0,0.95,91.48386561299799,0.5,0,1,1.0,0.482
ARBUTUS ST,54TH AV,53RD AV,FAIR,615.8,0.292,0.5,0,0.5,1.4254012677391188,0.8,0,1,1.0,0.514
3RD AV,BAYSWATER ST,MACDONALD ST,POOR,1609.4,0.04,0.8,0,0.8,91.65227959662525,0.5,0,1,1.0,0.454
27TH AV,ST. GEORGE ST,FRASER ST,GOOD,1170.3,0.096,0.3,0,0.3,91.09815574874085,0.5,0,1,1.0,0.374
ALEXANDRA ST,MATTHEWS AV,ANGUS DRIVE,FAIR,1339.2,0.069,0.5,0,0.5,321.916366177721,0.8,0,1,1.0,0.48
CAMOSUN ST,37TH AV,36TH AV,VERY POOR,1697.9,0.034,0.95,0,0.95,0.3823509014294473,0.8,0,1,1.0,0.554
29TH AV,SOPHIA ST,JOHN ST,POOR,762.7,0.218,0.8,0,0.8,91.57378014911416,0.5,0,1,1.0,0.481
13TH AV,FRASER ST,PRINCE ALBERT ST,POOR,1533.8,0.047,0.8,0,0.8,90.7669288728336,0.5,0,1,1.0,0.455
16TH AV,TRUTCH ST,BALACLAVA ST,VERY POOR,1856.4,0.024,0.95,0,0.95,91.49441013119076,0.5,0,1,1.0,0.478
31ST AV,ELGIN ST,ROSS ST,POOR,1707.2,0.033,0.8,0,0.8,90.74742286209607,0.5,0,1,1.0,0.453
56TH AV,ARGYLE ST,BRAEBURN ST,GOOD,1157.2,0.099,0.3,0,0.3,86.21628969036658,0.5,0,1,1.0,0.374
10TH AV,KITSILANO DIVERSION,MACDONALD ST,VERY GOOD,1881.5,0.023,0.1,0,0.1,91.4927813200776,0.5,0,1,1.0,0.328
50TH AV,PRINCE ALBERT ST,WINDSOR ST,VERY POOR,1327.3,0.07,0.95,0,0.95,91.05415953328298,0.5,0,1,1.0,0.485
49TH AV,ADERA ST,CHURCHILL ST,VERY GOOD,1292.8,0.075,0.1,0,0.1,91.25628466379987,0.5,0,1,1.0,0.336
20TH AV,INVERNESS ST,CLARK DRIVE,FAIR,1126.7,0.105,0.5,0,0.5,91.77645902088682,0.5,0,1,1.0,0.411
CITADEL PARADE,GEORGIA ST,DUNSMUIR ST,VERY GOOD,47.0,0.91,0.1,0,0.1,44.74239829355764,0.8,0,1,1.0,0.536
1ST AV,MAPLE ST,CYPRESS ST,POOR,581.0,0.313,0.8,0,0.8,91.51045975738765,0.5,0,1,1.0,0.495
4TH AV,SASAMAT PLACE,TRIMBLE ST,FAIR,595.6,0.304,0.5,0,0.5,94.26001424083091,0.5,0,1,1.0,0.441
18TH AV,YEW ST,ARBUTUS ST,VERY POOR,1751.8,0.03,0.95,0,0.95,91.52825252465993,0.5,0,1,1.0,0.479
BELMONT AV,SASAMAT ST,NW MARINE DRIVE,FAIR,586.5,0.309,0.5,0,0.5,92.79560193270356,0.5,0,1,1.0,0.441
7TH AV,WILLOW ST,HEATHER ST,GOOD,219.2,0.645,0.3,0,0.3,91.48945895402699,0.5,0,1,1.0,0.457
23RD AV,MACKENZIE ST,MACDONALD ST,POOR,2594.8,0.006,0.8,0,0.8,90.52962256933216,0.5,0,1,1.0,0.449
49TH AV,SW MARINE DRIVE,MACKENZIE PLACE,FAIR,300.0,0.549,0.5,0,0.5,86.05331678068796,0.5,0,1,1.0,0.478
1ST AV,ALMA ST,DUNBAR ST,NO DATA,559.4,0.327,0.5,1,0.4,91.55875361521544,0.5,0,1,1.0,0.426
ARGYLE ST,33RD AV,32ND AV,VERY GOOD,1493.1,0.05,0.1,0,0.1,1.6460080040678804,0.8,0,1,1.0,0.407
59TH AV,INVERNESS ST,CULLODEN ST,POOR,862.7,0.178,0.8,0,0.8,90.59150168300641,0.5,0,1,1.0,0.475
37TH AV,WALLACE ST,HIGHBURY ST,POOR,1321.9,0.071,0.8,0,0.8,90.40939703540266,0.5,0,1,1.0,0.458
38TH AV,MACKENZIE ST,TRAFALGAR ST,POOR,1287.6,0.076,0.8,0,0.8,90.4783898951298,0.5,0,1,1.0,0.459
CAMOSUN ST,SOUTH END,18TH AV,VERY GOOD,1539.9,0.046,0.1,0,0.1,0.43400086137512517,0.8,0,1,1.0,0.406
CARRINGTON ST,CELTIC AV,55TH AV,GOOD,21.6,0.958,0.3,0,0.3,14.608784630775233,0.8,0,1,1.0,0.579
37TH AV,VICTORIA DRIVE,GLADSTONE ST,FAIR,830.1,0.19,0.5,0,0.5,90.5016998749627,0.5,0,1,1.0,0.423
BALACLAVA ST,37TH AV,36TH AV,FAIR,1219.8,0.087,0.5,0,0.5,0.4748039382051843,0.8,0,1,1.0,0.483
21ST AV,TUPPER ST,CAMBIE ST,POOR,823.8,0.193,0.8,0,0.8,117.90043403233784,0.5,0,1,1.0,0.477
62ND AV,EAST BOULEVARD,ADERA ST,NO DATA,767.9,0.215,0.5,1,0.4,91.53989482934725,0.5,0,1,1.0,0.41
BURRARD ST 1,BEACH AV,NORTHEAST END,VERY GOOD,636.3,0.28,0.1,0,0.1,51.73373378331439,0.5,0,1,1.0,0.366
BLENHEIM ST,14TH AV,13TH AV,FAIR,1536.9,0.046,0.5,0,0.5,1.4815544421675781,0.8,0,1,1.0,0.477
39TH AV,HOLLAND ST,WALLACE ST,FAIR,1232.5,0.085,0.5,0,0.5,90.4046638039315,0.5,0,1,1.0,0.408
21ST AV,WINDERMERE ST,RUPERT ST,GOOD,816.8,0.195,0.3,0,0.3,90.04284239319622,0.5,0,1,1.0,0.389
19TH AV,PRINCE EDWARD ST,ST. GEORGE ST,VERY POOR,1547.8,0.045,0.95,0,0.95,91.46433963708927,0.5,0,1,1.0,0.481
42ND AV,MACDONALD ST,ELM ST,FAIR,1051.9,0.122,0.5,0,0.5,90.80232130028986,0.5,0,1,1.0,0.413
51ST AV,WALES ST,VIVIAN ST,FAIR,992.0,0.138,0.5,0,0.5,92.0129538426728,0.5,0,1,1.0,0.416
CARTIER ST,LAURIER AV,BALFOUR AV,VERY POOR,1072.7,0.117,0.95,0,0.95,357.4013015018911,0.8,0,1,1.0,0.567
14TH AV,HEATHER ST,ASH ST,FAIR,193.3,0.679,0.5,0,0.5,91.48419670605546,0.5,0,1,1.0,0.497
BALACLAVA ST,19TH AV,18TH AV,GOOD,2039.9,0.017,0.3,0,0.3,0.5226990439113024,0.8,0,1,1.0,0.437
15TH AV,MONTCALM ST,SPRUCE ST,GOOD,531.1,0.346,0.3,0,0.3,91.50632656300183,0.5,0,1,1.0,0.412
23RD AV,SLOCAN ST,KASLO ST,FAIR,1004.1,0.134,0.5,0,0.5,90.58206199631604,0.5,0,1,1.0,0.415
BROOKS ST,47TH AV,46TH AV,POOR,1523.6,0.047,0.8,0,0.8,1.795793961376603,0.8,0,1,1.0,0.53
CARTIER ST,48TH AV,47TH AV,VERY GOOD,1057.6,0.121,0.1,0,0.1,1.3898748886493877,0.8,0,1,1.0,0.417
CORDOVA DIVERSION,HAWKS AV,LOOP BACK LANE,VERY GOOD,712.6,0.24,0.1,0,0.1,66.04638759472618,0.5,0,1,1.0,0.36
27TH AV,RUPERT ST,SKEENA ST,GOOD,211.8,0.655,0.3,0,0.3,90.69428549663564,0.5,0,1,1.0,0.458
14TH AV,KASLO ST,RENFREW ST,FAIR,277.1,0.575,0.5,0,0.5,90.57273817109888,0.5,0,1,1.0,0.481
CHATHAM ST,HORLEY ST,EUCLID AV,VERY GOOD,627.5,0.285,0.1,0,0.1,32.73895002462024,0.8,0,1,1.0,0.442
50TH AV,EAST BOULEVARD,MAPLE ST,VERY GOOD,884.0,0.171,0.1,0,0.1,91.00710229702406,0.5,0,1,1.0,0.35
47TH AV,ANGUS DRIVE,WILTSHIRE ST,NO DATA,1246.5,0.083,0.5,1,0.4,91.4649065910969,0.5,0,1,1.0,0.39
24TH AV,MAIN ST,SOPHIA ST,GOOD,982.9,0.14,0.3,0,0.3,91.13436424140207,0.5,0,1,1.0,0.381
3RD AV,LARCH ST,BALSAM ST,NO DATA,1364.1,0.065,0.5,1,0.4,91.44357659795844,0.5,0,1,1.0,0.387
COLLINGWOOD ST,17TH AV,15TH AV,POOR,1499.3,0.05,0.8,0,0.8,354.7328357803243,0.8,0,1,1.0,0.53
20TH AV,WINDSOR ST,GLEN DRIVE,VERY POOR,1395.7,0.061,0.95,0,0.95,91.3579560366133,0.5,0,1,1.0,0.483
ARBUTUS ST,13TH AV,12TH AV,FAIR,1434.7,0.057,0.5,0,0.5,1.5337912654291017,0.8,0,1,1.0,0.478
COLLINGWOOD ST,31ST AV,30TH AV,VERY GOOD,1819.8,0.026,0.1,0,0.1,0.4539514775732414,0.8,0,1,1.0,0.403
22ND AV,MANITOBA ST,ONTARIO ST,VERY POOR,822.1,0.193,0.95,0,0.95,91.74330949897205,0.5,0,1,1.0,0.503
7TH AV,CLARK DRIVE,MCLEAN DRIVE,VERY GOOD,1184.3,0.094,0.1,0,0.1,90.8142785738055,0.5,0,1,1.0,0.338
52ND AV,HUDSON ST,SELKIRK ST,VERY POOR,1585.8,0.042,0.95,0,0.95,91.33625816376286,0.5,0,1,1.0,0.481
23RD AV,ST. CATHERINES ST,WINDSOR ST,VERY POOR,1629.3,0.038,0.95,0,0.95,91.42451507165765,0.5,0,1,1.0,0.48
2ND AV,WALLACE ST,HIGHBURY ST,FAIR,268.1,0.585,0.5,0,0.5,91.60498829527307,0.5,0,1,1.0,0.483
CARLISLE ST,RENFREW ST,NOOTKA ST,VERY GOOD,198.7,0.672,0.1,0,0.1,90.08986387998749,0.5,0,1,1.0,0.426
ALBERNI ST,GILFORD ST,DENMAN ST,VERY GOOD,123.7,0.781,0.1,0,0.1,134.80701616964603,0.5,0,1,1.0,0.442
40TH AV,CARNARVON ST,EAST END,GOOD,1003.5,0.134,0.3,0,0.3,90.3077402411459,0.5,0,1,1.0,0.38
33RD AV,LARCH ST / PUGET DRIVE,NARVAEZ DRIVE,POOR,1729.8,0.031,0.8,0,0.8,91.64953890582353,0.5,0,1,1.0,0.453
63RD AV,INVERNESS ST,KNIGHT ST,POOR,457.5,0.4,0.8,0,0.8,89.18087231646194,0.5,0,1,1.0,0.508
11TH AV,GRANVILLE ST,HEMLOCK ST,VERY GOOD,404.0,0.446,0.1,0,0.1,91.47964486297968,0.5,0,1,1.0,0.391
28TH AV,ALEXANDRA ST,GRANVILLE ST,POOR,633.7,0.282,0.8,0,0.8,91.4694396583352,0.5,0,1,1.0,0.49
ANGUS DR WB,MARPOLE AV,HOSMER AV,VERY POOR,1377.6,0.064,0.95,0,0.95,224.08742399291276,0.2,0,1,1.0,0.409
46TH AV,RALEIGH ST,KILLARNEY ST,VERY POOR,1038.8,0.125,0.95,0,0.95,91.00215809488537,0.5,0,1,1.0,0.493
18TH AV,WINDERMERE ST,RUPERT ST,POOR,563.6,0.324,0.8,0,0.8,90.11974252010612,0.5,0,1,1.0,0.497
CLARENDON ST,48TH AV,WAVERLEY AV,FAIR,1249.9,0.082,0.5,0,0.5,1.4947944970992921,0.8,0,1,1.0,0.482
35TH AV,PINE CRESCENT,ANGUS DRIVE,VERY POOR,642.6,0.277,0.95,0,0.95,91.42709463269892,0.5,0,1,1.0,0.516
BLENHEIM ST,PUGET DRIVE,16TH AV,GOOD,1763.0,0.029,0.3,0,0.3,10.816101802355831,0.8,0,1,1.0,0.439
39TH AV,CONNAUGHT DRIVE / GRANVILLE ST,CARTIER ST,FAIR,227.7,0.634,0.5,0,0.5,93.08160515264962,0.5,0,1,1.0,0.49
1ST AV,COOK ST,COLUMBIA ST,POOR,28.1,0.945,0.8,0,0.8,62.62349232505193,0.5,0,1,1.0,0.59
36TH AV,CROWN ST,WALLACE ST,POOR,1512.4,0.049,0.8,0,0.8,90.53025224942394,0.5,0,1,1.0,0.455
27TH AV,ST. CATHERINES ST,WINDSOR ST,FAIR,1654.4,0.037,0.5,0,0.5,91.12750666769642,0.5,0,1,1.0,0.4
60TH AV,MAPLE ST,LABURNUM ST,VERY POOR,645.8,0.275,0.95,0,0.95,91.02241020281167,0.5,0,1,1.0,0.516
30TH AV,KNIGHT ST,DUMFRIES ST,POOR,1452.8,0.055,0.8,0,0.8,91.28123189399213,0.5,0,1,1.0,0.456
21ST AV,HEATHER ST,ASH ST,GOOD,827.4,0.191,0.3,0,0.3,91.81507569708333,0.5,0,1,1.0,0.388
COMMERCIAL ST,STAINSBURY AV,VICTORIA DIVERSION,GOOD,375.5,0.472,0.3,0,0.3,4.490961881719102,0.8,0,1,1.0,0.506
13TH AV,QUEBEC ST,MAIN ST,VERY POOR,1164.7,0.097,0.95,0,0.95,91.62777211044363,0.5,0,1,1.0,0.489
37TH AV,MARGUERITE ST,CONNAUGHT DRIVE,POOR,358.8,0.488,0.8,0,0.8,91.4111321226793,0.5,0,1,1.0,0.521
12TH AV,TRIMBLE ST,DISCOVERY ST,FAIR,1069.9,0.118,0.5,0,0.5,91.48964603213864,0.5,0,1,1.0,0.413
53RD AV,WALES ST,VIVIAN ST,VERY POOR,815.1,0.196,0.95,0,0.95,91.89657341943285,0.5,0,1,1.0,0.504
20TH AV,WILLOW ST,HEATHER ST,FAIR,709.1,0.242,0.5,0,0.5,91.93207543009328,0.5,0,1,1.0,0.431
BUTLER ST,47TH AV,46TH AV,FAIR,1517.2,0.048,0.5,0,0.5,1.8076469946390148,0.8,0,1,1.0,0.477
5TH AV,BALSAM ST,VINE ST,VERY POOR,1335.0,0.069,0.95,0,0.95,91.51175249033213,0.5,0,1,1.0,0.485
31ST AV,DUNBAR ST,COLLINGWOOD ST,FAIR,1819.5,0.026,0.5,0,0.5,90.49857509599508,0.5,0,1,1.0,0.399
33RD AV,CULLODEN ST,HENRY ST,POOR,1937.2,0.021,0.8,0,0.8,91.07076066475082,0.5,0,1,1.0,0.451
CARTIER ST,71ST AV,70TH AV,GOOD,564.2,0.324,0.3,0,0.3,359.42232077378134,0.8,0,1,1.0,0.483
18TH AV,COPLEY ST,KAMLOOPS ST,FAIR,407.8,0.442,0.5,0,0.5,89.39870278846973,0.5,0,1,1.0,0.462
BRIDGEWAY,NORTH OF MCGILL OP,SKEENA ST,FAIR,187.0,0.688,0.5,0,0.5,52.10553847024579,0.5,0,1,1.0,0.499
45TH AV,CEDARHURST ST,MACKENZIE ST,VERY GOOD,687.1,0.253,0.1,0,0.1,90.69532647242522,0.5,0,1,1.0,0.362
COLLINGWOOD ST,6TH AV,5TH AV,VERY POOR,877.0,0.173,0.95,0,0.95,1.4706697477548687,0.8,0,1,1.0,0.575
66TH AV,EAST BOULEVARD,ADERA ST,VERY GOOD,614.4,0.293,0.1,0,0.1,91.55746021326877,0.5,0,1,1.0,0.368
26TH AV,WEST END,NOOTKA ST,POOR,941.8,0.152,0.8,0,0.8,90.51845521056816,0.5,0,1,1.0,0.471
COMMERCIAL ST,45TH AV,43RD AV,FAIR,1498.7,0.05,0.5,0,0.5,0.9451889331553502,0.8,0,1,1.0,0.477
33RD AV,NANAIMO ST,30TH AV,POOR,505.4,0.364,0.8,0,0.8,90.54712288827318,0.5,0,1,1.0,0.503
23RD AV,YUKON ST,COLUMBIA ST,POOR,593.8,0.305,0.8,0,0.8,91.74431164633359,0.5,0,1,1.0,0.494
39TH AV,BRUCE ST,COMMERCIAL ST,VERY POOR,1345.3,0.068,0.95,0,0.95,91.05726065224576,0.5,0,1,1.0,0.484
37TH AV,ASH ST,CAMBIE ST,GOOD,488.1,0.377,0.3,0,0.3,93.1055219352777,0.5,0,1,1.0,0.416
52ND AV,KILLARNEY ST,RUPERT ST,VERY GOOD,887.9,0.169,0.1,0,0.1,90.27630022342908,0.5,0,1,1.0,0.35
34TH AV,WEST END,PINE CRESCENT,VERY POOR,764.1,0.217,0.95,0,0.95,91.2199049795538,0.5,0,1,1.0,0.507
BALKAN ST,26TH AV,KING EDWARD AV,POOR,1154.2,0.099,0.8,0,0.8,1.1354935074928676,0.8,0,1,1.0,0.538
COLUMBIA ST,21ST AV,20TH AV,GOOD,848.8,0.183,0.3,0,0.3,1.7259124666786079,0.8,0,1,1.0,0.462
CARIBOO ST,MOSCROP ST,29TH AV,VERY POOR,96.2,0.825,0.95,0,0.95,28.05501586432581,0.8,0,1,1.0,0.674
21ST AV,GLEN DRIVE,INVERNESS ST,VERY POOR,1292.6,0.075,0.95,0,0.95,91.4294655075106,0.5,0,1,1.0,0.486
51ST AV,BEECHWOOD ST,ARBUTUS ST,NO DATA,643.9,0.276,0.5,1,0.4,91.13385187921517,0.5,0,1,1.0,0.419
67TH AV,CARTIER ST,MONTCALM ST,VERY GOOD,897.4,0.166,0.1,0,0.1,91.32666678233443,0.5,0,1,1.0,0.349
18TH AV,PRINCE ALBERT ST,ST. CATHERINES ST,GOOD,1625.3,0.039,0.3,0,0.3,91.43120529994371,0.5,0,1,1.0,0.365
5TH AV,MANITOBA ST,ONTARIO ST,GOOD,378.8,0.469,0.3,0,0.3,91.64759057611269,0.5,0,1,1.0,0.43
COMMERCIAL DR,HASTINGS ST,FRANKLIN ST,POOR,1405.0,0.06,0.8,0,0.8,0.8717978644356208,0.8,0,1,1.0,0.532
39TH AV,WINDSOR ST,ROSS ST,VERY POOR,1597.2,0.041,0.95,0,0.95,92.04944550348813,0.5,0,1,1.0,0.48
54TH AV,HEATHER ST,NEAL ST,GOOD,781.4,0.21,0.3,0,0.3,89.43280867371004,0.5,0,1,1.0,0.391
44TH AV,VICTORIA DRIVE,GLADSTONE ST,FAIR,1153.2,0.1,0.5,0,0.5,90.95486123830182,0.5,0,1,1.0,0.41
55TH AV,MAIN ST,SOPHIA ST,GOOD,607.2,0.297,0.3,0,0.3,91.90454098170983,0.5,0,1,1.0,0.404
5TH AV,2ND AV,YUKON ST,VERY GOOD,259.3,0.595,0.1,0,0.1,100.121490720196,0.5,0,1,1.0,0.414
BUTE ST,PENDRELL ST,COMOX ST,FAIR,135.7,0.762,0.5,0,0.5,47.04070113802044,0.5,0,1,1.0,0.51
ANGUS DR,37TH AV,36TH AV,VERY GOOD,624.6,0.287,0.1,0,0.1,35.03244233778372,0.8,0,1,1.0,0.442
BLENHEIM ST,4TH AV,3RD AV,GOOD,1129.7,0.104,0.3,0,0.3,1.460631167722056,0.8,0,1,1.0,0.45
CARNARVON ST,41ST AV,40TH AV,VERY GOOD,914.6,0.161,0.1,0,0.1,0.21524539170053458,0.8,0,1,1.0,0.423
22ND AV,ASH ST,CAMBIE ST,POOR,720.9,0.236,0.8,0,0.8,100.01471279274472,0.5,0,1,1.0,0.483
1ST AV,YEW ST,ARBUTUS ST,GOOD,861.6,0.178,0.3,0,0.3,91.52590186854763,0.5,0,1,1.0,0.386
BALACLAVA ST,11TH AV,10TH AV,FAIR,1591.9,0.041,0.5,0,0.5,1.449130853133397,0.8,0,1,1.0,0.476
43RD AV,RHODES ST,EARLES ST,VERY POOR,711.8,0.241,0.95,0,0.95,89.1136448485006,0.5,0,1,1.0,0.511
BLENHEIM ST,26TH AV,KING EDWARD AV,FAIR,2343.4,0.009,0.5,0,0.5,0.5234247032179837,0.8,0,1,1.0,0.471
3RD AV,DUNBAR ST,COLLINGWOOD ST,VERY GOOD,698.6,0.247,0.1,0,0.1,91.52909233244924,0.5,0,1,1.0,0.362
CARTIER ST,41ST AV,40TH AV,NO DATA,325.3,0.522,0.5,1,0.4,1.3830101077620043,0.8,0,1,1.0,0.531
32ND AV,OSLER ST,OAK ST,VERY POOR,227.0,0.635,0.95,0,0.95,93.90548800518854,0.5,0,1,1.0,0.57
16TH AV,BALACLAVA ST,CARNARVON ST,FAIR,1951.9,0.02,0.5,0,0.5,91.49476341887623,0.5,0,1,1.0,0.398
27TH AV,INVERNESS ST,KNIGHT ST,FAIR,1348.1,0.067,0.5,0,0.5,91.47500289716464,0.5,0,1,1.0,0.405
BALACLAVA ST,SOUTH END,CELTIC AV,POOR,61.8,0.884,0.8,0,0.8,6.500412851256726,0.8,0,1,1.0,0.656
ARBUTUS ST,YORK AV,CORNWALL AV,VERY GOOD,717.0,0.238,0.1,0,0.1,1.469031499841435,0.8,0,1,1.0,0.435
64TH AV,HEATHER ST,ASH ST,VERY POOR,355.7,0.491,0.95,0,0.95,89.25889977793719,0.5,0,1,1.0,0.548
5TH AV,DUNBAR ST,COLLINGWOOD ST,GOOD,743.7,0.226,0.3,0,0.3,91.6068735620471,0.5,0,1,1.0,0.394
46TH AV,WILLOW ST,TISDALL ST,VERY GOOD,939.8,0.153,0.1,0,0.1,93.14220286352702,0.5,0,1,1.0,0.347
CHURCHILL ST,41ST AV,40TH AV,VERY POOR,437.6,0.417,0.95,0,0.95,1.5028658078330182,0.8,0,1,1.0,0.612
37TH AV,PRINCE EDWARD ST,EAST END,FAIR,663.6,0.265,0.5,0,0.5,91.85346515482843,0.5,0,1,1.0,0.435
27TH AV,ROSS ST,INVERNESS ST,FAIR,1566.2,0.044,0.5,0,0.5,92.4305806026357,0.5,0,1,1.0,0.401
49TH AV,ARGYLE ST,BRUCE ST,FAIR,1840.7,0.025,0.5,0,0.5,90.78318237618919,0.5,0,1,1.0,0.399
12TH AV,BLENHEIM ST,TRUTCH ST,VERY GOOD,1470.1,0.053,0.1,0,0.1,91.48242053696237,0.5,0,1,1.0,0.332
ALEXANDRA ST,CONNAUGHT DRIVE,BEVERLY CRESCENT,VERY POOR,499.5,0.368,0.95,0,0.95,347.76690533543876,0.8,0,1,1.0,0.605
49TH AV,ELGIN ST,ROSS ST,FAIR,1626.0,0.039,0.5,0,0.5,90.97949833934769,0.5,0,1,1.0,0.401
59TH AV,DUMFRIES ST,BORDEN ST,GOOD,835.0,0.188,0.3,0,0.3,93.34070373191054,0.5,0,1,1.0,0.388
CAMOSUN ST,16TH AV,15TH AV,FAIR,1264.4,0.08,0.5,0,0.5,1.4493185726112188,0.8,0,1,1.0,0.482
47TH AV,CHURCHILL ST,GRANVILLE ST,NO DATA,1070.7,0.117,0.5,1,0.4,91.44837124908264,0.5,0,1,1.0,0.395
CHARLES ST,KAMLOOPS ST,PENTICTON ST,FAIR,1161.8,0.098,0.5,0,0.5,90.12077105105232,0.5,0,1,1.0,0.41
28TH AV,VICTORIA DRIVE,SIDNEY ST,FAIR,950.2,0.15,0.5,0,0.5,90.31010234742962,0.5,0,1,1.0,0.417
27TH AV,ONTARIO ST,QUEBEC ST,GOOD,612.6,0.294,0.3,0,0.3,91.46587021998499,0.5,0,1,1.0,0.404
BLENHEIM ST,SW MARINE DRIVE,44TH AV,VERY GOOD,262.8,0.591,0.1,0,0.1,0.21741772379112945,0.8,0,1,1.0,0.488
20TH AV,LAKEWOOD ST,SOUTHEAST END,VERY POOR,287.1,0.563,0.95,0,0.95,113.12042423896759,0.5,0,1,1.0,0.559
10TH AV,MACDONALD ST,STEPHENS ST,NO DATA,1975.6,0.019,0.5,1,0.4,91.49221773959619,0.5,0,1,1.0,0.38
47TH AV,BALSAM ST,VINE ST,VERY GOOD,655.0,0.27,0.1,0,0.1,91.48852471962675,0.5,0,1,1.0,0.365
52ND AV,QUEBEC ST,MAIN ST,VERY POOR,332.6,0.514,0.95,0,0.95,92.040701173966,0.5,0,1,1.0,0.552
BALACLAVA ST,3RD AV,2ND AV,FAIR,1408.8,0.06,0.5,0,0.5,1.4965698661522424,0.8,0,1,1.0,0.479
42ND AV,EARLES ST,KILLARNEY ST,VERY GOOD,628.2,0.285,0.1,0,0.1,90.33594112252479,0.5,0,1,1.0,0.367
11TH AV,GUELPH ST,ST. GEORGE ST,FAIR,1134.8,0.103,0.5,0,0.5,90.81606750539066,0.5,0,1,1.0,0.41
21ST AV,KNIGHT ST,LANARK ST,GOOD,940.9,0.152,0.3,0,0.3,91.47827997368586,0.5,0,1,1.0,0.382
42ND AV,PAVEMENT CHANGE,CYPRESS ST,NO DATA,1028.5,0.128,0.5,1,0.4,91.45197750538875,0.5,0,1,1.0,0.396
45TH AV,LINCOLN ST,ORMIDALE ST,POOR,1674.8,0.035,0.8,0,0.8,90.28549814553492,0.5,0,1,1.0,0.453
CARDERO ST,BARCLAY ST,HARO ST,FAIR,325.8,0.521,0.5,0,0.5,46.80286538489855,0.5,0,1,1.0,0.473
ADERA ST,54TH AV,52ND AV,VERY POOR,1364.2,0.065,0.95,0,0.95,0.9425124652460113,0.8,0,1,1.0,0.559
ALBERTA ST,15TH AV,14TH AV,VERY POOR,722.5,0.236,0.95,0,0.95,1.4806752981730256,0.8,0,1,1.0,0.585
COMMERCIAL DR,14TH AV,13TH AV,FAIR,479.2,0.384,0.5,0,0.5,0.7818019478188489,0.8,0,1,1.0,0.528
6TH AV,MANITOBA ST,ONTARIO ST,GOOD,476.7,0.385,0.3,0,0.3,91.6700225059397,0.5,0,1,1.0,0.418
CARNARVON ST,39TH AV,38TH AV,VERY GOOD,1095.1,0.112,0.1,0,0.1,0.35654767810319754,0.8,0,1,1.0,0.416
52ND AV,GLADSTONE ST,NANAIMO ST,VERY POOR,1222.1,0.087,0.95,0,0.95,91.05659087752781,0.5,0,1,1.0,0.487
49TH AV,BALSAM ST,VINE ST,GOOD,497.3,0.37,0.3,0,0.3,91.21643767139142,0.5,0,1,1.0,0.415
CLARENDON ST,42ND AV,41ST AV,POOR,626.9,0.285,0.8,0,0.8,353.95846007784354,0.8,0,1,1.0,0.566
17TH AV,MACKENZIE ST,BONSAI ST,GOOD,2220.3,0.012,0.3,0,0.3,91.48857864817569,0.5,0,1,1.0,0.361
29TH AV,CHALDECOTT ST,WALLACE ST,FAIR,2175.9,0.013,0.5,0,0.5,90.50920273739376,0.5,0,1,1.0,0.397
6TH AV,SPRUCE ST,OAK ST,FAIR,192.7,0.68,0.5,0,0.5,91.50328776981263,0.5,0,1,1.0,0.497
47TH AV,ONTARIO ST,QUEBEC ST,FAIR,233.6,0.627,0.5,0,0.5,91.80235741450224,0.5,0,1,1.0,0.489
14TH AV,SASAMAT ST,TRIMBLE ST,GOOD,1337.2,0.069,0.3,0,0.3,91.52603576465202,0.5,0,1,1.0,0.37
ARLINGTON ST,CHAMPLAIN CRESCENT,WHITHORN COURT,POOR,696.7,0.248,0.8,0,0.8,54.59662424256993,0.5,0,1,1.0,0.485
17TH AV,CYPRESS ST,BURRARD ST / CEDAR CRESCENT,VERY POOR,1342.8,0.068,0.95,0,0.95,91.50235226209116,0.5,0,1,1.0,0.485
28TH AV,CARNARVON ST,MACKENZIE ST,GOOD,2190.2,0.013,0.3,0,0.3,90.47848219902028,0.5,0,1,1.0,0.361
22ND AV,YUKON ST,COLUMBIA ST,FAIR,709.8,0.242,0.5,0,0.5,91.72286061470152,0.5,0,1,1.0,0.431
34TH AV,YEW ST,DEAD END,VERY GOOD,1400.8,0.061,0.1,0,0.1,91.22486276319182,0.5,0,1,1.0,0.333
3RD AV,TRAFALGAR ST,LARCH ST,NO DATA,1500.8,0.05,0.5,1,0.4,91.65756894685705,0.5,0,1,1.0,0.385
18TH AV,WATSON ST,SOPHIA ST,GOOD,1429.9,0.057,0.3,0,0.3,91.32717980549364,0.5,0,1,1.0,0.368
47TH AV,BRUCE ST,COMMERCIAL ST,GOOD,1692.5,0.034,0.3,0,0.3,91.42600973444291,0.5,0,1,1.0,0.365
13TH AV,ALBERTA ST,COLUMBIA ST,FAIR,668.0,0.263,0.5,0,0.5,88.8677353623014,0.5,0,1,1.0,0.434
ADERA ST,62ND AV,61ST AV,FAIR,979.1,0.141,0.5,0,0.5,1.5245802450243104,0.8,0,1,1.0,0.491
31ST AV,CULLODEN ST,HENRY ST,VERY GOOD,1731.5,0.031,0.1,0,0.1,90.62697777736469,0.5,0,1,1.0,0.329
53RD AV,DUMFRIES ST,FLEMING ST,FAIR,1435.4,0.057,0.5,0,0.5,90.78474923107188,0.5,0,1,1.0,0.403
8TH AV,TRIMBLE ST,DISCOVERY ST,VERY POOR,701.6,0.246,0.95,0,0.95,91.51638587249136,0.5,0,1,1.0,0.511
63RD AV,ARGYLE ST,LEASIDE ST,VERY GOOD,487.1,0.377,0.1,0,0.1,90.85328198825829,0.5,0,1,1.0,0.381
26TH AV,WATSON ST,SOPHIA ST,VERY POOR,918.7,0.159,0.95,0,0.95,91.57873093919102,0.5,0,1,1.0,0.498
BURRARD ST,ROBSON ST,GEORGIA ST,FAIR,166.1,0.717,0.5,0,0.5,44.77330327133927,0.8,0,1,1.0,0.578
10TH AV,STEPHENS ST,TRAFALGAR ST,NO DATA,1990.0,0.019,0.5,1,0.4,94.32072018252785,0.5,0,1,1.0,0.38
15TH AV,WOODLAND DRIVE,DUMFRIES ST,GOOD,680.4,0.256,0.3,0,0.3,93.53505134688521,0.5,0,1,1.0,0.398
52ND AV,ELLIOTT ST,WALES ST,FAIR,946.7,0.151,0.5,0,0.5,91.97946007649165,0.5,0,1,1.0,0.418
4TH AV,KAMLOOPS ST,PENTICTON ST,GOOD,564.4,0.323,0.3,0,0.3,90.0784276113231,0.5,0,1,1.0,0.408
27TH AV,CHALDECOTT ST,WALLACE ST,POOR,2373.6,0.009,0.8,0,0.8,90.54798862282132,0.5,0,1,1.0,0.449
7TH AV,HIGHBURY ST,ALMA ST,GOOD,606.3,0.297,0.3,0,0.3,91.64765052675534,0.5,0,1,1.0,0.404
COLLINGWOOD ST,13TH AV,12TH AV,GOOD,1260.7,0.08,0.3,0,0.3,1.4746062241000573,0.8,0,1,1.0,0.447
8TH AV,BRUNSWICK ST,PRINCE EDWARD ST,POOR,774.3,0.213,0.8,0,0.8,101.80429460004905,0.5,0,1,1.0,0.48
67TH AV,OSLER ST,OAK ST,FAIR,1031.8,0.127,0.5,0,0.5,91.45103463764241,0.5,0,1,1.0,0.414
18TH AV,MAPLE ST,CYPRESS ST,POOR,1539.1,0.046,0.8,0,0.8,91.49730417513575,0.5,0,1,1.0,0.455
26TH AV,VICTORIA DRIVE,SIDNEY ST,FAIR,749.9,0.223,0.5,0,0.5,90.45676214676928,0.5,0,1,1.0,0.428
29TH AV,SELKIRK ST,OSLER ST,POOR,510.3,0.36,0.8,0,0.8,86.03010302439793,0.5,0,1,1.0,0.502
10TH AV,KASLO ST,RENFREW ST,POOR,381.7,0.466,0.8,0,0.8,90.45924098677494,0.5,0,1,1.0,0.518
CHARLES ST,NOOTKA ST,LE ROI ST,POOR,707.8,0.243,0.8,0,0.8,90.07228079037577,0.5,0,1,1.0,0.484
BLENHEIM ST,48TH AV,SW MARINE DRIVE,VERY GOOD,115.3,0.794,0.1,0,0.1,1.048796533775203,0.8,0,1,1.0,0.519
57TH AV,BEECHWOOD ST,ARBUTUS ST,VERY POOR,406.5,0.444,0.95,0,0.95,91.1988810585596,0.5,0,1,1.0,0.541
1ST AV,LORNE ST,SCOTIA ST,FAIR,235.0,0.625,0.5,0,0.5,131.25851337565575,0.5,0,1,1.0,0.489
BALSAM ST,2ND AV,1ST AV,FAIR,1247.1,0.083,0.5,0,0.5,1.5207825913962552,0.8,0,1,1.0,0.482
28TH AV,NANAIMO ST,KAMLOOPS ST,VERY POOR,907.4,0.163,0.95,0,0.95,90.05487290684675,0.5,0,1,1.0,0.499
ANGUS DR WB,ANGUS DRIVE,MARPOLE AV,POOR,1319.2,0.071,0.8,0,0.8,272.4881547508368,0.5,0,1,1.0,0.459
13TH AV,YUKON ST,ALBERTA ST,POOR,567.9,0.321,0.8,0,0.8,91.50515363917884,0.5,0,1,1.0,0.496
4TH AV,NOOTKA ST,LILLOOET ST,VERY POOR,782.8,0.209,0.95,0,0.95,90.32954660489435,0.5,0,1,1.0,0.506
2ND AV,LORNE ST,SCOTIA ST,POOR,212.9,0.653,0.8,0,0.8,131.19490073996252,0.5,0,1,1.0,0.546
63RD AV,CAMBIE ST,64TH AV,GOOD,6.8,0.987,0.3,0,0.3,90.87914877160574,0.5,0,1,1.0,0.508
CLARENDON ST,51ST AV,49TH AV,GOOD,1125.7,0.105,0.3,0,0.3,1.007092082902318,0.8,0,1,1.0,0.45
59TH AV,OAK ST,FREMLIN ST,GOOD,1039.3,0.125,0.3,0,0.3,92.4494527411681,0.5,0,1,1.0,0.378
77TH AV,HUDSON ST,OAK ST,VERY GOOD,43.6,0.917,0.1,0,0.1,91.38808233234829,0.5,1,1,1.0,0.762
ARGYLE ST,ISLAND AV,SE MARINE DRIVE,VERY GOOD,204.5,0.664,0.1,0,0.1,0.5254550985805508,0.8,0,1,1.0,0.499
3RD AV,YEW ST,ARBUTUS ST,NO DATA,951.6,0.149,0.5,1,0.4,91.5312128270374,0.5,0,1,1.0,0.4
37TH AV,ALBERTA ST,ELIZABETH ST,FAIR,464.6,0.395,0.5,0,0.5,88.6839303984575,0.5,0,1,1.0,0.454
43RD AV,SHERBROOKE ST,INVERNESS ST,FAIR,1911.0,0.022,0.5,0,0.5,91.31917313375129,0.5,0,1,1.0,0.398
CAMBRIDGE ST,TEMPLETON DRIVE,GARDEN DRIVE,GOOD,1270.4,0.079,0.3,0,0.3,90.16276166474967,0.5,0,1,1.0,0.371
23RD AV,CROWN ST,WALLACE ST,NO DATA,2026.6,0.017,0.5,1,0.4,90.46868987998607,0.5,0,1,1.0,0.38
50TH AV,DUNBAR ST,EAST END,VERY GOOD,241.7,0.617,0.1,0,0.1,89.3187233963123,0.5,0,1,1.0,0.417
2ND AV,VERNON DRIVE,CLARK DRIVE,VERY GOOD,972.1,0.143,0.1,0,0.1,90.78901784741788,0.5,0,1,1.0,0.346
7TH AV,RUPERT ST,EAST END,VERY POOR,428.7,0.424,0.95,0,0.95,90.3036703115327,0.5,0,1,1.0,0.538
64TH AV,63RD AV,COLUMBIA ST,VERY GOOD,7.5,0.985,0.1,0,0.1,133.87417829105084,0.5,0,1,1.0,0.473
20TH AV,HEATHER ST,ASH ST,GOOD,729.0,0.233,0.3,0,0.3,91.79215645400541,0.5,0,1,1.0,0.395
8TH AV,MCLEAN DRIVE,WOODLAND DRIVE,POOR,1012.7,0.132,0.8,0,0.8,90.69026487243849,0.5,0,1,1.0,0.468
ALMA ST,8TH AV,7TH AV,VERY POOR,707.4,0.243,0.95,0,0.95,1.4767642624566406,0.8,0,1,1.0,0.586
CULLODEN ST,53RD AV,51ST AV,VERY POOR,1456.9,0.054,0.95,0,0.95,1.472371648601495,0.8,0,1,1.0,0.557
KERR ST,SE MARINE DRIVE,63RD AV,VERY GOOD,63.7,0.88,0.1,0,0.1,4.8126907176774125,0.8,0,1,1.0,0.532
HORLEY ST,CHATHAM ST,RUPERT ST,VERY POOR,627.6,0.285,0.95,0,0.95,121.96784282758153,0.5,0,1,1.0,0.517
MAIN ST,PENDER ST,HASTINGS ST,GOOD,237.1,0.622,0.3,0,0.3,1.6660189052704482,0.8,0,1,1.0,0.528
GRANDVIEW HWY N,GARDEN DRIVE,NANAIMO ST,VERY GOOD,321.1,0.526,0.1,0,0.1,122.81760493447752,0.5,0,1,1.0,0.404
GUELPH ST,BROADWAY,8TH AV,GOOD,869.5,0.176,0.3,0,0.3,0.6442386310520192,0.8,0,1,1.0,0.461
HIGHBURY ST,BROADWAY,8TH AV,FAIR,678.2,0.258,0.5,0,0.5,1.6410154569592805,0.8,0,1,1.0,0.509
GRANT ST,SALSBURY DRIVE,VICTORIA DRIVE,FAIR,1304.9,0.074,0.5,0,0.5,90.6283421356618,0.5,0,1,1.0,0.406
ELM ST,41ST AV,39TH AV,VERY POOR,1183.4,0.094,0.95,0,0.95,1.5106097798801557,0.8,0,1,1.0,0.563
COTTON DR,KITCHENER ST,CHARLES ST,VERY POOR,1200.5,0.091,0.95,0,0.95,0.7500226653908726,0.8,0,1,1.0,0.563
LAKEWOOD DR,12TH AV / GRANDVIEW HWY,10TH AV,VERY GOOD,243.3,0.615,0.1,0,0.1,0.7413412346689938,0.8,0,1,1.0,0.492
MANITOBA ST,44TH AV,43RD AV,FAIR,552.1,0.331,0.5,0,0.5,1.6488740248810814,0.8,0,1,1.0,0.52
FRASER ST,14TH AV,13TH AV,GOOD,1533.2,0.047,0.3,0,0.3,0.8754106910295718,0.8,0,1,1.0,0.442
GLADSTONE ST,54TH AV,53RD AV,VERY POOR,1258.2,0.081,0.95,0,0.95,1.0047647684076537,0.8,0,1,1.0,0.561
JOYCE ST,MONMOUTH AV,PRICE ST,POOR,276.4,0.575,0.8,0,0.8,32.14088408101878,0.8,0,1,1.0,0.61
FRASERVIEW DR,NANAIMO ST,ANCASTER CRESCENT / MUIRFIELD DRIVE,GOOD,655.7,0.269,0.3,0,0.3,44.61711810694828,0.8,0,1,1.0,0.475
CORDOVA ST,CARRALL ST,COLUMBIA ST,VERY POOR,287.7,0.563,0.95,0,0.95,96.04362899039796,0.5,0,1,1.0,0.559
KAMLOOPS ST,GRANDVIEW HWY NORTH,12TH AV,FAIR,254.2,0.601,0.5,0,0.5,0.17707118488783635,0.8,0,1,1.0,0.56
EARLES ST,KINGSWAY,DUKE ST,FAIR,131.0,0.769,0.5,0,0.5,28.71341300773247,0.8,0,1,1.0,0.586
MAQUINNA DR,BUTLER ST,STIKINE PLACE,GOOD,319.3,0.528,0.3,0,0.3,95.45952762555578,0.5,0,1,1.0,0.439
KAMLOOPS ST,GEORGIA ST,TURNER ST,FAIR,946.6,0.151,0.5,0,0.5,359.93212634570534,0.8,0,1,1.0,0.493
FRANKLIN ST,VICTORIA DRIVE,SEMLIN DRIVE,FAIR,1572.5,0.043,0.5,0,0.5,91.97436270385737,0.5,0,1,1.0,0.401
DUNBAR ST,36TH AV,35TH AV,GOOD,1342.4,0.068,0.3,0,0.3,0.463280001268231,0.8,0,1,1.0,0.445
KENT AV N,NANAIMO ST,ELLIOTT ST,VERY GOOD,27.3,0.947,0.1,0,0.1,94.85013924038299,0.5,0,1,1.0,0.467
MANITOBA ST,68TH AV,SW MARINE DRIVE,VERY POOR,282.2,0.569,0.95,0,0.95,2.4340348148547832,0.8,0,1,1.0,0.635
EAST BLVD,37TH AV,36TH AV,FAIR,1291.1,0.076,0.5,0,0.5,1.4771898219402715,0.8,0,1,1.0,0.481
FALAISE AV,MATAPAN CRESCENT,FALAISE PLACE,VERY POOR,576.7,0.316,0.95,0,0.95,45.11495856433601,0.5,0,1,1.0,0.522
MAIN ST,HASTINGS ST,CORDOVA ST,FAIR,291.1,0.559,0.5,0,0.5,1.7466577633325073,0.8,0,1,1.0,0.554
FRASER ST,55TH AV,54TH AV,POOR,1230.0,0.085,0.8,0,0.8,0.9047589312895639,0.8,0,1,1.0,0.536
DUNSMUIR ST,RICHARDS ST,SEYMOUR ST,GOOD,261.5,0.593,0.3,0,0.3,314.7479935655931,0.5,0,1,1.0,0.449
HUDSON ST,55TH AV,54TH AV,VERY GOOD,1703.6,0.033,0.1,0,0.1,356.07354387195295,0.8,0,1,1.0,0.404
DUNLEVY AV,PENDER ST,HASTINGS ST,VERY POOR,539.1,0.34,0.95,0,0.95,1.8684020706591582,0.8,0,1,1.0,0.601
MAPLE CRES,CYPRESS CRESCENT,KING EDWARD AV,POOR,1265.3,0.08,0.8,0,0.8,344.1117835572728,0.8,0,1,1.0,0.535
FLEMING ST,SOUTH END,22ND AV,POOR,862.3,0.178,0.8,0,0.8,1.2361152844039225,0.8,0,1,1.0,0.55
HEATHER ST,29TH AV,28TH AV,POOR,448.6,0.408,0.8,0,0.8,1.30122339039292,0.8,0,1,1.0,0.584
CORNETT RD,NATAL ST,SKEENA ST,FAIR,23.4,0.954,0.5,0,0.5,55.077280222370746,0.5,0,1,1.0,0.539
HIGHBURY ST,5TH AV,4TH AV,VERY GOOD,438.7,0.416,0.1,0,0.1,1.606123564331483,0.8,0,1,1.0,0.462
MAPLE ST,WHYTE AV,MCNICOLL AV,FAIR,353.4,0.493,0.5,0,0.5,1.5010929313380075,0.8,0,1,1.0,0.544
GEORGIA ST,JACKSON AV,PRINCESS AV,VERY GOOD,355.8,0.491,0.1,0,0.1,91.6986192878993,0.5,0,1,1.0,0.398
KASLO ST,TRINITY ST,YALE ST,VERY GOOD,553.9,0.33,0.1,0,0.1,359.91211235702747,0.8,0,1,1.0,0.449
CROWN ST,31ST AV,30TH AV,FAIR,2070.0,0.016,0.5,0,0.5,0.5151250293533849,0.8,0,1,1.0,0.472
KOOTENAY ST,PANDORA ST,TRIUMPH ST,GOOD,941.2,0.152,0.3,0,0.3,0.11350313067060824,0.8,0,1,1.0,0.457
GEORGE ST,NAPIER ST,PARKER ST,VERY GOOD,591.1,0.307,0.1,0,0.1,1.1338419809024458,0.8,0,1,1.0,0.445
CROMPTON ST,KENT AV SOUTH,67TH AV,POOR,111.7,0.8,0.8,0,0.8,4.310848374017951,0.8,0,1,1.0,0.643
MANITOBA ST,14TH AV,13TH AV,GOOD,911.3,0.162,0.3,0,0.3,2.069295948440981,0.8,0,1,1.0,0.459
CORDOVA ST,HOMER ST,CAMBIE ST,POOR,400.9,0.449,0.8,0,0.8,134.77872475954962,0.5,0,1,1.0,0.515
MACKENZIE ST,43RD AV,42ND AV,VERY GOOD,892.5,0.168,0.1,0,0.1,0.5062080551343229,0.8,0,1,1.0,0.425
GRAVELEY ST,KASLO ST,RENFREW ST,FAIR,990.9,0.138,0.5,0,0.5,90.10009393958939,0.5,0,1,1.0,0.416
CROWN ST,11TH AV,10TH AV,FAIR,737.7,0.229,0.5,0,0.5,1.4642939972138151,0.8,0,1,1.0,0.504
DRAKE ST,RICHARDS ST,HOMER ST,FAIR,468.2,0.392,0.5,0,0.5,134.80630851587944,0.5,0,1,1.0,0.454
FRASER ST,53RD AV,52ND AV,POOR,1162.0,0.098,0.8,0,0.8,0.9906646639631163,0.8,0,1,1.0,0.538
GLEN DR,22ND AV,21ST AV,GOOD,1425.1,0.058,0.3,0,0.3,1.3089027275221952,0.8,0,1,1.0,0.443
COURTENAY ST,16TH AV,15TH AV,POOR,1307.3,0.073,0.8,0,0.8,1.4935770857726993,0.8,0,1,1.0,0.534
KING EDWARD AV,CAROLINA ST,FRASER ST,FAIR,1431.0,0.057,0.5,0,0.5,91.01884521854038,0.5,0,1,1.0,0.403
LAKEWOOD DR,KITCHENER ST,CHARLES ST,VERY GOOD,1254.0,0.081,0.1,0,0.1,4.361655462897147,0.8,0,1,1.0,0.412
GRANDVIEW HWY N,KAMLOOPS ST,PENTICTON ST,VERY GOOD,358.1,0.489,0.1,0,0.1,91.34826750543311,0.5,0,1,1.0,0.398
FLEMING ST,33RD AV,32ND AV,VERY GOOD,1590.1,0.042,0.1,0,0.1,1.1540068522740512,0.8,0,1,1.0,0.406
MANITOBA ST,39TH AV,38TH AV,GOOD,306.7,0.541,0.3,0,0.3,2.2804660119892333,0.8,0,1,1.0,0.516
GLEN DR,27TH AV,26TH AV,GOOD,1606.1,0.04,0.3,0,0.3,1.3343360836153124,0.8,0,1,1.0,0.441
MARGUERITE ST,49TH AV,47TH AV,VERY POOR,1189.4,0.093,0.95,0,0.95,1.472381268596223,0.8,0,1,1.0,0.563
GLADSTONE ST,BONNYVALE AV,UPLAND DRIVE,GOOD,1059.7,0.12,0.3,0,0.3,1.186976332471147,0.8,0,1,1.0,0.453
DAWSON ST,51ST AV,49TH AV,VERY GOOD,985.2,0.139,0.1,0,0.1,1.9489156831107834,0.8,0,1,1.0,0.42
GARDEN DR,8TH AV,7TH AV,VERY POOR,259.0,0.596,0.95,0,0.95,0.7243533274681795,0.8,0,1,1.0,0.639
EUCLID AV,SPENCER ST,MCHARDY ST,GOOD,898.5,0.166,0.3,0,0.3,121.50712513528151,0.5,0,1,1.0,0.385
KASLO ST,2ND AV,1ST AV,GOOD,980.7,0.141,0.3,0,0.3,0.5643453007947983,0.8,0,1,1.0,0.456
MAPLE ST,58TH AV,57TH AV,VERY POOR,689.9,0.252,0.95,0,0.95,1.4127685063412514,0.8,0,1,1.0,0.587
CORDOVA ST,SEYMOUR ST,RICHARDS ST / WATER ST,VERY POOR,537.1,0.342,0.95,0,0.95,136.0806793033695,0.2,0,1,1.0,0.451
DUNDAS ST,NANAIMO ST,KAMLOOPS ST,VERY POOR,978.9,0.141,0.95,0,0.95,90.14469486903783,0.5,0,1,1.0,0.496
CULLODEN ST,54TH AV,53RD AV,VERY POOR,1308.6,0.073,0.95,0,0.95,1.4619224202856458,0.8,0,1,1.0,0.56
FRASER ST,33RD AV,32ND AV,VERY GOOD,1121.8,0.106,0.1,0,0.1,1.1190866785024127,0.8,0,1,1.0,0.415
FELLOWES ST,MCGILL ST,TRINITY ST,POOR,557.9,0.328,0.8,0,0.8,21.585241781143907,0.8,0,1,1.0,0.572
HAWKS AV,SOUTH END,GEORGIA ST,FAIR,163.2,0.722,0.5,0,0.5,1.522831917946121,0.8,0,1,1.0,0.579
DUNSMUIR ST,CAMBIE ST,HAMILTON ST,GOOD,120.7,0.785,0.3,0,0.3,314.7800768769315,0.5,0,1,1.0,0.478
HOMER ST,DRAKE ST,DAVIE ST,GOOD,352.3,0.494,0.3,0,0.3,44.75519516122216,0.8,0,1,1.0,0.509
DISCOVERY ST,15TH AV,14TH AV,FAIR,1261.2,0.08,0.5,0,0.5,1.4816781422579766,0.8,0,1,1.0,0.482
HUDSON ST,72ND AV,71ST AV,VERY GOOD,571.9,0.319,0.1,0,0.1,1.4629716819139276,0.8,0,1,1.0,0.447
LILLOOET ST,4TH AV,3RD AV,VERY POOR,736.4,0.229,0.95,0,0.95,0.6778134504811533,0.8,0,1,1.0,0.584
GRAVELEY ST,CLARK DRIVE,MCLEAN DRIVE,POOR,919.5,0.159,0.8,0,0.8,90.77216577823793,0.5,0,1,1.0,0.472
KING EDWARD AV,DUNKIRK ST,COLLINGWOOD ST,NO DATA,2352.8,0.009,0.5,1,0.4,90.49097702443567,0.5,0,1,1.0,0.379
GRANVILLE BRIDGE SB TO W 4TH EB RAMP,GRANVILLE ST,4TH AV,FAIR,244.0,0.614,0.5,0,0.5,328.63519283598,0.8,0,1,1.0,0.562
MANSON ST,39TH AV,37TH AV,FAIR,608.3,0.296,0.5,0,0.5,1.3697273526797744,0.8,0,1,1.0,0.514
INVERNESS ST,31ST AV,29TH AV,GOOD,1697.5,0.034,0.3,0,0.3,0.9878028505756333,0.8,0,1,1.0,0.44
KERR ST,45TH AV,43RD AV,POOR,1043.7,0.124,0.8,0,0.8,1.0205871085851754,0.8,0,1,1.0,0.541
FREMLIN ST,SW MARINE DRIVE,71ST AV,POOR,474.6,0.387,0.8,0,0.8,1.86898205983141,0.8,0,1,1.0,0.581
MARINE CRES,MARINE CRESCENT 1,49TH AV,VERY POOR,277.0,0.575,0.95,0,0.95,324.7797541114197,0.8,0,1,1.0,0.636
KERR ST,RIVERWALK AV,KENT AV SOUTH,VERY GOOD,101.4,0.816,0.1,0,0.1,0.9000779728000339,0.8,0,1,1.0,0.522
DENMAN ST,NELSON ST,BARCLAY ST,POOR,471.8,0.389,0.8,0,0.8,44.73929341033903,0.8,0,1,1.0,0.581
JERVIS ST,DAVIE ST,PENDRELL ST,VERY POOR,303.8,0.545,0.95,0,0.95,44.55323004983853,0.8,0,1,1.0,0.631
JASPER CRES,VICTORIA DRIVE,63RD AV,GOOD,569.8,0.32,0.3,0,0.3,297.3776287414959,0.5,0,1,1.0,0.408
HAIDA DR,NORTHWEST END,DIEPPE DRIVE,FAIR,759.2,0.219,0.5,0,0.5,116.3879978708963,0.5,0,1,1.0,0.428
MANITOBA ST,15TH AV,14TH AV,GOOD,961.3,0.146,0.3,0,0.3,1.4790739073661712,0.8,0,1,1.0,0.457
FRANCES ST,SALSBURY DRIVE,VICTORIA DRIVE,NO DATA,1467.5,0.053,0.5,1,0.4,91.19867828354512,0.5,0,1,1.0,0.385
LAKEWOOD DR,CHARLES ST,WILLIAM ST,FAIR,1349.2,0.067,0.5,0,0.5,2.7913330871607513,0.8,0,1,1.0,0.48
MACDONALD ST,20TH AV,19TH AV,FAIR,2469.7,0.007,0.5,0,0.5,1.4284695009203574,0.8,0,1,1.0,0.471
LAKEWOOD DR,10TH AV,BROADWAY,GOOD,441.4,0.414,0.3,0,0.3,0.7539486063823801,0.8,0,1,1.0,0.497
MALKIN AV,PRIOR ST,ATLANTIC ST,GOOD,310.2,0.538,0.3,0,0.3,163.43400862258363,0.2,0,1,1.0,0.366
FRASER ST,13TH AV,12TH AV,VERY GOOD,1455.7,0.054,0.1,0,0.1,0.8520815638158865,0.8,0,1,1.0,0.407
DRAKE ST,HORNBY ST,HOWE ST,VERY POOR,465.7,0.394,0.95,0,0.95,134.76080305534134,0.5,0,1,1.0,0.534
KENT AV N,ARGYLE ST,BEATRICE ST,GOOD,79.9,0.852,0.3,0,0.3,113.48312833201834,0.5,0,1,1.0,0.488
LAKEWOOD DR,5TH AV,4TH AV,VERY GOOD,669.7,0.262,0.1,0,0.1,0.771817081987308,0.8,0,1,1.0,0.439
HAWKS AV,SOUTH END,PENDER ST,VERY GOOD,355.2,0.491,0.1,0,0.1,1.726449438031409,0.8,0,1,1.0,0.473
HIGHBURY ST,8TH AV,7TH AV,GOOD,606.3,0.297,0.3,0,0.3,1.6271178168597658,0.8,0,1,1.0,0.479
JOYCE ST,45TH AV,44TH AV,VERY GOOD,1259.1,0.081,0.1,0,0.1,0.05659959083010335,0.8,0,1,1.0,0.411
GARDEN DR,DUNDAS ST,OXFORD ST,FAIR,1197.8,0.091,0.5,0,0.5,0.7237056745864265,0.8,0,1,1.0,0.484
FRENCH ST,62ND AV,PARK DRIVE,FAIR,1222.0,0.087,0.5,0,0.5,1.4321287290085252,0.8,0,1,1.0,0.483
DAVIE ST,CARDERO ST,NICOLA ST,GOOD,584.1,0.311,0.3,0,0.3,134.79866717972368,0.5,0,1,1.0,0.406
LARCH ST,16TH AV,15TH AV,GOOD,2141.9,0.014,0.3,0,0.3,1.4826977566668802,0.8,0,1,1.0,0.437
DUFF ST,UPLAND DRIVE,55TH AV,GOOD,1200.5,0.091,0.3,0,0.3,1.390934258412301,0.8,0,1,1.0,0.448
DUNDAS ST,TEMPLETON DRIVE,GARDEN DRIVE,VERY POOR,1198.0,0.091,0.95,0,0.95,90.50728076154871,0.5,0,1,1.0,0.488
DISCOVERY ST,11TH AV,10TH AV,FAIR,878.3,0.173,0.5,0,0.5,1.4549768840528259,0.8,0,1,1.0,0.496
CROWLEY DR,ABERDEEN ST,OBEN ST,GOOD,982.2,0.14,0.3,0,0.3,120.37310975430165,0.5,0,1,1.0,0.381
MAIN ST,KEEFER ST,PENDER ST,POOR,222.3,0.641,0.8,0,0.8,1.7424138339142132,0.8,0,1,1.0,0.619
KERR ST,53RD AV,52ND AV,POOR,943.5,0.152,0.8,0,0.8,2.0464123839007016,0.8,0,1,1.0,0.546
KING EDWARD AV,DUMFRIES ST,KINGSWAY,POOR,984.1,0.14,0.8,0,0.8,88.73122593202686,0.5,0,1,1.0,0.469
HORNBY ST,GEORGIA ST,DUNSMUIR ST,FAIR,240.6,0.618,0.5,0,0.5,44.786212649021365,0.8,0,1,1.0,0.563
LE ROI ST,CHARLES ST,PARKER ST,FAIR,683.8,0.255,0.5,0,0.5,0.6489928212202472,0.8,0,1,1.0,0.508
KASLO ST,16TH AV,15TH AV,FAIR,499.0,0.369,0.5,0,0.5,0.22849755634990743,0.8,0,1,1.0,0.525
FERNDALE ST,TEMPLETON DRIVE,GARDEN DRIVE,FAIR,1164.7,0.097,0.5,0,0.5,90.52339043750641,0.5,0,1,1.0,0.41
KENT AV N,PORTSIDE DRIVE,NANAIMO ST,VERY GOOD,31.8,0.938,0.1,0,0.1,103.31573948405924,0.5,0,1,1.0,0.466
LABURNUM ST,62ND AV,61ST AV,GOOD,548.9,0.334,0.3,0,0.3,1.5124585350147868,0.8,0,1,1.0,0.485
FOSTER AV,OBEN ST,LINCOLN ST,VERY GOOD,1130.7,0.104,0.1,0,0.1,89.96714554574498,0.5,0,1,1.0,0.34
KINROSS ST,KENT AV SOUTH,KENT AV NORTH,GOOD,188.6,0.686,0.3,0,0.3,1.2703120767350242,0.8,0,1,1.0,0.538
GORE AV,RAILWAY ST,NORTH END,NO DATA,622.1,0.288,0.5,1,0.4,354.6777192906634,0.8,0,1,1.0,0.496
DUMFRIES ST,36TH AV,35TH AV,VERY GOOD,1701.5,0.033,0.1,0,0.1,1.125097459252686,0.8,0,1,1.0,0.404
LILLOOET ST,8TH AV,7TH AV,FAIR,389.3,0.459,0.5,0,0.5,0.36448251729905223,0.8,0,1,1.0,0.539
KENT AV N,JELLICOE ST,KERR ST,VERY GOOD,134.5,0.764,0.1,0,0.1,85.1674515788086,0.5,0,1,1.0,0.439
LAUREL ST,54TH AV,52ND AV,GOOD,985.1,0.139,0.3,0,0.3,1.335222126951578,0.8,0,1,1.0,0.456
INVERNESS ST,29TH AV,28TH AV,VERY GOOD,1637.9,0.038,0.1,0,0.1,0.9874449691830023,0.8,0,1,1.0,0.405
DUNBAR ST,2ND AV,1ST AV,POOR,695.6,0.249,0.8,0,0.8,1.5653857443064112,0.8,0,1,1.0,0.56
LORNE ST,3RD AV,2ND AV,GOOD,212.4,0.654,0.3,0,0.3,40.99329649667294,0.8,0,1,1.0,0.533
GLEN DR,MALKIN AV,WILLIAM ST,GOOD,471.7,0.389,0.3,0,0.3,1.043946561261464,0.8,0,1,1.0,0.493
KAMLOOPS ST,6TH AV,5TH AV,GOOD,354.6,0.492,0.3,0,0.3,0.13869901911306215,0.8,0,1,1.0,0.509
HUDSON ST,MINTO CRESCENT,32ND AV,POOR,204.4,0.664,0.8,0,0.8,332.2586365020904,0.8,0,1,1.0,0.623
JERVIS ST,BEACH AV / PACIFIC ST,NORTHEAST END,VERY POOR,451.2,0.406,0.95,0,0.95,44.59180852954921,0.8,0,1,1.0,0.61
MACDONALD ST,49TH AV,47TH AV,VERY GOOD,335.3,0.511,0.1,0,0.1,0.5584141333806087,0.8,0,1,1.0,0.476
HARRISON DR,BURQUITLAM DRIVE,ANCASTER CRESCENT,GOOD,469.7,0.391,0.3,0,0.3,7.9926797070685325,0.8,0,1,1.0,0.493
GLENDALOUGH PL,SW MARINE DRIVE,NORTH END,GOOD,246.3,0.611,0.3,0,0.3,11.326319071038768,0.8,0,1,1.0,0.527
COTTON DR,WILLIAM ST,NORTH END,VERY GOOD,1180.8,0.094,0.1,0,0.1,3.9545856748308097,0.8,0,1,1.0,0.413
HOMER ST,DUNSMUIR ST,PENDER ST,FAIR,179.6,0.698,0.5,0,0.5,44.76219167557258,0.8,0,1,1.0,0.575
LAUREL ST,45TH AV,44TH AV,FAIR,938.6,0.153,0.5,0,0.5,355.7781719523594,0.8,0,1,1.0,0.493
HEATHER ST,69TH AV,67TH AV,FAIR,624.8,0.287,0.5,0,0.5,1.3689300598503564,0.8,0,1,1.0,0.513
GEORGIA ST,VICTORIA DRIVE,SEMLIN DRIVE,POOR,1611.8,0.04,0.8,0,0.8,89.56934949876131,0.5,0,1,1.0,0.454
CROWN CRES,CAMOSUN ST,CROWN ST,VERY GOOD,611.4,0.294,0.1,0,0.1,66.69988251016235,0.5,0,1,1.0,0.369
HARO ST,BROUGHTON ST,JERVIS ST,FAIR,431.1,0.422,0.5,0,0.5,134.8012780078169,0.5,0,1,1.0,0.458
DUNSMUIR ST,HORNBY ST,BURRARD ST,GOOD,231.9,0.629,0.3,0,0.3,314.76050257934213,0.5,0,1,1.0,0.454
INVERNESS ST,KING EDWARD AV,23RD AV,POOR,1371.3,0.064,0.8,0,0.8,1.462039373736559,0.8,0,1,1.0,0.532
CYPRESS ST,19TH AV,18TH AV,FAIR,1538.4,0.046,0.5,0,0.5,1.4916445690262776,0.8,0,1,1.0,0.477
KITCHENER ST,WOODLAND DRIVE,COTTON DRIVE,POOR,1091.2,0.113,0.8,0,0.8,90.75305196938405,0.5,0,1,1.0,0.465
GARDEN DR,5TH AV,4TH AV,GOOD,511.4,0.36,0.3,0,0.3,0.7372287512184812,0.8,0,1,1.0,0.489
GRANDVIEW HWY N,TEMPLETON DRIVE,12TH AV,VERY GOOD,321.0,0.526,0.1,0,0.1,122.76688130978903,0.5,0,1,1.0,0.404
KAMLOOPS ST,PANDORA ST,TRIUMPH ST,VERY GOOD,924.4,0.157,0.1,0,0.1,0.08225650478323132,0.8,0,1,1.0,0.423
CREELMAN AV,WALNUT ST,CYPRESS ST,POOR,318.7,0.529,0.8,0,0.8,91.5185771892726,0.5,0,1,1.0,0.527
HEATLEY AV,HASTINGS ST,CORDOVA ST,POOR,602.4,0.3,0.8,0,0.8,1.673268295704645,0.8,0,1,1.0,0.568
GLEN DR,8TH AV,7TH AV,POOR,1316.9,0.072,0.8,0,0.8,0.8566322817730452,0.8,0,1,1.0,0.534
CORNWALL AV,MAPLE ST,WALNUT ST,VERY POOR,552.4,0.331,0.95,0,0.95,91.53043254783279,0.5,0,1,1.0,0.524
DUNBAR ST,31ST AV,30TH AV,FAIR,1854.4,0.025,0.5,0,0.5,0.49383975449262607,0.8,0,1,1.0,0.474
KEMPTON PL,56TH AV,NORTH END,VERY POOR,608.9,0.296,0.95,0,0.95,0.09496401247594122,0.8,0,1,1.0,0.594
HEATHER ST,52ND AV,50TH AV,GOOD,905.2,0.164,0.3,0,0.3,1.3190386746928198,0.8,0,1,1.0,0.459
FRASER ST,15TH AV,14TH AV,GOOD,1613.9,0.04,0.3,0,0.3,10.736432512510305,0.8,0,1,1.0,0.441
EAST BLVD,18TH AV,17TH AV,FAIR,1713.6,0.032,0.5,0,0.5,1.5095503067616391,0.8,0,1,1.0,0.475
MAPLE ST,CEDAR CRESCENT,20TH AV,FAIR,1707.4,0.033,0.5,0,0.5,1.5154730537035448,0.8,0,1,1.0,0.475
GARDEN DR,3RD AV,2ND AV,GOOD,701.6,0.246,0.3,0,0.3,0.8539687088576784,0.8,0,1,1.0,0.472
MACKENZIE ST,10TH AV,BROADWAY,GOOD,1809.2,0.027,0.3,0,0.3,1.4678353845440029,0.8,0,1,1.0,0.439
KING EDWARD AV,COLUMBIA ST,MANITOBA ST,GOOD,534.2,0.344,0.3,0,0.3,91.1056901454566,0.5,0,1,1.0,0.411
LAUREL ST,14TH AV,13TH AV,VERY POOR,131.9,0.768,0.95,0,0.95,1.4840161167663837,0.8,0,1,1.0,0.665
DUNBAR ST,42ND AV,41ST AV,GOOD,756.5,0.22,0.3,0,0.3,0.8657978675397544,0.8,0,1,1.0,0.468
KEEFER ST,MAIN ST,GORE AV,VERY POOR,223.2,0.64,0.95,0,0.95,91.69076214843659,0.5,0,1,1.0,0.571
KASLO ST,VENABLES ST,ADANAC ST,GOOD,556.5,0.329,0.3,0,0.3,5.3200319186869365,0.8,0,1,1.0,0.484
JELLICOE ST,KENT AV NORTH,SE MARINE DRIVE,FAIR,134.1,0.765,0.5,0,0.5,359.53847070805125,0.8,0,1,1.0,0.585
KILLARNEY ST,46TH AV,45TH AV,POOR,992.0,0.138,0.8,0,0.8,2.0288074041126833,0.8,0,1,1.0,0.543
DINMONT AV,NIGEL AV,TALISMAN AV,POOR,194.8,0.677,0.8,0,0.8,53.0055985055256,0.5,0,1,1.0,0.55
FREMLIN ST,71ST AV,70TH AV,FAIR,570.9,0.319,0.5,0,0.5,1.8688712627634914,0.8,0,1,1.0,0.518
HEATHER ST,14TH AV,13TH AV,FAIR,161.2,0.724,0.5,0,0.5,1.5366109765904525,0.8,0,1,1.0,0.579
FRASER ST,19TH AV,18TH AV,POOR,1899.2,0.022,0.8,0,0.8,1.4412505906242359,0.8,0,1,1.0,0.526
GEORGIA ST,GEORGIA VIADUCT EB TO MAIN ST RAMP,GORE AV / PRIOR ST,VERY GOOD,231.0,0.63,0.1,0,0.1,95.47235602909899,0.5,1,1,1.0,0.719
KOOTENAY ST,OXFORD ST,CAMBRIDGE ST,GOOD,756.3,0.22,0.3,0,0.3,0.18050680463090885,0.8,0,1,1.0,0.468
FRASER ST,56TH AV,55TH AV,POOR,1274.2,0.078,0.8,0,0.8,1.1953314233256833,0.8,0,1,1.0,0.535
HIGHBURY ST,19TH AV,18TH AV,FAIR,1572.9,0.043,0.5,0,0.5,0.4650070725069213,0.8,0,1,1.0,0.476
DUNSMUIR ST,CITADEL PARADE,BEATTY ST,VERY POOR,46.4,0.911,0.95,0,0.95,315.10020162029605,0.8,0,1,1.0,0.687
HEATLEY AV,GEORGIA ST,KEEFER ST,VERY POOR,297.9,0.551,0.95,0,0.95,359.4024729633749,0.8,0,1,1.0,0.632
MACDONALD ST,18TH AV,16TH AV,GOOD,2278.8,0.01,0.3,0,0.3,345.90529666548724,0.8,0,1,1.0,0.436
HORNBY ST,HELMCKEN ST,NELSON ST,FAIR,76.8,0.858,0.5,0,0.5,44.78075604539538,0.8,0,1,1.0,0.599
DUNBAR ST,40TH AV,39TH AV,GOOD,943.0,0.152,0.3,0,0.3,0.8186540789461674,0.8,0,1,1.0,0.457
KAMLOOPS ST,3RD AV,2ND AV,FAIR,664.9,0.265,0.5,0,0.5,0.08491245302974448,0.8,0,1,1.0,0.51
DEVONSHIRE CRES,CARTIER ST,HUDSON ST,POOR,525.7,0.349,0.8,0,0.8,114.77067370009092,0.5,0,1,1.0,0.5
GARDEN DR,HASTINGS ST,FRANKLIN ST,GOOD,1144.8,0.101,0.3,0,0.3,0.6852362351300485,0.8,0,1,1.0,0.45
EUCLID AV,TYNE ST,MELBOURNE ST,FAIR,1006.8,0.134,0.5,0,0.5,114.56407936324831,0.5,0,1,1.0,0.415
KEITH DR,SOUTH END,10TH AV,VERY GOOD,1249.0,0.082,0.1,0,0.1,0.8328760762174738,0.8,0,1,1.0,0.412
EARLES ST,WARD ST,HORLEY ST,FAIR,280.5,0.571,0.5,0,0.5,32.68489441344286,0.8,0,1,1.0,0.556
LITTLE ST,32ND AV,31ST AV,VERY POOR,1062.3,0.119,0.95,0,0.95,1.2790567109212816,0.8,0,1,1.0,0.567
MAPLE ST,49TH AV,48TH AV,GOOD,1033.4,0.127,0.3,0,0.3,1.4259250670506276,0.8,0,1,1.0,0.454
KASLO ST,1ST AV,GRAVELEY ST,GOOD,1068.8,0.118,0.3,0,0.3,0.62559249087235,0.8,0,1,1.0,0.452
FLEMING ST,32ND AV,31ST AV,VERY GOOD,1460.7,0.054,0.1,0,0.1,0.6163629883724298,0.8,0,1,1.0,0.407
KENT AV S,KENT YARD CROSSING,CROMPTON ST,VERY GOOD,86.0,0.842,0.1,0,0.1,82.7109543484371,0.5,0,1,1.0,0.451
LAMEYS MILL RD,THE CASTINGS,SITKA SQUARE,VERY GOOD,256.6,0.599,0.1,0,0.1,93.75016741576991,0.5,0,1,1.0,0.414
HEATLEY AV,ATLANTIC ST,PRIOR ST,VERY GOOD,75.6,0.86,0.1,0,0.1,19.913347484771464,0.8,0,1,1.0,0.529
ELIZABETH ST,39TH AV,37TH AV,GOOD,464.7,0.395,0.3,0,0.3,1.837326587654161,0.8,0,1,1.0,0.494
HORLEY ST,MANOR ST,CHATHAM ST,VERY POOR,562.1,0.325,0.95,0,0.95,121.79186085440347,0.5,0,1,1.0,0.523
DUNBAR ST,10TH AV,BROADWAY,GOOD,945.9,0.151,0.3,0,0.3,1.4924973581881318,0.8,0,1,1.0,0.457
FERRY ROW,MILLYARD / SAWCUT,NORTHEAST END,NO DATA,125.4,0.778,0.5,1,0.4,22.566976096072608,0.8,0,1,1.0,0.569
GLADSTONE ST,KINGSWAY,GALT ST,GOOD,1044.3,0.124,0.3,0,0.3,36.27909589601194,0.8,0,1,1.0,0.453
DUNSMUIR ST,SEYMOUR ST,GRANVILLE ST,GOOD,351.9,0.495,0.3,0,0.3,314.77458845436445,0.5,0,1,1.0,0.434
JAMES ST,30TH AV,29TH AV,GOOD,408.1,0.442,0.3,0,0.3,1.913951915742814,0.8,0,1,1.0,0.501
MACDONALD ST,37TH AV,36TH AV,VERY GOOD,1466.3,0.053,0.1,0,0.1,0.9453741584637783,0.8,0,1,1.0,0.407
INVERNESS ST,49TH AV,48TH AV,GOOD,1857.4,0.024,0.3,0,0.3,1.2106333733204906,0.8,0,1,1.0,0.438
KITCHENER ST,TEMPLETON DRIVE,GARDEN DRIVE,VERY POOR,1173.4,0.096,0.95,0,0.95,90.62213824437288,0.5,0,1,1.0,0.489
GUELPH ST,11TH AV,10TH AV,VERY GOOD,1046.4,0.123,0.1,0,0.1,0.711111799386174,0.8,0,1,1.0,0.418
ELGIN ST,33RD AV,31ST AV,POOR,1666.8,0.036,0.8,0,0.8,1.5026312010678566,0.8,0,1,1.0,0.528
MARGUERITE ST,45TH AV,43RD AV,VERY POOR,842.7,0.185,0.95,0,0.95,1.4938761979739752,0.8,0,1,1.0,0.577
KING EDWARD AV,MAIN ST,SOPHIA ST,FAIR,946.7,0.151,0.5,0,0.5,91.52693105902324,0.5,0,1,1.0,0.418
MALKIN BOWL LANE,PIPELINE ROAD,STANLEY PARK BUS LOOP,VERY POOR,58.0,0.891,0.95,0,0.95,33.44060979524642,0.8,0,1,1.0,0.683
MAPLE ST,BROADWAY,8TH AV,FAIR,1013.8,0.132,0.5,0,0.5,1.5052546624837646,0.8,0,1,1.0,0.49
GRANT ST,VERNON DRIVE,CLARK DRIVE,VERY POOR,779.0,0.211,0.95,0,0.95,88.98694027630762,0.5,0,1,1.0,0.506
INVERNESS ST,WAVERLEY AV,47TH AV,FAIR,1914.6,0.022,0.5,0,0.5,1.302807287330893,0.8,0,1,1.0,0.473
GORE AV,KEEFER ST,PENDER ST,GOOD,400.8,0.449,0.3,0,0.3,354.87423343885916,0.8,0,1,1.0,0.502
HEATHER ST,13TH AV,12TH AV,FAIR,158.5,0.728,0.5,0,0.5,1.5020878948251948,0.8,0,1,1.0,0.58
MALTA PL,MALTA AV,SOUTHEAST END,POOR,696.7,0.248,0.8,0,0.8,135.13650211346317,0.2,0,1,1.0,0.41
GLADSTONE ST,50TH AV,49TH AV,POOR,1521.6,0.048,0.8,0,0.8,1.1060598106834618,0.8,0,1,1.0,0.53
KASLO ST,GRANDVIEW HWY,12TH AV,FAIR,447.3,0.409,0.5,0,0.5,0.19126304024541696,0.8,1,1,1.0,0.831
DUNBAR ST,37TH AV,36TH AV,GOOD,1241.1,0.084,0.3,0,0.3,0.30729461826052784,0.8,0,1,1.0,0.447
EARLES ST,HORLEY ST,CHEYENNE AV,FAIR,363.5,0.483,0.5,0,0.5,32.300560488110364,0.8,0,1,1.0,0.543
KEEFER PL,TAYLOR ST,CARRALL ST,GOOD,14.4,0.972,0.3,0,0.3,101.3772901065729,0.5,0,1,1.0,0.506
FORGE WALK,NORTHWEST END,SITKA SQUARE,NO DATA,362.1,0.485,0.5,1,0.4,125.72375810941378,0.5,0,1,1.0,0.45
LYNBROOK DR,GATINEAU PLACE,VIVIAN DRIVE,GOOD,392.0,0.457,0.3,0,0.3,92.57242949925262,0.5,0,1,1.0,0.428
GLEN DR,24TH AV,23RD AV,GOOD,1499.9,0.05,0.3,0,0.3,1.4393651485496548,0.8,0,1,1.0,0.442
MAIN ST,58TH AV,57TH AV,POOR,556.2,0.329,0.8,0,0.8,1.4558878526469243,0.8,0,1,1.0,0.572
KAMLOOPS ST,18TH AV,NORTH END,VERY POOR,493.1,0.373,0.95,0,0.95,0.108589271841538,0.8,0,1,1.0,0.605
MAINLAND ST,HELMCKEN ST,DAVIE ST,POOR,177.8,0.701,0.8,0,0.8,224.7866561758002,0.2,0,1,1.0,0.478
CROWN ST,30TH AV,29TH AV,FAIR,2162.7,0.013,0.5,0,0.5,0.5053425005542636,0.8,0,1,1.0,0.472
GRANVILLE ST,NELSON ST,SMITHE ST,NO DATA,153.2,0.736,0.5,1,0.4,44.78134627634046,0.8,0,1,1.0,0.563
GARDEN DR,WILLIAM ST,NAPIER ST,FAIR,1371.0,0.064,0.5,0,0.5,0.8324125906765971,0.8,0,1,1.0,0.48
KITCHENER ST,SALSBURY DRIVE,VICTORIA DRIVE,FAIR,1381.9,0.063,0.5,0,0.5,90.64672652219156,0.5,0,1,1.0,0.404
DUNBAR ST,1ST AV,POINT GREY ROAD,VERY POOR,707.2,0.243,0.95,0,0.95,1.5322415435664993,0.8,0,1,1.0,0.586
FRASERVIEW DR,VICTORIA DRIVE,BURQUITLAM DRIVE,GOOD,557.6,0.328,0.3,0,0.3,117.38665523569387,0.5,0,1,1.0,0.409
CULLODEN ST,34TH AV,33RD AV,FAIR,1939.7,0.021,0.5,0,0.5,2.7049476886200523,0.8,0,1,1.0,0.473
HOMER ST,PACIFIC BOULEVARD,DRAKE ST,FAIR,468.0,0.392,0.5,0,0.5,31.595831473867463,0.8,0,1,1.0,0.529
LAUREL ST,15TH AV,14TH AV,GOOD,182.9,0.694,0.3,0,0.3,1.3746734987333866,0.8,0,1,1.0,0.539
DUMFRIES ST,45TH AV,43RD AV,FAIR,1885.1,0.023,0.5,0,0.5,1.2496270850462565,0.8,0,1,1.0,0.473
CROWN ST,SOUTHWEST END,SW MARINE DRIVE,POOR,855.5,0.181,0.8,0,0.8,9.45408510930855,0.8,0,1,1.0,0.55
FRANKLIN ST,CASSIAR ST,SKEENA ST,GOOD,571.6,0.319,0.3,0,0.3,90.13854916609233,0.5,0,1,1.0,0.408
LILLOOET ST,6TH AV,5TH AV,FAIR,579.8,0.314,0.5,0,0.5,0.16826850358518186,0.8,0,1,1.0,0.517
KAMLOOPS ST,OXFORD ST,CAMBRIDGE ST,VERY GOOD,1020.2,0.13,0.1,0,0.1,0.18030861330072412,0.8,0,1,1.0,0.419
CYPRESS ST,8TH AV,7TH AV,VERY GOOD,823.1,0.193,0.1,0,0.1,1.4880602882740277,0.8,0,1,1.0,0.428
LAUREL ST,57TH AV,NORTH END,FAIR,1051.9,0.122,0.5,0,0.5,1.3228850426019676,0.8,0,1,1.0,0.488
PACIFIC ST,SEYMOUR ST,RICHARDS ST,FAIR,664.3,0.265,0.5,0,0.5,135.7276784693911,0.2,0,1,1.0,0.36
PENTICTON ST,BROADWAY,8TH AV,VERY POOR,231.6,0.629,0.95,0,0.95,0.6514283900175997,0.8,0,1,1.0,0.644
PRESTWICK DR,THORNHILL DRIVE,VICTORIA DRIVE,FAIR,920.1,0.159,0.5,0,0.5,91.65242994445788,0.5,0,1,1.0,0.419
SLOCAN ST,6TH AV,5TH AV,FAIR,549.6,0.333,0.5,0,0.5,0.37008547208841946,0.8,0,1,1.0,0.52
STANLEY PARK DR,STANLEY PARK SHORTCUT 1,STANLEY PARK DRIVE SHORTCUT 2,VERY GOOD,749.3,0.223,0.1,0,0.1,58.819863270586495,0.5,0,1,1.0,0.358
QUEBEC ST,14TH AV,13TH AV,VERY POOR,1166.2,0.097,0.95,0,0.95,1.6473523467475388,0.8,0,1,1.0,0.564
ONTARIO ST,38TH AV,37TH AV,VERY GOOD,184.0,0.692,0.1,0,0.1,1.4611505320806941,0.8,0,1,1.0,0.504
MUIRFIELD DR,LYNBROOK DRIVE,ASHBURN ST,VERY POOR,602.1,0.3,0.95,0,0.95,328.2168442064752,0.8,0,1,1.0,0.594
THIRD BEACH TO STANLEY PARK DR,TEAHOUSE LANE,STANLEY PARK DRIVE,POOR,996.1,0.136,0.8,0,0.8,153.43013922160776,0.2,0,1,1.0,0.393
MIDLOTHIAN AV,29TH AV / YUKON ST,DINMONT AV,VERY GOOD,81.9,0.849,0.1,0,0.1,112.16166175732172,0.5,0,1,1.0,0.452
MONT ROYAL SQUARE,54TH AV,START LOOP (R),GOOD,778.8,0.211,0.3,0,0.3,187.29781218270188,0.2,0,1,1.0,0.316
TEMPLETON DR,VENABLES ST,ADANAC ST,VERY GOOD,1362.8,0.066,0.1,0,0.1,0.2445954201606355,0.8,0,1,1.0,0.409
NANAIMO ST,24TH AV,23RD AV,POOR,629.9,0.284,0.8,0,0.8,0.1395925132023308,0.8,0,1,1.0,0.566
TRINITY ST,SLOCAN ST,KASLO ST,GOOD,553.8,0.33,0.3,0,0.3,90.16648752967097,0.5,0,1,1.0,0.409
PRINCE ALBERT ST,63RD AV,62ND AV,VERY POOR,668.4,0.263,0.95,0,0.95,5.253579268338967,0.8,0,1,1.0,0.589
TEMPLETON DR,1ST AV,GRAVELEY ST,GOOD,936.9,0.154,0.3,0,0.3,0.8255471459714272,0.8,0,1,1.0,0.458
ROSS ST,50TH AV,49TH AV,VERY GOOD,1702.7,0.033,0.1,0,0.1,1.5880624333435662,0.8,0,1,1.0,0.404
PENTICTON ST,7TH AV,6TH AV,GOOD,341.3,0.505,0.3,0,0.3,0.6485427917982634,0.8,0,1,1.0,0.511
STEPHENS ST,15TH AV,14TH AV,FAIR,2280.5,0.01,0.5,0,0.5,1.4757576563125667,0.8,0,1,1.0,0.471
QUEBEC ST,BROADWAY,8TH AV,FAIR,676.9,0.258,0.5,0,0.5,1.6089052684681064,0.8,1,1,1.0,0.809
NOOTKA ST,GEORGIA ST,TURNER ST,VERY GOOD,261.4,0.593,0.1,0,0.1,0.1302689701477675,0.8,0,1,1.0,0.489
MINTO CRES,GRANVILLE ST,HUDSON ST,VERY POOR,189.3,0.685,0.95,0,0.95,89.88708690804992,0.5,0,1,1.0,0.577
TRIUMPH ST,CASSIAR ST,SKEENA ST,GOOD,591.3,0.306,0.3,0,0.3,90.31001543435605,0.5,0,1,1.0,0.406
NANAIMO ST,21ST AV,20TH AV,FAIR,415.7,0.435,0.5,0,0.5,0.23850931845430523,0.8,0,1,1.0,0.535
ONTARIO ST,48TH AV,47TH AV,POOR,133.8,0.765,0.8,0,0.8,1.537631566481707,0.8,0,1,1.0,0.638
TYNE ST,47TH AV,46TH AV,FAIR,1517.8,0.048,0.5,0,0.5,2.4451621287109333,0.8,0,1,1.0,0.477
PRINCESS AV,CORDOVA ST,POWELL ST,VERY GOOD,733.5,0.231,0.1,0,0.1,1.7377493174398637,0.8,0,1,1.0,0.434
STAULO CRES 1,STAULO CRESCENT,MUSQUEAM DRIVE,GOOD,564.3,0.324,0.3,0,0.3,0.5556434017482275,0.8,0,1,1.0,0.483
ST GEORGE ST,62ND AV,61ST AV,VERY GOOD,938.7,0.153,0.1,0,0.1,1.3985229145634435,0.8,0,1,1.0,0.422
PENTICTON ST,VENABLES ST,ADANAC ST,VERY POOR,845.1,0.184,0.95,0,0.95,1.4583663830337628,0.8,0,1,1.0,0.577
QUEEN ELIZABETH PARK RD 3,NORTHWEST END,QUEEN ELIZABETH PARK ROAD 2,VERY GOOD,50.9,0.903,0.1,0,0.1,129.8219847833086,0.5,0,1,1.0,0.46
PINE ST,4TH AV,3RD AV,GOOD,310.2,0.538,0.3,0,0.3,1.541392404554756,0.8,0,1,1.0,0.516
ROBSON ST,THURLOW ST,BURRARD ST,FAIR,166.0,0.717,0.5,0,0.5,134.8905522127567,0.5,0,1,1.0,0.503
PRINCE ALBERT ST,11TH AV,10TH AV,VERY POOR,1413.6,0.059,0.95,0,0.95,1.006536848501014,0.8,0,1,1.0,0.558
RUPERT ST,41ST AV,KINGSWAY,VERY POOR,610.9,0.295,0.95,0,0.95,9.71343365718053,0.8,0,1,1.0,0.594
PANDORA ST,SEMLIN DRIVE,LAKEWOOD DRIVE,FAIR,1434.9,0.057,0.5,0,0.5,88.40811884796756,0.5,0,1,1.0,0.403
NELSON ST,BURRARD ST,HORNBY ST,GOOD,30.4,0.941,0.3,0,0.3,134.69812846071142,0.5,0,1,1.0,0.501
PENTICTON ST,TURNER ST,PENDER ST,GOOD,731.2,0.232,0.3,0,0.3,0.08639853816941923,0.8,0,1,1.0,0.469
QUESNEL DR,27TH AV,KING EDWARD AV,VERY GOOD,2347.4,0.009,0.1,0,0.1,331.1450540065316,0.8,0,1,1.0,0.401
PRINCE EDWARD ST,57TH AV,56TH AV,VERY GOOD,859.7,0.179,0.1,0,0.1,1.2445452820523428,0.8,0,1,1.0,0.426
SOPHIA ST,65TH AV,64TH AV,VERY POOR,717.2,0.238,0.95,0,0.95,2.022105955315169,0.8,0,1,1.0,0.585
NW MARINE DR,BELMONT AV,TRIMBLE ST,VERY GOOD,558.8,0.327,0.1,0,0.1,181.42438856999686,0.2,0,1,1.0,0.299
MONS DR,SOUTH END,NORMANDY DRIVE,POOR,780.2,0.21,0.8,0,0.8,20.33985965289753,0.8,0,1,1.0,0.554
RENFREW ST,PANDORA ST,TRIUMPH ST,VERY GOOD,214.3,0.651,0.1,0,0.1,0.0669210384892267,0.8,0,1,1.0,0.497
ST GEORGE ST,31ST AV,30TH AV,VERY GOOD,913.0,0.161,0.1,0,0.1,0.8999836691559153,0.8,0,1,1.0,0.424
ONTARIO ST,57TH AV,56TH AV,FAIR,249.7,0.607,0.5,0,0.5,1.295493273550278,0.8,0,1,1.0,0.561
RENFREW ST,20TH AV,19TH AV,POOR,621.2,0.289,0.8,0,0.8,0.0633952535898743,0.8,0,1,1.0,0.566
PRINCE ALBERT ST,62ND AV,61ST AV,VERY POOR,767.7,0.215,0.95,0,0.95,5.3248527999800785,0.8,0,1,1.0,0.582
SOMERVILLE ST,37TH AV,35TH AV,GOOD,1453.7,0.055,0.3,0,0.3,1.0953561602336208,0.8,0,1,1.0,0.443
MCHARDY ST,WELLINGTON AV,MONMOUTH AV,VERY POOR,314.5,0.533,0.95,0,0.95,31.96308804511807,0.8,0,1,1.0,0.63
MATTHEWS AV,PINE CRESCENT,ANGUS DRIVE,POOR,1340.8,0.068,0.8,0,0.8,75.34070013110056,0.5,0,1,1.0,0.458
SLOCAN ST,16TH AV,15TH AV,FAIR,667.8,0.263,0.5,0,0.5,0.02337669986337687,0.8,0,1,1.0,0.509
SPRUCE ST,10TH AV,BROADWAY,POOR,234.0,0.626,0.8,0,0.8,1.5000990302646642,0.8,0,1,1.0,0.617
STANLEY PARK DR,VANCOUVER AQUARIUM ST,RAVINE TRAIL,GOOD,187.2,0.688,0.3,0,0.3,315.2635119946939,0.8,0,1,1.0,0.538
MELVILLE ST,BURRARD ST,DUNSMUIR ST,POOR,91.9,0.832,0.8,0,0.8,319.8995227954826,0.8,0,1,1.0,0.648
PINE ST,16TH AV,15TH AV,FAIR,1074.5,0.117,0.5,0,0.5,1.5385112345576317,0.8,0,1,1.0,0.487
PENDER ST,BROUGHTON ST,JERVIS ST,VERY GOOD,184.8,0.691,0.1,0,0.1,114.4214595541971,0.5,0,1,1.0,0.428
TRAFALGAR ST,35TH AV,34TH AV,FAIR,1738.7,0.031,0.5,0,0.5,1.489044232797653,0.8,0,1,1.0,0.474
ST GEORGE ST,60TH AV,59TH AV,VERY GOOD,1084.6,0.114,0.1,0,0.1,1.0142429573421623,0.8,0,1,1.0,0.416
MCLEAN DR,7TH AV,6TH AV,VERY POOR,1184.3,0.094,0.95,0,0.95,0.7707577835657844,0.8,0,1,1.0,0.563
SLOCAN ST,GRAVELEY ST,GRANT ST,FAIR,1069.4,0.118,0.5,0,0.5,0.609001396996689,0.8,0,1,1.0,0.488
RUPERT ST,54TH AV,52ND AV,FAIR,749.6,0.223,0.5,0,0.5,2.052628066500631,0.8,0,1,1.0,0.503
PRINCE EDWARD ST,30TH AV,29TH AV / AUBREY PLACE,POOR,790.1,0.206,0.8,0,0.8,1.1033885127664576,0.8,0,1,1.0,0.554
ROSS ST,31ST AV,29TH AV,POOR,1764.0,0.029,0.8,0,0.8,0.344223165996425,0.8,0,1,1.0,0.527
TRAFALGAR ST,1ST AV,YORK AV,VERY GOOD,1497.0,0.05,0.1,0,0.1,1.4358650616933915,0.8,0,1,1.0,0.407
SOMERVILLE ST,35TH AV,33RD AV,GOOD,1451.3,0.055,0.3,0,0.3,1.181701775711474,0.8,0,1,1.0,0.443
TRAFALGAR ST,34TH AV,33RD AV,POOR,1824.9,0.026,0.8,0,0.8,1.495268150705499,0.8,0,1,1.0,0.527
PENTICTON ST,MCGILL ST,TRINITY ST,VERY POOR,887.1,0.17,0.95,0,0.95,0.17428454896133871,0.8,0,1,1.0,0.575
NOOTKA ST,VENABLES ST,ADANAC ST,GOOD,441.7,0.413,0.3,0,0.3,358.5278776620369,0.8,0,1,1.0,0.497
QUEEN ELIZABETH PARK RD 1,37TH AV,33RD AV EB TO QE PARK ROAD,VERY GOOD,153.9,0.735,0.1,0,0.1,313.4702881973856,0.5,0,1,1.0,0.435
TISDALL ST,49TH AV,48TH AV,VERY GOOD,862.0,0.178,0.1,0,0.1,1.379594297204676,0.8,0,1,1.0,0.426
ONTARIO ST,8TH AV,7TH AV,FAIR,606.0,0.298,0.5,0,0.5,1.6165840823643975,0.8,0,1,1.0,0.515
PENDER ST,RICHARDS ST,HOMER ST,FAIR,312.6,0.535,0.5,0,0.5,134.7455702018524,0.5,0,1,1.0,0.476
TRIMBLE ST,8TH AV,7TH AV,FAIR,759.4,0.219,0.5,0,0.5,1.510378900967794,0.8,0,1,1.0,0.503
SLOCAN ST,SOUTH END,38TH AV,GOOD,318.5,0.529,0.3,0,0.3,0.35110862953661126,0.8,0,1,1.0,0.514
POWELL ST,PRINCESS AV,HEATLEY AV,POOR,808.1,0.199,0.8,0,0.8,91.6581330766067,0.5,0,1,1.0,0.478
QUADRA ST,19TH AV,18TH AV,VERY POOR,1817.3,0.026,0.95,0,0.95,339.79238081729744,0.8,0,1,1.0,0.553
PRINCE ALBERT ST,37TH AV,35TH AV,FAIR,1291.9,0.075,0.5,0,0.5,1.1056850556162772,0.8,0,1,1.0,0.481
ROSEDALE DR,HARRISON DRIVE,ELLIOTT ST,FAIR,245.6,0.612,0.5,0,0.5,103.0950424380651,0.5,0,1,1.0,0.487
PRINCE EDWARD ST,54TH AV,53RD AV,VERY GOOD,745.4,0.225,0.1,0,0.1,1.5722734289375353,0.8,0,1,1.0,0.433
MELVILLE ST,THURLOW ST,BUTE ST,GOOD,17.0,0.967,0.3,0,0.3,314.77262454946754,0.5,0,1,1.0,0.505
SEYMOUR ST,PACIFIC ST,GRANVILLE BRIDGE TO SEYMOUR ST RAMP,VERY GOOD,614.6,0.293,0.1,0,0.1,44.400570446294466,0.8,0,1,1.0,0.443
ONTARIO ST,52ND AV,51ST AV,GOOD,178.8,0.699,0.3,0,0.3,1.314127401297867,0.8,0,1,1.0,0.54
NELSON ST,BUTE ST,THURLOW ST,FAIR,88.6,0.838,0.5,0,0.5,134.82409105639852,0.5,0,1,1.0,0.521
TYNE ST,52ND AV,51ST AV,FAIR,1025.2,0.129,0.5,0,0.5,1.0782264981145886,0.8,0,1,1.0,0.489
OAK ST,72ND AV,71ST AV,FAIR,552.1,0.331,0.5,0,0.5,2.872833975523406,0.8,0,1,1.0,0.52
POINT GREY RD,STEPHENS ST,TRAFALGAR ST,VERY GOOD,1462.7,0.054,0.1,0,0.1,66.67163526757486,0.5,0,1,1.0,0.332
SKEENA ST,GRANDVIEW HWY,11TH AV,POOR,143.4,0.751,0.8,0,0.8,0.37921166348837687,0.8,0,1,1.0,0.636
NELSON ST,HORNBY ST,HOWE ST,FAIR,82.8,0.847,0.5,0,0.5,134.80806972744722,0.5,0,1,1.0,0.523
PENDER ST,NICOLA ST,BROUGHTON ST,FAIR,130.2,0.771,0.5,0,0.5,114.00606615224234,0.5,0,1,1.0,0.511
STATION ST,SOUTHERN ST,NORTHERN ST,VERY GOOD,286.1,0.564,0.1,0,0.1,0.46288377373974754,0.8,0,1,1.0,0.484
STANLEY PARK DR,TATLOW WALK,THIRD BEACH TO STANLEY PARK DRIVE,VERY GOOD,891.5,0.168,0.1,0,0.1,224.0861126170468,0.2,0,1,1.0,0.275
QUEBEC ST,3RD AV,2ND AV,VERY GOOD,84.1,0.845,0.1,0,0.1,1.6436787870943022,0.8,0,1,1.0,0.527
PINE ST,2ND AV,1ST AV,FAIR,236.1,0.624,0.5,0,0.5,1.5020341843369351,0.8,0,1,1.0,0.564
PRINCE ALBERT ST,19TH AV,18TH AV,GOOD,1764.2,0.029,0.3,0,0.3,1.4427383618821068,0.8,0,1,1.0,0.439
TODERICK ST,45TH AV,43RD AV,FAIR,1487.9,0.051,0.5,0,0.5,359.25695811362925,0.8,0,1,1.0,0.478
TISDALL ST,54TH AV,53RD AV,GOOD,643.2,0.276,0.3,0,0.3,354.68312754716897,0.8,0,1,1.0,0.476
MCCLEERY ST,49TH AV,47TH AV,VERY GOOD,350.4,0.496,0.1,0,0.1,0.4914916373381857,0.8,0,1,1.0,0.474
OSLER ST,29TH AV,NANTON AV,POOR,562.6,0.325,0.8,0,0.8,1.4218014788250457,0.8,0,1,1.0,0.572
ST CATHERINES ST,19TH AV,KINGSWAY,GOOD,1621.8,0.039,0.3,0,0.3,1.5700110000355494,0.8,0,1,1.0,0.44
RENFREW ST,HASTINGS ST,FRANKLIN ST,GOOD,144.7,0.749,0.3,0,0.3,0.08120577278748442,0.8,0,1,1.0,0.547
QUEBEC ST,SOUTH END,35TH AV,VERY GOOD,164.1,0.72,0.1,0,0.1,1.8485301477283542,0.8,0,1,1.0,0.508
ONTARIO ST,58TH AV,57TH AV,POOR,242.9,0.615,0.8,0,0.8,1.3120523407212659,0.8,0,1,1.0,0.616
OSLER ST,33RD AV,32ND AV,POOR,135.0,0.763,0.8,0,0.8,1.4210823392820089,0.8,0,1,1.0,0.638
SALISH DR,SENNOK CRESCENT,KULLAHUN DRIVE,POOR,1356.2,0.066,0.8,0,0.8,285.7203638779613,0.5,0,1,1.0,0.458
TRUTCH ST,3RD AV,2ND AV,FAIR,1268.1,0.079,0.5,0,0.5,1.5212542194299772,0.8,0,1,1.0,0.482
RUPERT ST,25TH AV,24TH AV,FAIR,511.0,0.36,0.5,0,0.5,0.17680825455107652,0.8,0,1,1.0,0.524
PARK DR,SHAUGHNESSY ST,FREMLIN ST,FAIR,896.4,0.166,0.5,0,0.5,107.99702760733248,0.5,0,1,1.0,0.42
TYNE ST,46TH AV,45TH AV,FAIR,1631.8,0.038,0.5,0,0.5,356.08973543803836,0.8,0,1,1.0,0.476
SENNOK CRES,START LOOP (R),END LOOP,VERY POOR,1241.3,0.084,0.95,0,0.95,111.9975808752938,0.5,0,1,1.0,0.487
ONTARIO ST,4TH AV,3RD AV,VERY GOOD,257.5,0.598,0.1,0,0.1,1.6223196230790222,0.8,0,1,1.0,0.489
PRINCE EDWARD ST,KENT AV NORTH,SE MARINE DRIVE,GOOD,238.6,0.621,0.3,0,0.3,1.7331076436366857,0.8,0,1,1.0,0.528
QUEBEC ST,40TH AV,39TH AV,GOOD,419.6,0.432,0.3,0,0.3,1.3471955599840157,0.8,0,1,1.0,0.5
NICOLA ST,HARWOOD ST,BURNABY ST,FAIR,625.8,0.286,0.5,0,0.5,44.76298943871092,0.8,0,1,1.0,0.513
ST CATHERINES ST,17TH AV,15TH AV,POOR,1605.1,0.04,0.8,0,0.8,1.4377001439480068,0.8,0,1,1.0,0.529
RENFREW ST,GRAVELEY ST,GRANT ST,POOR,979.9,0.141,0.8,0,0.8,0.6093864348998181,0.8,0,1,1.0,0.544
MONTCALM ST,62ND AV,PARK DRIVE,VERY GOOD,1375.0,0.064,0.1,0,0.1,1.0205120798048597,0.8,0,1,1.0,0.409
PEVERIL AV,DINMONT AV / MANITOBA ST,28TH AV,POOR,399.3,0.45,0.8,0,0.8,143.43022628029223,0.2,0,1,1.0,0.441
PENDER ST,GEORGIA ST,NICOLA ST,FAIR,94.3,0.828,0.5,0,0.5,114.22365761169948,0.5,0,1,1.0,0.52
STAMPS LANDING,WEST END,MOBERLY ROAD,VERY GOOD,46.7,0.911,0.1,0,0.1,91.50481995658936,0.5,0,1,1.0,0.462
RUPERT ST,BROADWAY,8TH AV,GOOD,217.8,0.647,0.3,0,0.3,0.10966570909113216,0.8,0,1,1.0,0.532
SEMLIN DR,12TH AV,11TH AV,VERY POOR,255.7,0.6,0.95,0,0.95,0.7419150183565648,0.8,0,1,1.0,0.64
RHODES ST,43RD AV,41ST AV,GOOD,530.2,0.346,0.3,0,0.3,359.89989724923953,0.8,0,1,1.0,0.487
NOOTKA ST,20TH AV,19TH AV,POOR,570.5,0.319,0.8,0,0.8,0.08222583206423906,0.8,0,1,1.0,0.571
PIERVIEW CRES,KENT AV NORTH,DEAD END,VERY GOOD,195.4,0.677,0.1,0,0.1,307.9554747809521,0.5,0,1,1.0,0.426
QUEBEC ST,29TH AV,28TH AV,FAIR,570.9,0.319,0.5,0,0.5,1.628718643030254,0.8,0,1,1.0,0.518
TURNER ST,KASLO ST,RENFREW ST,VERY POOR,299.8,0.549,0.95,0,0.95,90.0973726310965,0.5,0,1,1.0,0.557
PUGET DR,22ND AV,21ST AV,VERY POOR,2281.5,0.01,0.95,0,0.95,321.549079508843,0.8,0,1,1.0,0.551
ROSS ST,53RD AV,52ND AV,POOR,1528.8,0.047,0.8,0,0.8,1.4896982321133692,0.8,0,1,1.0,0.53
OSLER ST,71ST AV,70TH AV,GOOD,720.3,0.237,0.3,0,0.3,1.6566461810797364,0.8,0,1,1.0,0.47
PANDORA ST,PENTICTON ST,SLOCAN ST,GOOD,551.6,0.332,0.3,0,0.3,90.13414987326371,0.5,0,1,1.0,0.41
PRINCE ALBERT ST,24TH AV,23RD AV,VERY GOOD,1703.1,0.033,0.1,0,0.1,1.4960000931046693,0.8,0,1,1.0,0.404
PACIFIC BLVD,HOMER ST,DRAKE ST,POOR,406.6,0.443,0.8,0,0.8,76.18784269685096,0.5,0,1,1.0,0.515
PENTICTON ST,KITCHENER ST,CHARLES ST,GOOD,1162.1,0.098,0.3,0,0.3,0.5897351451670829,0.8,0,1,1.0,0.449
ROBSON ST,HOMER ST,HAMILTON ST,VERY POOR,46.3,0.912,0.95,0,0.95,134.7151690144742,0.5,0,1,1.0,0.612
OSLER ST,38TH AV,37TH AV,GOOD,132.2,0.768,0.3,0,0.3,1.3993864655755033,0.8,0,1,1.0,0.55
MCMULLEN AV,HAGGART ST,BRAKENRIDGE ST,FAIR,1889.5,0.023,0.5,0,0.5,59.36445872590747,0.5,0,1,1.0,0.398
MOHAWK ST,29TH AV,28TH AV,VERY GOOD,1529.5,0.047,0.1,0,0.1,1.0408244495540089,0.8,0,1,1.0,0.406
THURLOW ST,EVELEIGH ST,MELVILLE ST,POOR,22.1,0.957,0.8,0,0.8,224.7890034210407,0.2,0,1,1.0,0.517
RENFREW ST,4TH AV,3RD AV,POOR,933.2,0.155,0.8,0,0.8,0.5526900740780434,0.8,0,1,1.0,0.546
PRINCE ALBERT ST,10TH AV,BROADWAY,FAIR,1348.3,0.067,0.5,0,0.5,0.6066448158802018,0.8,0,1,1.0,0.48
SALISH DR,TAMATH CRESCENT,SEMANA CRESCENT,VERY POOR,1367.6,0.065,0.95,0,0.95,295.84623457530824,0.5,0,1,1.0,0.484
PENTICTON ST,YALE ST,WALL ST,VERY POOR,949.3,0.15,0.95,0,0.95,0.28180943182428564,0.8,0,1,1.0,0.572
MCHARDY ST,EUCLID AV,AUSTREY AV,GOOD,813.2,0.197,0.3,0,0.3,32.18890999577184,0.8,0,1,1.0,0.464
STANLEY PARK DR,PIPELINE ROAD,STANLEY PARK DR TO CAUSEWAY RAMP,GOOD,393.1,0.456,0.3,0,0.3,245.18826484921055,0.5,0,1,1.0,0.428
UNION ST,EXPO BOULEVARD,QUEBEC ST,GOOD,161.9,0.723,0.3,0,0.3,91.62272100994574,0.5,0,1,1.0,0.469
PINE CRES,PINE ST,MARPOLE AV,VERY POOR,1192.4,0.092,0.95,0,0.95,81.29491167877256,0.5,0,1,1.0,0.488
SALAL DR,YEW ST,CRANBERRY DRIVE,GOOD,1432.1,0.057,0.3,0,0.3,91.18141000119533,0.5,0,1,1.0,0.368
ONTARIO ST,47TH AV,46TH AV,GOOD,234.1,0.626,0.3,0,0.3,1.5416794150721103,0.8,0,1,1.0,0.529
SOPHIA ST,29TH AV,28TH AV,GOOD,762.3,0.218,0.3,0,0.3,1.7249486268163423,0.8,0,1,1.0,0.467
QUESNEL DR,21ST AV,20TH AV / GALIANO ROAD,VERY GOOD,2097.5,0.015,0.1,0,0.1,339.3152623769308,0.8,0,1,1.0,0.402
SLOCAN ST,1ST AV,GRAVELEY ST,FAIR,976.3,0.142,0.5,0,0.5,0.6249859638616613,0.8,0,1,1.0,0.491
QUEBEC ST,5TH AV,4TH AV,POOR,277.7,0.574,0.8,0,0.8,1.6342419606971248,0.8,0,1,1.0,0.609
SPRUCE ST,8TH AV,7TH AV,FAIR,218.5,0.646,0.5,0,0.5,1.4799544095424153,0.8,0,1,1.0,0.567
PARK LANE,BEACH AV,NELSON ST,VERY GOOD,212.0,0.654,0.1,0,0.1,43.997175261653354,0.8,0,1,1.0,0.498
ROBSON ST,CARDERO ST,NICOLA ST,FAIR,216.3,0.649,0.5,0,0.5,134.8036911840577,0.5,0,1,1.0,0.493
SCHOOL AV,LANCASTER ST,KERR ST,GOOD,713.9,0.24,0.3,0,0.3,120.43939232665429,0.5,0,1,1.0,0.396
PANDORA ST,VICTORIA DRIVE,SEMLIN DRIVE,GOOD,1579.1,0.043,0.3,0,0.3,88.79891723959258,0.5,0,1,1.0,0.366
PINE ST,7TH AV,6TH AV,FAIR,544.1,0.337,0.5,0,0.5,1.4942366586149092,0.8,0,1,1.0,0.521
QUEBEC ST,NATIONAL AV,EXPO BLVD / PACIFIC BLVD TO QUEBEC ST,POOR,329.4,0.517,0.8,0,0.8,352.18032282671516,0.8,0,1,1.0,0.601
ROBSON ST,NICOLA ST,BROUGHTON ST,GOOD,284.1,0.567,0.3,0,0.3,134.8042584410466,0.5,0,1,1.0,0.445
NICOLA ST,COMOX ST,NELSON ST,VERY POOR,559.8,0.326,0.95,0,0.95,44.7681105974014,0.8,0,1,1.0,0.598
ROBSON ST,GILFORD ST,DENMAN ST,GOOD,223.9,0.639,0.3,0,0.3,134.81217420385894,0.5,0,1,1.0,0.456
PARKER ST,LE ROI ST,LILLOOET ST,VERY POOR,683.3,0.255,0.95,0,0.95,90.1316555823214,0.5,0,1,1.0,0.513
PACIFIC BLVD,PACIFIC BLVD TO QUEBEC ST,QUEBEC ST,FAIR,330.8,0.516,0.5,0,0.5,152.43806047290514,0.2,1,1,1.0,0.698
NELSON ST,CARDERO ST,NICOLA ST,FAIR,536.9,0.342,0.5,0,0.5,134.83067724457123,0.5,0,1,1.0,0.446
STEPHENS ST,BROADWAY,8TH AV,VERY GOOD,2026.9,0.017,0.1,0,0.1,1.380563176913654,0.8,0,1,1.0,0.402
ROSS ST,41ST AV,40TH AV,POOR,1786.5,0.028,0.8,0,0.8,1.3014908854290752,0.8,0,1,1.0,0.527
PRINCE EDWARD ST,19TH AV,18TH AV,GOOD,1547.6,0.045,0.3,0,0.3,1.4617715836791945,0.8,0,1,1.0,0.441
TEMPLETON DR,PENDER ST,HASTINGS ST,FAIR,1286.3,0.076,0.5,0,0.5,1.167479688065555,0.8,0,1,1.0,0.481
RUPERT ST,GRAVELEY ST,GRANT ST,VERY GOOD,218.0,0.647,0.1,0,0.1,1.350462314702952,0.8,0,1,1.0,0.497
ORMIDALE ST,KINGSWAY,FOSTER AV,FAIR,1164.5,0.097,0.5,0,0.5,0.2440880431857977,0.8,0,1,1.0,0.485
SOPHIA ST,43RD AV,41ST AV,FAIR,828.1,0.191,0.5,0,0.5,1.694070650703793,0.8,0,1,1.0,0.499
NICOLA ST,ALBERNI ST,PENDER ST,FAIR,130.3,0.771,0.5,0,0.5,44.76447600202664,0.8,0,1,1.0,0.586
TEMPLETON DR,WILLIAM ST,NAPIER ST,POOR,1401.9,0.061,0.8,0,0.8,2.105226796875229,0.8,0,1,1.0,0.532
SHAUGHNESSY ST,KENT AV NORTH,SW MARINE DRIVE,VERY POOR,290.4,0.559,0.95,0,0.95,327.37661485638296,0.8,0,1,1.0,0.634
PENDER ST,TAYLOR ST,CARRALL ST,POOR,96.8,0.824,0.8,0,0.8,105.56652866242729,0.5,0,1,1.0,0.572
TRIMBLE ST,11TH AV,10TH AV,POOR,982.7,0.14,0.8,0,0.8,1.475762394005585,0.8,0,1,1.0,0.544
PARK DR,CARTIER ST,MONTCALM ST,POOR,1422.1,0.058,0.8,0,0.8,113.74785772549478,0.5,0,1,1.0,0.457
QUEBEC ST,44TH AV,42ND AV,FAIR,561.9,0.325,0.5,0,0.5,359.4954070215247,0.8,0,1,1.0,0.519
NANAIMO ST,61ST AV,HOYLAKE AV,VERY POOR,795.1,0.204,0.95,0,0.95,0.8694460758383116,0.8,0,1,1.0,0.58
TRIUMPH ST,VICTORIA DRIVE,SEMLIN DRIVE,GOOD,1587.6,0.042,0.3,0,0.3,90.50490680191842,0.5,0,1,1.0,0.366
MONTGOMERY ST,42ND AV,41ST AV,GOOD,554.9,0.33,0.3,0,0.3,1.374739206282527,0.8,0,1,1.0,0.484
RAYMUR AV,HASTINGS ST OP,LANE,FAIR,719.3,0.237,0.5,0,0.5,1.7283740159999184,0.8,1,1,1.0,0.806
MELBOURNE ST,CROWLEY DRIVE,VANNESS AV,VERY GOOD,856.2,0.18,0.1,0,0.1,34.95886410486088,0.8,0,1,1.0,0.426
QUEBEC ST,51ST AV,50TH AV,GOOD,192.7,0.68,0.3,0,0.3,1.3309689436410395,0.8,0,1,1.0,0.537
RUMBLE AV,MATHESON CRESCENT,BOUNDARY ROAD,VERY GOOD,583.9,0.311,0.1,0,0.1,89.92503083401192,0.5,0,1,1.0,0.371
NEW BRIGHTON RD,COMMISSIONER ST,EAST END,VERY GOOD,74.7,0.861,0.1,0,0.1,109.84878793434973,0.5,1,1,1.0,0.754
OBEN ST,SOUTH END,FOSTER AV,VERY POOR,1131.6,0.104,0.95,0,0.95,359.8679010020625,0.8,0,1,1.0,0.565
ROBSON ST,GRANVILLE ST,SEYMOUR ST,VERY POOR,134.9,0.763,0.95,0,0.95,134.77991302981843,0.5,0,1,1.0,0.589
NAPIER ST,LAKEWOOD DRIVE,TEMPLETON DRIVE,GOOD,1490.5,0.051,0.3,0,0.3,89.41870777743208,0.5,0,1,1.0,0.367
SEMLIN DR,GRANDVIEW HWY NORTH,BROADWAY,VERY POOR,465.5,0.394,0.95,0,0.95,1.5167230196333321,0.8,0,1,1.0,0.609
PRINCE ALBERT ST,38TH AV,37TH AV,VERY GOOD,1315.3,0.072,0.1,0,0.1,2.372311490743755,0.8,0,1,1.0,0.41
TRIUMPH ST,KOOTENAY ST,BOUNDARY ROAD,POOR,940.8,0.152,0.8,0,0.8,89.98996413404757,0.5,0,1,1.0,0.471
ST CATHERINES ST,12TH AV,11TH AV,FAIR,1586.6,0.042,0.5,0,0.5,0.8533975207795947,0.8,0,1,1.0,0.476
ONTARIO ST,BROADWAY,8TH AV,FAIR,701.6,0.246,0.5,0,0.5,1.6442082199300785,0.8,0,1,1.0,0.507
MCLEAN DR,FRANKLIN ST,POWELL ST,FAIR,1235.4,0.085,0.5,0,0.5,2.350265978814946,0.8,0,1,1.0,0.483
TERMINAL AV EB ACCESS,TERMINAL AV,GLEN DRIVE,POOR,622.9,0.288,0.8,0,0.8,108.19494868188565,0.5,1,1,1.0,0.791
PAYNE ST,WELLINGTON AV,NORTHEAST END,POOR,380.1,0.468,0.8,0,0.8,31.930985028121427,0.8,0,1,1.0,0.593
SALISH DR,HALSS CRESCENT,TYTAHUN CRESCENT,FAIR,1271.2,0.079,0.5,0,0.5,0.9752177710612386,0.8,0,1,1.0,0.482
MCLEAN DR,VENABLES ST,ADANAC ST,VERY GOOD,982.7,0.14,0.1,0,0.1,0.9006259300181796,0.8,0,1,1.0,0.42
RAYMUR AV,WILLIAM ST,PARKER ST,GOOD,358.7,0.488,0.3,0,0.3,1.6887756481023075,0.8,0,1,1.0,0.508
NANTON AV,ANGUS DRIVE,MARGUERITE ST,VERY POOR,941.9,0.152,0.95,0,0.95,91.4924472105514,0.5,0,1,1.0,0.497
ST GEORGE ST,SE MARINE DRIVE,64TH AV,VERY POOR,627.3,0.285,0.95,0,0.95,0.8847630849032839,0.8,0,1,1.0,0.592
PENTICTON ST,17TH AV,16TH AV,VERY POOR,594.0,0.305,0.95,0,0.95,0.17795156802696965,0.8,0,1,1.0,0.595
ST MARGARETS ST,45TH AV,41ST AV,VERY POOR,677.6,0.258,0.95,0,0.95,359.326578191575,0.8,0,1,1.0,0.588
PACIFIC BLVD,DAVIE ST,CAMBIE ST,GOOD,54.8,0.896,0.3,0,0.3,71.17953588984642,0.5,0,1,1.0,0.495
YEW ST,34TH AV,33RD AV,POOR,1516.4,0.048,0.8,0,0.8,1.505770371369863,0.8,0,1,1.0,0.53
VIVIAN ST,49TH AV,48TH AV,GOOD,1219.9,0.087,0.3,0,0.3,2.052498314249135,0.8,0,1,1.0,0.448
UNION ST,GLEN DRIVE,VERNON DRIVE,GOOD,497.7,0.37,0.3,0,0.3,91.09830045353829,0.5,0,1,1.0,0.415
WATERLOO ST,7TH AV,6TH AV,GOOD,1045.8,0.123,0.3,0,0.3,1.4877571525996132,0.8,0,1,1.0,0.453
VALLEY DR,MCBAIN AV,KING EDWARD AV,POOR,1846.7,0.025,0.8,0,0.8,334.83521724086495,0.8,0,1,1.0,0.527
VICTORIA DR,HARRISON DRIVE,64TH AV,FAIR,423.7,0.429,0.5,0,0.5,0.7582999748570955,0.8,0,1,1.0,0.534
WALLACE ST,19TH AV,18TH AV,VERY GOOD,1536.8,0.046,0.1,0,0.1,0.3727711467464587,0.8,0,1,1.0,0.406
VANNESS AV,FAIRMONT ST,KILLARNEY ST,FAIR,835.4,0.188,0.5,0,0.5,121.97943499093202,0.5,0,1,1.0,0.423
VINE ST,12TH AV,10TH AV,VERY GOOD,1552.3,0.045,0.1,0,0.1,1.4956952524435678,0.8,0,1,1.0,0.406
VICTORIA DR,1ST AV,GRAVELEY ST,POOR,1156.4,0.099,0.8,0,0.8,0.8250970765565739,0.8,0,1,1.0,0.538
UNION ST,HAWKS AV,CAMPBELL AV,VERY GOOD,209.1,0.658,0.1,0,0.1,91.62681317823296,0.5,0,1,1.0,0.423
YUCULTA CRES,MUSQUEAM DRIVE,MUSQUEAM DRIVE,FAIR,681.2,0.256,0.5,0,0.5,116.48322146208886,0.5,0,1,1.0,0.433
WANETA PL,SOUTH END,16TH AV,FAIR,475.8,0.386,0.5,0,0.5,4.8476040317843285,0.8,0,1,1.0,0.528
WOODLAND DR,2ND AV,1ST AV,VERY GOOD,1210.0,0.089,0.1,0,0.1,0.784004484535842,0.8,0,1,1.0,0.413
WALLACE ST,38TH AV,37TH AV,VERY POOR,1333.4,0.069,0.95,0,0.95,0.505824650463353,0.8,0,1,1.0,0.56
WINDERMERE ST,22ND AV,21ST AV,GOOD,817.3,0.195,0.3,0,0.3,359.9304264453819,0.8,0,1,1.0,0.464
WATERLOO ST,BROADWAY,8TH AV,GOOD,1123.3,0.106,0.3,0,0.3,1.479348904666665,0.8,0,1,1.0,0.45
WINDSOR ST,21ST AV,20TH AV,VERY GOOD,1531.3,0.047,0.1,0,0.1,1.4826237532986966,0.8,0,1,1.0,0.406
YUKON ST,19TH AV,18TH AV,VERY POOR,894.1,0.167,0.95,0,0.95,1.8219623392093922,0.8,0,1,1.0,0.574
YEW ST,51ST AV,49TH AV,VERY GOOD,497.0,0.37,0.1,0,0.1,2.7247484151170625,0.8,0,1,1.0,0.455
VIVIAN ST,54TH AV,53RD AV,GOOD,722.7,0.236,0.3,0,0.3,1.8863432101610442,0.8,0,1,1.0,0.47
WINDERMERE ST,16TH AV,15TH AV,POOR,319.9,0.527,0.8,0,0.8,0.2838043499633045,0.8,0,1,1.0,0.602
VANNESS AV,WALKER ST,BRANT ST,GOOD,551.4,0.332,0.3,0,0.3,122.3287501878441,0.5,0,1,1.0,0.41
WILLIAM ST,PENTICTON ST,SLOCAN ST,GOOD,970.2,0.144,0.3,0,0.3,90.08846345970369,0.5,0,1,1.0,0.381
WALLACE PL,SOUTH END,SW MARINE DRIVE,VERY GOOD,935.1,0.154,0.1,0,0.1,14.733074997378765,0.8,0,1,1.0,0.422
VICTORIA DR,49TH AV,48TH AV,FAIR,1660.2,0.036,0.5,0,0.5,1.0845602029849033,0.8,0,1,1.0,0.475
WILLOW ST,42ND AV,41ST AV,VERY GOOD,709.3,0.242,0.1,0,0.1,1.3742412778013318,0.8,0,1,1.0,0.436
YORK AV,LARCH ST,BALSAM ST,FAIR,1196.2,0.091,0.5,0,0.5,91.49436612375246,0.5,0,1,1.0,0.409
VENABLES ST,NANAIMO ST,KAMLOOPS ST,VERY GOOD,1059.6,0.12,0.1,0,0.1,90.15044307582082,0.5,0,1,1.0,0.342
WELLINGTON AV,MOSS ST,PICTON ST,VERY POOR,746.7,0.225,0.95,0,0.95,122.28963854333824,0.5,0,1,1.0,0.508
WINDERMERE ST,BROADWAY,8TH AV,FAIR,234.0,0.626,0.5,0,0.5,0.42786167761556726,0.8,0,1,1.0,0.564
WINDSOR ST,30TH AV,RINGWOOD AV,VERY GOOD,1637.4,0.038,0.1,0,0.1,1.065300451489236,0.8,0,1,1.0,0.405
WALL ST,ETON ST,MCGILL ST,FAIR,1459.7,0.054,0.5,0,0.5,28.160136732354147,0.8,0,1,1.0,0.478
VENABLES ST,TEMPLETON DRIVE,GARDEN DRIVE,GOOD,1270.7,0.079,0.3,0,0.3,90.70841543749987,0.5,0,1,1.0,0.371
VICTORIA DR,GRAVELEY ST,GRANT ST,POOR,1233.8,0.085,0.8,0,0.8,0.7037129408725491,0.8,0,1,1.0,0.536
WINDSOR ST,12TH AV,11TH AV,VERY POOR,1484.3,0.051,0.95,0,0.95,0.9020183942291169,0.8,0,1,1.0,0.557
VANNESS AV N,ABERDEEN ST,HOY ST,VERY GOOD,825.6,0.192,0.1,0,0.1,125.63298160689857,0.5,0,1,1.0,0.353
WOLFE AV,21ST AV / OAK ST,MATTHEWS AV,VERY GOOD,837.2,0.187,0.1,0,0.1,316.9091990557349,0.8,0,1,1.0,0.427
VICTORIA DR,NAPIER ST,PARKER ST,POOR,1596.1,0.041,0.8,0,0.8,1.061487745270881,0.8,0,1,1.0,0.529
WILTSHIRE ST,54TH AV,52ND AV,NO DATA,1149.6,0.1,0.5,1,0.4,1.5755479194182271,0.8,0,1,1.0,0.467
WINDERMERE ST,15TH AV,14TH AV,FAIR,241.1,0.617,0.5,0,0.5,0.29158856572541936,0.8,0,1,1.0,0.563
VALLEY DR,19TH AV,18TH AV,FAIR,2369.5,0.009,0.5,0,0.5,333.8522326496838,0.8,0,1,1.0,0.471
VINE ST,16TH AV,15TH AV,VERY POOR,1894.6,0.023,0.95,0,0.95,1.5380229820041222,0.8,0,1,1.0,0.553
WILLOW ST,26TH AV,KING EDWARD AV,GOOD,693.8,0.25,0.3,0,0.3,1.4669881283277277,0.8,0,1,1.0,0.472
WINLAW PL,18TH AV,NORTH END,GOOD,681.1,0.256,0.3,0,0.3,359.0162818571151,0.8,0,1,1.0,0.473
UNION ST,DUNLEVY AV,JACKSON AV,VERY GOOD,393.1,0.456,0.1,0,0.1,91.6483703294474,0.5,0,1,1.0,0.393
VINE ST,8TH AV,7TH AV,VERY GOOD,1402.1,0.061,0.1,0,0.1,1.5056383849719737,0.8,0,1,1.0,0.408
WILLIAM ST,VERNON DRIVE,CLARK DRIVE,FAIR,667.4,0.263,0.5,0,0.5,91.65470790373018,0.5,0,1,1.0,0.435
VANNESS AV,MCHARDY ST,MCGEER ST,GOOD,657.8,0.268,0.3,0,0.3,122.24013300138512,0.5,0,1,1.0,0.4
VINE ST,39TH AV,37TH AV,FAIR,1463.3,0.054,0.5,0,0.5,1.5051719505203778,0.8,0,1,1.0,0.478
WINDSOR ST,37TH AV,35TH AV,FAIR,1534.6,0.046,0.5,0,0.5,1.0980023474505742,0.8,0,1,1.0,0.477
VICTORIA DR,JASPER CRESCENT,UPLAND DRIVE,GOOD,1075.1,0.116,0.3,0,0.3,1.110922440059369,0.8,0,1,1.0,0.452
WALES ST,44TH AV,42ND AV,VERY POOR,645.5,0.275,0.95,0,0.95,359.404044761127,0.8,0,1,1.0,0.591
VENABLES ST,KAMLOOPS ST,PENTICTON ST,POOR,898.3,0.166,0.8,0,0.8,90.1473954467333,0.5,0,1,1.0,0.473
YEW ST,SW MARINE DRIVE,53RD AV,VERY POOR,371.2,0.476,0.95,0,0.95,8.768553838027458,0.8,0,1,1.0,0.621
WILLIAM ST,ROSE ST,LAKEWOOD DRIVE,VERY GOOD,1425.9,0.058,0.1,0,0.1,90.70431695620482,0.5,0,1,1.0,0.333
WINDSOR ST,29TH AV,28TH AV,FAIR,1686.6,0.034,0.5,0,0.5,0.9883971557983955,0.8,0,1,1.0,0.475
VICTORIA DR,WILLIAM ST,NAPIER ST,FAIR,1554.6,0.045,0.5,0,0.5,0.8276486788550415,0.8,0,1,1.0,0.477
WESTERN ST,INDUSTRIAL AV,NORTHERN ST,VERY GOOD,148.0,0.744,0.1,0,0.1,16.182349539829545,0.8,0,1,1.0,0.511
WALLACE ST,34TH AV,33RD AV,GOOD,1695.6,0.034,0.3,0,0.3,0.695698050900944,0.8,0,1,1.0,0.44
VICTORIA DR,30TH AV,KINGSWAY,VERY POOR,1046.2,0.123,0.95,0,0.95,1.426863693477003,0.8,0,1,1.0,0.568
WALLACE ST,2ND AV,1ST AV,POOR,266.3,0.587,0.8,0,0.8,0.7465514785736787,0.8,0,1,1.0,0.611
YORK AV,MAPLE ST,CYPRESS ST,VERY GOOD,588.3,0.308,0.1,0,0.1,91.52317249422401,0.5,0,1,1.0,0.371
VERNON DR,GEORGIA ST,KEEFER ST,GOOD,678.4,0.258,0.3,0,0.3,1.0804640162581904,0.8,0,1,1.0,0.473
YEW ST,42ND AV,41ST AV,VERY POOR,1205.5,0.09,0.95,0,0.95,1.496441103934842,0.8,0,1,1.0,0.563
VANNESS AV,NORTHWEST END,SLOCAN ST,FAIR,919.9,0.159,0.5,0,0.5,123.49742460473965,0.5,0,1,1.0,0.419
YEW ST,3RD AV,2ND AV,FAIR,1047.3,0.123,0.5,0,0.5,1.5193892372064397,0.8,0,1,1.0,0.488
VINE ST,14TH AV,13TH AV,VERY POOR,1748.4,0.03,0.95,0,0.95,1.5470605956184045,0.8,0,1,1.0,0.554
WORTHINGTON PL,SOUTH END,WORTHINGTON DRIVE,VERY POOR,592.8,0.306,0.95,0,0.95,353.2549319987555,0.8,0,1,1.0,0.595
13TH AV,CAMBIE ST,YUKON ST,FAIR,488.4,0.376,0.5,0,0.5,91.49722856926451,0.5,0,1,1.0,0.452
39TH AV,QUEBEC ST,MAIN ST,FAIR,420.2,0.432,0.5,0,0.5,91.91247140012536,0.5,0,1,1.0,0.46
15TH AV,PRINCE ALBERT ST,ST. CATHERINES ST,GOOD,1604.7,0.04,0.3,0,0.3,93.649913010511,0.5,0,1,1.0,0.366
CLIVE AV,SPENCER ST,MCHARDY ST,VERY POOR,714.6,0.24,0.95,0,0.95,121.49147309945857,0.5,0,1,1.0,0.51
25TH AV,PENTICTON ST,SLOCAN ST,FAIR,998.9,0.136,0.5,0,0.5,90.11787058048412,0.5,0,1,1.0,0.415
BURRARD ST,GEORGIA ST,DUNSMUIR ST,POOR,217.7,0.647,0.8,0,0.8,44.77433269982464,0.8,0,1,1.0,0.62
ANGUS DR,35TH AV,33RD AV,VERY GOOD,642.7,0.277,0.1,0,0.1,1.3784260400094581,0.8,0,1,1.0,0.441
24TH AV,WILLOW ST,HEATHER ST,VERY GOOD,741.9,0.227,0.1,0,0.1,91.5892333899335,0.5,0,1,1.0,0.358
ARLINGTON ST,47TH AV,PETERSHAM AV,GOOD,1565.1,0.044,0.3,0,0.3,1.3724391030344236,0.8,0,1,1.0,0.441
49TH AV,BERKELEY ST,CLARENDON ST,FAIR,1346.6,0.068,0.5,0,0.5,93.31779203381586,0.5,0,1,1.0,0.405
60TH AV,ADERA ST,GRANVILLE ST,VERY POOR,1118.0,0.107,0.95,0,0.95,91.21626588878974,0.5,0,1,1.0,0.49
2ND AV,TRIMBLE ST,DISCOVERY ST,VERY POOR,312.9,0.535,0.95,0,0.95,91.50644969805114,0.5,0,1,1.0,0.555
BEATRICE ST,49TH AV,47TH AV,FAIR,1621.1,0.039,0.5,0,0.5,1.0547905760539606,0.8,0,1,1.0,0.476
CARDERO ST,PENDRELL ST,NORTHEAST END,VERY GOOD,678.8,0.257,0.1,0,0.1,44.704916085220304,0.8,0,1,1.0,0.438
ADERA ST,64TH AV,63RD AV,FAIR,846.4,0.184,0.5,0,0.5,1.5104439600186197,0.8,0,1,1.0,0.498
CARTIER ST,73RD AV,72ND AV,GOOD,394.4,0.454,0.3,0,0.3,1.4013110427351876,0.8,0,1,1.0,0.503
20TH AV,PUGET DRIVE,CARNARVON ST,VERY POOR,2162.0,0.013,0.95,0,0.95,90.5209957369251,0.5,0,1,1.0,0.476
60TH AV,FREMLIN ST,HEATHER ST,POOR,777.5,0.211,0.8,0,0.8,91.45853989230329,0.5,0,1,1.0,0.48
9TH AV,PAVEMENT CHANGE,TRIMBLE ST,NO DATA,902.4,0.165,0.5,1,0.4,91.53086980248293,0.5,0,1,1.0,0.402
CARTIER ST,64TH AV,62ND AV,VERY GOOD,1118.5,0.107,0.1,0,0.1,0.8423589564524718,0.8,0,1,1.0,0.415
65TH AV,SOPHIA ST,PRINCE EDWARD ST,GOOD,686.8,0.253,0.3,0,0.3,92.2278116735664,0.5,0,1,1.0,0.398
45TH AV,LANARK ST,DUMFRIES ST,GOOD,1969.4,0.019,0.3,0,0.3,91.06228247974491,0.5,0,1,1.0,0.362
CARDERO ST,COMOX ST,NELSON ST,GOOD,536.8,0.342,0.3,0,0.3,44.70627174845242,0.8,0,1,1.0,0.486
29TH AV,MAPLE CRESCENT,PINE CRESCENT,POOR,929.6,0.156,0.8,0,0.8,91.4789067056912,0.5,0,1,1.0,0.471
26TH AV,KOOTENAY ST,BOUNDARY ROAD,POOR,369.0,0.478,0.8,0,0.8,90.24004430921855,0.5,0,1,1.0,0.52
48TH AV,MANITOBA ST,ONTARIO ST,VERY GOOD,130.0,0.771,0.1,0,0.1,91.59590952181014,0.5,0,1,1.0,0.44
15TH AV,WILLOW ST,HEATHER ST,VERY GOOD,232.9,0.628,0.1,0,0.1,91.49219336770079,0.5,0,1,1.0,0.419
7TH AV,ST. GEORGE ST,CAROLINA ST,GOOD,889.8,0.169,0.3,0,0.3,90.76916593944048,0.5,0,1,1.0,0.385
3RD AV,VINE ST,YEW ST,GOOD,1120.3,0.106,0.3,0,0.3,91.53329537296895,0.5,0,1,1.0,0.376
ALAMEIN AV,MACDONALD ST,TRAFALGAR ST,POOR,2343.8,0.009,0.8,0,0.8,90.50029590894798,0.5,0,1,1.0,0.449
37TH AV,VINE ST,YEW ST,GOOD,1547.2,0.045,0.3,0,0.3,91.47621162497063,0.5,0,1,1.0,0.366
64TH AV,OAK ST,SHAUGHNESSY ST,VERY GOOD,973.1,0.143,0.1,0,0.1,91.41455833741588,0.5,0,1,1.0,0.346
43RD AV,DUNBAR ST,COLLINGWOOD ST,VERY GOOD,564.4,0.323,0.1,0,0.1,90.27645929844448,0.5,0,1,1.0,0.373
29TH AV,CARNARVON ST,MACKENZIE ST,GOOD,2087.8,0.015,0.3,0,0.3,90.45281451327105,0.5,0,1,1.0,0.362
39TH AV,VICTORIA DRIVE,GLADSTONE ST,VERY POOR,879.5,0.172,0.95,0,0.95,90.40701479295012,0.5,0,1,1.0,0.5
19TH AV,VINE ST,YEW ST,VERY POOR,1968.8,0.019,0.95,0,0.95,91.52774166751169,0.5,0,1,1.0,0.477
ABBOTT ST,PENDER ST,HASTINGS ST,POOR,170.4,0.711,0.8,0,0.8,15.203421889704657,0.8,0,1,1.0,0.63
3RD AV,WEST END,LOCARNO CRESCENT,VERY GOOD,499.1,0.369,0.1,0,0.1,99.48820908384312,0.5,0,1,1.0,0.38
32ND AV,DUMFRIES ST,FLEMING ST,VERY POOR,1595.7,0.041,0.95,0,0.95,91.27368378474637,0.5,0,1,1.0,0.48
16TH AV,SLOCAN ST,KASLO ST,POOR,550.7,0.332,0.8,0,0.8,90.5601220903527,0.5,0,1,1.0,0.498
21ST AV,MAIN ST,SOPHIA ST,GOOD,1186.9,0.093,0.3,0,0.3,91.37997938558078,0.5,0,1,1.0,0.374
57TH AV,WILTSHIRE ST,MARGUERITE ST,GOOD,1100.4,0.111,0.3,0,0.3,91.20757792273605,0.5,0,1,1.0,0.376
5TH AV,ALBERTA ST,COLUMBIA ST,FAIR,380.8,0.467,0.5,0,0.5,91.68544063914408,0.5,0,1,1.0,0.465
6TH AV,VINE ST,YEW ST,POOR,1206.4,0.09,0.8,0,0.8,91.48408723760042,0.5,0,1,1.0,0.461
7TH AV,BLENHEIM ST,TRUTCH ST,VERY GOOD,1215.2,0.088,0.1,0,0.1,91.46433540984594,0.5,0,1,1.0,0.338
16TH AV,COLLINGWOOD ST,WATERLOO ST,POOR,1597.6,0.041,0.8,0,0.8,91.47796997113068,0.5,0,1,1.0,0.454
8TH AV,COLLINGWOOD ST,WATERLOO ST,VERY GOOD,998.7,0.136,0.1,0,0.1,91.61875998348421,0.5,0,1,1.0,0.345
BUTE ST,HARO ST,ROBSON ST,POOR,322.7,0.524,0.8,0,0.8,44.764907071725645,0.8,0,1,1.0,0.602
ADANAC ST,NOOTKA ST,LILLOOET ST,FAIR,441.7,0.413,0.5,0,0.5,90.11946299577647,0.5,0,1,1.0,0.457
50TH AV,COMMERCIAL ST,VICTORIA DRIVE,GOOD,1716.2,0.032,0.3,0,0.3,90.8090301179983,0.5,0,1,1.0,0.364
CLARK DR,21ST AV,20TH AV,GOOD,1126.9,0.105,0.3,0,0.3,1.1246662393748466,0.8,0,1,1.0,0.45
26TH AV,ALEXANDRA ST,GRANVILLE ST,POOR,827.1,0.191,0.8,0,0.8,91.46242140734438,0.5,0,1,1.0,0.477
11TH AV,ONTARIO ST,QUEBEC ST,POOR,964.9,0.145,0.8,0,0.8,91.70710177829949,0.5,0,1,1.0,0.47
BURRARD ST,BURNABY ST,DAVIE ST,FAIR,295.0,0.554,0.5,0,0.5,44.77481381089535,0.8,0,1,1.0,0.553
22ND AV,CARNARVON ST,MACKENZIE ST,FAIR,2433.6,0.008,0.5,0,0.5,90.52139810908307,0.5,0,1,1.0,0.396
33RD AV,HENRY ST,KNIGHT ST,GOOD,1885.7,0.023,0.3,0,0.3,90.55158519202598,0.5,0,1,1.0,0.363
BRUNSWICK ST,8TH AV,7TH AV,VERY GOOD,688.7,0.252,0.1,0,0.1,1.6425546572738199,0.8,0,1,1.0,0.437
11TH AV,CYPRESS ST,BURRARD ST,VERY GOOD,1024.9,0.129,0.1,0,0.1,91.52723586313618,0.5,0,1,1.0,0.344
4TH AV,MAPLE ST,CYPRESS ST,POOR,653.6,0.271,0.8,0,0.8,91.53659953367253,0.5,0,1,1.0,0.489
18TH AV,WINDSOR ST,GLEN DRIVE,GOOD,1347.3,0.068,0.3,0,0.3,91.38510702040514,0.5,0,1,1.0,0.37
61ST AV,ARGYLE ST,JASPER CRESCENT,FAIR,672.0,0.261,0.5,0,0.5,90.8164771132864,0.5,0,1,1.0,0.434
ALAMEIN AV,PUGET DRIVE,OLIVER CRESCENT,FAIR,2571.5,0.006,0.5,0,0.5,110.26302801602276,0.5,0,1,1.0,0.396
35TH AV,LARCH ST,VINE ST,VERY GOOD,1659.9,0.036,0.1,0,0.1,91.44926490708451,0.5,0,1,1.0,0.33
44TH AV,MAPLE ST,CYPRESS ST,NO DATA,1145.5,0.101,0.5,1,0.4,91.46729983163709,0.5,0,1,1.0,0.392
8TH AV,BALSAM ST,VINE ST,NO DATA,1443.1,0.056,0.5,1,0.4,91.49062494302916,0.5,0,1,1.0,0.386
ALBERTA ST,10TH AV,BROADWAY,VERY POOR,504.3,0.365,0.95,0,0.95,0.9813831537323381,0.8,0,1,1.0,0.604
CARNARVON ST,PUGET DRIVE,22ND AV,GOOD,2434.1,0.008,0.3,0,0.3,0.4902608681810534,0.8,0,1,1.0,0.436
37TH AV,BRUCE ST,COMMERCIAL ST,POOR,1305.8,0.073,0.8,0,0.8,92.22051551144693,0.5,0,1,1.0,0.459
12TH AV,HEMLOCK ST,BIRCH ST,FAIR,407.6,0.443,0.5,0,0.5,91.54734141362678,0.5,0,1,1.0,0.462
45TH AV,VICTORIA DRIVE,GLADSTONE ST,VERY POOR,1225.3,0.086,0.95,0,0.95,91.05577255222255,0.5,0,1,1.0,0.487
29TH AV,KAMLOOPS ST,CLARENDON ST,VERY GOOD,789.6,0.206,0.1,0,0.1,89.95820212885315,0.5,0,1,1.0,0.355
COPLEY ST,18TH AV,16TH AV,FAIR,407.2,0.443,0.5,0,0.5,17.050601753186186,0.8,0,1,1.0,0.537
15TH AV,CYPRESS ST,BURRARD ST,VERY POOR,1210.0,0.089,0.95,0,0.95,91.54181460046499,0.5,0,1,1.0,0.488
1ST AV,COLLINGWOOD ST,WATERLOO ST,FAIR,846.2,0.184,0.5,0,0.5,91.57500269369615,0.5,0,1,1.0,0.423
36TH AV,CARNARVON ST,MACKENZIE ST,VERY POOR,1383.0,0.063,0.95,0,0.95,90.47856916824935,0.5,0,1,1.0,0.484
45TH AV,LATTA ST,TYNE ST,FAIR,1509.1,0.049,0.5,0,0.5,90.31584414950959,0.5,0,1,1.0,0.402
48TH AV,EAST BOULEVARD,MAPLE ST,VERY GOOD,913.0,0.161,0.1,0,0.1,91.38821132005461,0.5,0,1,1.0,0.349
CHESTER ST,KENT AV SOUTH,KENT AV NORTH,NO DATA,163.5,0.721,0.5,1,0.4,349.21168183099246,0.8,0,1,1.0,0.561
10TH AV,MAIN ST,KINGSWAY,VERY GOOD,867.9,0.176,0.1,0,0.1,91.63898305455331,0.5,0,1,1.0,0.351
15TH AV,COLLINGWOOD ST,WATERLOO ST,NO DATA,1499.5,0.05,0.5,1,0.4,91.56244888009752,0.5,0,1,1.0,0.385
49TH AV,ASH ST,CAMBIE ST,VERY GOOD,478.2,0.384,0.1,0,0.1,93.37504310282469,0.5,0,1,1.0,0.382
58TH AV,ADERA ST,GRANVILLE ST,VERY POOR,1210.0,0.089,0.95,0,0.95,91.20325913828589,0.5,0,1,1.0,0.488
17TH AV,NOOTKA ST,LILLOOET ST,VERY POOR,389.4,0.459,0.95,0,0.95,90.11813820705413,0.5,0,1,1.0,0.543
47TH AV,BROOKS ST,BUTLER ST,FAIR,1516.9,0.048,0.5,0,0.5,90.36901946232376,0.5,0,1,1.0,0.402
33RD AV,QUILCHENA CRESCENT,ANGUS DRIVE,FAIR,687.7,0.253,0.5,0,0.5,91.48615428048475,0.5,0,1,1.0,0.433
BRIGHTWOOD PL,NORTHWEST END,VIVIAN DRIVE,FAIR,308.8,0.539,0.5,0,0.5,127.18913153784433,0.5,0,1,1.0,0.476
10TH AV,YEW ST,ARBUTUS ST,VERY GOOD,1284.2,0.077,0.1,0,0.1,91.53297948633332,0.5,0,1,1.0,0.336
CAROLINA ST,8TH AV,7TH AV,GOOD,998.7,0.136,0.3,0,0.3,0.6544490897668993,0.8,0,1,1.0,0.455
38TH AV,MAIN ST,SOPHIA ST,VERY POOR,420.9,0.431,0.95,0,0.95,91.7201444848518,0.5,0,1,1.0,0.539
ATHLETES WAY,SALT ST,ONTARIO ST,NO DATA,117.2,0.791,0.5,1,0.4,91.67776380136627,0.5,0,1,1.0,0.496
60TH AV,ASH ST,CAMBIE ST,VERY POOR,366.9,0.48,0.95,0,0.95,92.68435215642535,0.5,0,1,1.0,0.547
CASSIAR ST,HASTINGS ST,FRANKLIN ST,VERY POOR,571.0,0.319,0.95,0,0.95,0.037272489551639865,0.8,0,1,1.0,0.597
37TH AV,SOPHIA ST,PRINCE EDWARD ST,FAIR,506.7,0.363,0.5,0,0.5,91.70628370359464,0.5,0,1,1.0,0.45
16TH AV,WANETA PLACE,RENFREW ST,GOOD,407.5,0.443,0.3,0,0.3,90.54884637854934,0.5,0,1,1.0,0.426
45TH AV,WALES ST,VIVIAN ST,VERY POOR,909.6,0.162,0.95,0,0.95,91.00948123737396,0.5,0,1,1.0,0.499
15TH AV,HEMLOCK ST,WOLFE AV,GOOD,726.9,0.234,0.3,0,0.3,91.5021226910876,0.5,0,1,1.0,0.395
55TH AV,FLEMING ST,ARGYLE ST,FAIR,1236.1,0.084,0.5,0,0.5,85.72133869382975,0.5,0,1,1.0,0.408
KAMLOOPS ST,WILLIAM ST,NAPIER ST,VERY POOR,1163.7,0.098,0.95,0,0.95,0.16381672434562233,0.8,0,1,1.0,0.564
OLIVER CRES,VALLEY DRIVE,23RD AV / VINE ST,POOR,1963.3,0.02,0.8,0,0.8,47.977803415127426,0.5,0,1,1.0,0.451
POINT GREY RD,LARCH ST,BALSAM ST,GOOD,1119.2,0.107,0.3,0,0.3,98.35991255467786,0.5,0,1,1.0,0.376
62ND AV,FRASER ST,PRINCE ALBERT ST,VERY POOR,767.6,0.215,0.95,0,0.95,92.12299332794214,0.5,0,1,1.0,0.507
33RD AV,WALDEN ST,SOPHIA ST,POOR,426.0,0.427,0.8,0,0.8,91.79085301859345,0.5,0,1,1.0,0.512
29TH AV,KEVIN PLACE,CAMOSUN ST,GOOD,2369.1,0.009,0.3,0,0.3,112.64446265662639,0.5,0,1,1.0,0.361
BLENHEIM ST,13TH AV,12TH AV,FAIR,1470.2,0.053,0.5,0,0.5,1.5105159485402737,0.8,0,1,1.0,0.478
10TH AV,BLENHEIM ST,TRUTCH ST,VERY GOOD,1348.8,0.067,0.1,0,0.1,91.49318736168243,0.5,0,1,1.0,0.334
15TH AV,PRINCE EDWARD ST,ST. GEORGE ST,GOOD,1429.0,0.057,0.3,0,0.3,93.69744659928449,0.5,0,1,1.0,0.368
7TH AV,MACDONALD ST,STEPHENS ST,POOR,1865.6,0.024,0.8,0,0.8,91.44703279533053,0.5,0,1,1.0,0.451
40TH AV,DUNDEE ST,KILLARNEY ST,VERY POOR,457.3,0.401,0.95,0,0.95,89.93397346462388,0.5,0,1,1.0,0.535
18TH AV,COLUMBIA ST,MANITOBA ST,VERY POOR,1063.5,0.119,0.95,0,0.95,91.72455739431553,0.5,0,1,1.0,0.492
BOUNDARY RD,MCGILL ST,TRINITY ST,FAIR,818.0,0.195,0.5,0,0.5,0.681778276821035,0.8,0,1,1.0,0.499
39TH AV,NANAIMO ST,CLARENDON ST,VERY POOR,458.6,0.4,0.95,0,0.95,90.54828262882052,0.5,0,1,1.0,0.534
49TH AV,LABURNUM ST,CYPRESS ST,VERY GOOD,1128.0,0.105,0.1,0,0.1,91.19448353783122,0.5,0,1,1.0,0.34
57TH AV,NEAL ST,ASH CRESCENT,GOOD,680.3,0.257,0.3,0,0.3,91.20791350870815,0.5,0,1,1.0,0.398
2ND AV,CYPRESS ST,BURRARD ST,GOOD,422.2,0.43,0.3,0,0.3,91.5155969932074,0.5,0,1,1.0,0.424
21ST AV,PENTICTON ST,SLOCAN ST,FAIR,739.7,0.228,0.5,0,0.5,90.09935227094718,0.5,0,1,1.0,0.429
BEATRICE ST,33RD AV,32ND AV,FAIR,1188.4,0.093,0.5,0,0.5,0.09238814140718432,0.8,0,1,1.0,0.484
42ND AV,LAUREL ST,WILLOW ST,FAIR,746.4,0.225,0.5,0,0.5,90.0276924960421,0.5,0,1,1.0,0.429
7TH AV,SASAMAT ST,TRIMBLE ST,FAIR,760.0,0.219,0.5,0,0.5,91.55769598229114,0.5,0,1,1.0,0.428
COMMERCIAL ST,28TH AV,KINGSWAY,GOOD,979.0,0.141,0.3,0,0.3,3.068856242244351,0.8,0,1,1.0,0.456
13TH AV,ST. CATHERINES ST,WINDSOR ST,FAIR,1469.2,0.053,0.5,0,0.5,90.77449030867183,0.5,0,1,1.0,0.403
37TH AV,CARNARVON ST,MACKENZIE ST,VERY GOOD,1285.5,0.076,0.1,0,0.1,90.47613022446058,0.5,0,1,1.0,0.336
16TH AV,VINE ST,YEW ST,POOR,1862.8,0.024,0.8,0,0.8,91.52978005149777,0.5,0,1,1.0,0.451
BLANCA ST,12TH AV,11TH AV,POOR,1513.0,0.049,0.8,0,0.8,1.5131920168852275,0.8,0,1,1.0,0.53
49TH AV,TISDALL ST,ASH ST,VERY GOOD,595.8,0.304,0.1,0,0.1,93.33709849593168,0.5,0,1,1.0,0.37
ALBERTA ST,12TH AV,11TH AV,POOR,554.9,0.33,0.8,0,0.8,1.5102679658463103,0.8,0,1,1.0,0.572
12TH AV,COLLINGWOOD ST,WATERLOO ST,VERY GOOD,1260.7,0.08,0.1,0,0.1,91.49741192170848,0.5,0,1,1.0,0.336
29TH AV,BLENHEIM ST,BALACLAVA ST,NO DATA,2027.0,0.017,0.5,1,0.4,90.45467899302344,0.5,0,1,1.0,0.38
47TH AV,CEDARHURST ST,MACKENZIE ST,VERY GOOD,507.0,0.363,0.1,0,0.1,90.69263499034412,0.5,0,1,1.0,0.379
25TH AV,SKEENA ST,KOOTENAY ST,POOR,398.4,0.451,0.8,0,0.8,89.29435316413907,0.5,0,1,1.0,0.516
14TH AV,ALDER ST,SPRUCE ST,VERY POOR,495.4,0.371,0.95,0,0.95,91.49459072571744,0.5,0,1,1.0,0.53
ANGUS DR,LABURNUM ST,64TH AV,VERY GOOD,469.8,0.391,0.1,0,0.1,1.5166656369300995,0.8,0,1,1.0,0.458
72ND AV,OSLER ST,OAK ST,VERY GOOD,552.2,0.331,0.1,0,0.1,91.52843318337722,0.5,0,1,1.0,0.374
36TH AV,CAMOSUN ST,CROWN ST,POOR,1626.5,0.039,0.8,0,0.8,90.44744364333826,0.5,0,1,1.0,0.454
45TH AV,TYNE ST,BATTISON ST,VERY POOR,1632.4,0.038,0.95,0,0.95,90.34472373769802,0.5,0,1,1.0,0.48
58TH AV,CAMBIE ST,ALBERTA ST,VERY POOR,191.0,0.683,0.95,0,0.95,91.07596912482609,0.5,0,1,1.0,0.577
38TH AV,SELKIRK ST,OSLER ST,VERY POOR,233.5,0.627,0.95,0,0.95,93.11652732426182,0.5,0,1,1.0,0.569
29TH AV,LILLOOET ST,MANOR ST,FAIR,559.5,0.327,0.5,0,0.5,90.35688774938518,0.5,0,1,1.0,0.444
CONNAUGHT DR,HUDSON ST,SELKIRK ST,VERY POOR,383.6,0.464,0.95,0,0.95,113.56146451733923,0.5,0,1,1.0,0.544
CARTIER ST,38TH AV,37TH AV,GOOD,29.4,0.943,0.3,0,0.3,1.4077670710740335,0.8,0,1,1.0,0.577
27TH AV,KASLO ST,EAST END,VERY POOR,993.5,0.137,0.95,0,0.95,89.75547856114963,0.5,0,1,1.0,0.495
BEACH AV,BURNABY ST,BIDWELL ST,VERY GOOD,734.8,0.23,0.1,0,0.1,187.04261623384207,0.2,0,1,1.0,0.284
ALEXANDER ST,PRINCESS AV / RAILWAY ST,HEATLEY AV,VERY GOOD,908.6,0.162,0.1,0,0.1,91.67594417312688,0.5,0,1,1.0,0.349
6TH AV,TEMPLETON DRIVE,GARDEN DRIVE,VERY POOR,420.1,0.432,0.95,0,0.95,90.69411157980267,0.5,0,1,1.0,0.539
57TH AV,CYPRESS ST,ANGUS DRIVE,POOR,894.0,0.167,0.8,0,0.8,91.22918767473544,0.5,0,1,1.0,0.473
COLLINGWOOD ST,37TH AV,36TH AV,VERY POOR,1189.8,0.093,0.95,0,0.95,0.19600648794056497,0.8,0,1,1.0,0.563
12TH AV,DUNBAR ST,COLLINGWOOD ST,FAIR,1171.8,0.096,0.5,0,0.5,91.50643733584064,0.5,0,1,1.0,0.409
CAUSEWAY SB TO STANLEY PARK DR RAMP,STANLEY PARK CAUSEWAY,STANLEY PARK DRIVE,POOR,626.1,0.286,0.8,0,0.8,16.52833775116585,0.8,0,1,1.0,0.566
28TH AV,WINDERMERE ST,RUPERT ST,GOOD,344.2,0.502,0.3,0,0.3,90.3879025761637,0.5,0,1,1.0,0.435
39TH AV,TRAFALGAR ST,ELM ST,NO DATA,1373.1,0.064,0.5,1,0.4,91.92151255685786,0.5,0,1,1.0,0.387
6TH AV,YUKON ST,ALBERTA ST,VERY GOOD,430.6,0.423,0.1,0,0.1,91.6850200110726,0.5,0,1,1.0,0.388
CLARENDON ST_1,BROCK ST,29TH AV,POOR,706.6,0.243,0.8,0,0.8,32.50382509771009,0.8,0,1,1.0,0.559
34TH AV,GLADSTONE ST,NANAIMO ST,GOOD,601.6,0.3,0.3,0,0.3,90.53076722416625,0.5,0,1,1.0,0.405
59TH AV,PRINCE ALBERT ST,WINDSOR ST,FAIR,978.8,0.141,0.5,0,0.5,91.60142399566575,0.5,0,1,1.0,0.416
BURRARD ST,1ST AV,CORNWALL AV,VERY GOOD,408.5,0.442,0.1,0,0.1,7.503936078487698,0.8,0,1,1.0,0.466
4TH AV,SASAMAT ST,SASAMAT PLACE,VERY GOOD,715.3,0.239,0.1,0,0.1,91.57707491149984,0.5,0,1,1.0,0.36
18TH AV,LARCH ST,BALSAM ST,VERY POOR,2176.3,0.013,0.95,0,0.95,91.52543395956536,0.5,0,1,1.0,0.476
43RD AV,JOYCE ST,LATTA ST,VERY GOOD,1196.7,0.091,0.1,0,0.1,91.82167393050753,0.5,0,1,1.0,0.338
24TH AV,ONTARIO ST,MAIN ST,VERY POOR,783.1,0.209,0.95,0,0.95,91.36703297510138,0.5,0,1,1.0,0.506
3RD AV,BURRARD ST,PINE ST,GOOD,310.2,0.538,0.3,0,0.3,91.48312082258258,0.5,0,1,1.0,0.441
CARTIER ST,67TH AV,64TH AV,VERY GOOD,896.9,0.166,0.1,0,0.1,1.9770347741169303,0.8,0,1,1.0,0.424
16TH AV,BLENHEIM ST,TRUTCH ST,GOOD,1763.1,0.029,0.3,0,0.3,91.49539470071642,0.5,0,1,1.0,0.364
CORDOVA ST,JERVIS ST,BUTE ST,VERY GOOD,310.7,0.537,0.1,0,0.1,124.99156115467974,0.5,0,1,1.0,0.405
47TH AV,WINDSOR ST,ELGIN ST,FAIR,1542.2,0.046,0.5,0,0.5,91.17349675948009,0.5,0,1,1.0,0.402
39TH AV,SOPHIA ST,PRINCE EDWARD ST,VERY POOR,611.0,0.295,0.95,0,0.95,91.8128380882041,0.5,0,1,1.0,0.519
ALBERNI ST,BUTE ST,THURLOW ST,VERY POOR,139.2,0.757,0.95,0,0.95,134.78936211449877,0.5,0,1,1.0,0.588
15TH AV,WATSON ST,SOPHIA ST,VERY GOOD,1369.7,0.065,0.1,0,0.1,91.26573481372378,0.5,0,1,1.0,0.334
64TH AV,POPLAR ST,FRASER ST,GOOD,682.4,0.255,0.3,0,0.3,90.35555151593337,0.5,0,1,1.0,0.398
ASH ST,14TH AV,13TH AV,GOOD,332.4,0.514,0.3,0,0.3,1.5089468442507155,0.8,0,1,1.0,0.512
COMMERCIAL DR,NAPIER ST,PARKER ST,VERY POOR,1314.2,0.072,0.95,0,0.95,0.8963001774715167,0.8,0,1,1.0,0.56
BUTE ST,SOUTHWEST END,DAVIE ST,VERY GOOD,220.2,0.644,0.1,0,0.1,44.77635207399783,0.8,0,1,1.0,0.496
29TH AV,HIGHBURY ST,ALMA ST,GOOD,2084.9,0.015,0.3,0,0.3,90.52046811000332,0.5,0,1,1.0,0.362
39TH AV,CAMBIE ST,ALBERTA ST,GOOD,663.8,0.265,0.3,0,0.3,93.3630157749318,0.5,0,1,1.0,0.4
ADERA ST,52ND AV,49TH AV,NO DATA,1332.2,0.07,0.5,1,0.4,0.9629561585767874,0.8,0,1,1.0,0.463
6TH AV,GARDEN DRIVE,NANAIMO ST,GOOD,382.3,0.466,0.3,0,0.3,90.67616130176788,0.5,0,1,1.0,0.43
64TH AV,PRINCE EDWARD ST,BUSCOMBE ST,VERY GOOD,751.2,0.223,0.1,0,0.1,90.92964211414244,0.5,0,1,1.0,0.358
55TH AV,PRINCE ALBERT ST,ROSS ST,POOR,1315.1,0.072,0.8,0,0.8,91.37155526435618,0.5,0,1,1.0,0.459
BALSAM ST,10TH AV,BROADWAY,VERY POOR,1643.0,0.037,0.95,0,0.95,1.4999741486934681,0.8,0,1,1.0,0.555
20TH AV,MANITOBA ST,ONTARIO ST,VERY POOR,1007.8,0.133,0.95,0,0.95,91.7247488639145,0.5,0,1,1.0,0.494
CARNARVON ST,55TH AV,53RD AV,VERY POOR,100.1,0.819,0.95,0,0.95,1.345486613505443,0.8,0,1,1.0,0.673
34TH AV,CLARENDON ST,SLOCAN ST,GOOD,312.6,0.535,0.3,0,0.3,90.52860760222632,0.5,0,1,1.0,0.44
6TH AV,BALACLAVA ST,BAYSWATER ST,FAIR,1454.3,0.055,0.5,0,0.5,91.44873809598852,0.5,0,1,1.0,0.403
59TH AV,SHERBROOKE ST,INVERNESS ST,VERY GOOD,888.1,0.169,0.1,0,0.1,90.45936149968384,0.5,0,1,1.0,0.35
15TH AV,OAK ST,LAUREL ST,VERY POOR,265.0,0.589,0.95,0,0.95,91.50585352716678,0.5,0,1,1.0,0.563
CHESTNUT ST,WHYTE AV,MCNICOLL AV,GOOD,99.6,0.819,0.3,0,0.3,1.6946723108964648,0.8,0,1,1.0,0.558
BROOKS ST,52ND AV,49TH AV,VERY POOR,1075.8,0.116,0.95,0,0.95,1.3034693802345032,0.8,0,1,1.0,0.567
32ND AV,HEATHER ST,CAMBIE ST,VERY POOR,254.5,0.601,0.95,0,0.95,93.07702476003084,0.5,0,1,1.0,0.565
37TH AV,CYPRESS ST,PINE CRESCENT,GOOD,718.4,0.238,0.3,0,0.3,91.43181552382526,0.5,0,1,1.0,0.395
BLANCA ST,3RD AV,2ND AV,NO DATA,732.2,0.231,0.5,1,0.4,1.5237577864013474,0.8,0,1,1.0,0.487
26TH AV,QUEBEC ST,MAIN ST,FAIR,768.6,0.215,0.5,0,0.5,92.42163538796012,0.5,0,1,1.0,0.427
33RD AV,YEW ST,ARBUTUS ST,VERY POOR,1261.0,0.08,0.95,0,0.95,90.86928256215714,0.5,0,1,1.0,0.486
ARBUTUS ST,3RD AV,2ND AV,VERY POOR,935.8,0.154,0.95,0,0.95,1.5226067799891325,0.8,0,1,1.0,0.572
CAROLINA ST,19TH AV,18TH AV,VERY POOR,1804.4,0.027,0.95,0,0.95,1.4854946593829368,0.8,0,1,1.0,0.553
2ND AV,NANAIMO ST,KAMLOOPS ST,GOOD,763.1,0.217,0.3,0,0.3,95.03326104679195,0.5,0,1,1.0,0.392
57TH AV,QUEBEC ST,MAIN ST,POOR,404.9,0.445,0.8,0,0.8,91.90038428596989,0.5,0,1,1.0,0.515
COLLINGWOOD ST,33RD AV,32ND AV,POOR,1609.5,0.04,0.8,0,0.8,0.5436080333701057,0.8,0,1,1.0,0.529
1ST AV,QUEBEC ST,MAIN ST,VERY GOOD,13.9,0.973,0.1,0,0.1,91.66650871317734,0.5,0,1,1.0,0.471
12TH AV,HEATHER ST,ASH ST,POOR,174.4,0.706,0.8,0,0.8,91.48403106766199,0.5,0,1,1.0,0.554
49TH AV,MCKINNON ST,DOMAN ST,VERY POOR,1349.8,0.067,0.95,0,0.95,90.92981232659076,0.5,0,1,1.0,0.484
42ND AV,ALBERTA ST,COLUMBIA ST,POOR,763.0,0.217,0.8,0,0.8,93.42350137787616,0.5,0,1,1.0,0.481
11TH AV,CAMOSUN ST,CROWN ST,NO DATA,839.9,0.186,0.5,1,0.4,91.43939134373221,0.5,0,1,1.0,0.405
5TH AV,GARDEN DRIVE,NANAIMO ST,GOOD,481.2,0.382,0.3,0,0.3,90.65716514467903,0.5,0,1,1.0,0.417
CAMOSUN ST,28TH AV,NORTH END,VERY GOOD,2416.6,0.008,0.1,0,0.1,1.8588097369628258,0.8,0,1,1.0,0.4
4TH AV,ALBERTA ST,COLUMBIA ST,GOOD,286.4,0.564,0.3,0,0.3,91.76224088487709,0.5,0,1,1.0,0.445
34TH AV,ST. MARGARETS ST,CLARENDON ST,GOOD,372.6,0.475,0.3,0,0.3,90.5267695601733,0.5,0,1,1.0,0.431
40TH AV,SOPHIA ST,PRINCE EDWARD ST,VERY POOR,677.3,0.258,0.95,0,0.95,91.85284067010002,0.5,0,1,1.0,0.513
5TH AV,WINDERMERE ST,RUPERT ST,POOR,580.5,0.313,0.8,0,0.8,90.24499093539225,0.5,0,1,1.0,0.495
45TH AV,KERR ST,MCKINNON ST,GOOD,1188.4,0.093,0.3,0,0.3,90.32828365131707,0.5,0,1,1.0,0.374
17TH AV,LILLOOET ST,WINDERMERE ST,VERY POOR,410.5,0.44,0.95,0,0.95,91.26338362298003,0.5,0,1,1.0,0.541
43RD AV,LANCASTER ST,KERR ST,FAIR,967.3,0.144,0.5,0,0.5,90.16967683101586,0.5,0,1,1.0,0.417
47TH AV,INVERNESS ST,KNIGHT ST,FAIR,1925.6,0.021,0.5,0,0.5,92.41119243517812,0.5,0,1,1.0,0.398
ARGYLE ST,60TH AV,59TH AV,FAIR,762.9,0.217,0.5,0,0.5,0.5911740326576478,0.8,0,1,1.0,0.503
BRUCE ST,39TH AV,37TH AV,VERY GOOD,1406.2,0.06,0.1,0,0.1,1.1558009839083638,0.8,0,1,1.0,0.408
37TH AV,CAMBIE ST,KERSLAND DRIVE,FAIR,469.2,0.391,0.5,0,0.5,96.57276522764664,0.5,0,1,1.0,0.454
39TH AV,MACKIE ST,MANITOBA ST,VERY POOR,400.8,0.449,0.95,0,0.95,93.06113338015996,0.5,0,1,1.0,0.542
54TH AV,ASH ST,CAMBIE ST,FAIR,356.8,0.49,0.5,0,0.5,91.55703356865342,0.5,0,1,1.0,0.469
35TH AV,TRAFALGAR ST,LARCH ST,VERY GOOD,1738.3,0.031,0.1,0,0.1,91.32074750515972,0.5,0,1,1.0,0.329
1ST AV,VINE ST,YEW ST,VERY GOOD,977.1,0.142,0.1,0,0.1,91.51954906328103,0.5,0,1,1.0,0.346
11TH AV,TEMPLETON DRIVE,GARDEN DRIVE,FAIR,230.2,0.631,0.5,0,0.5,90.68232297829269,0.5,0,1,1.0,0.49
31ST AV,MACDONALD ST,TRAFALGAR ST,GOOD,2014.6,0.018,0.3,0,0.3,90.48976975391531,0.5,0,1,1.0,0.362
CONNAUGHT DR,CHURCHILL ST,AVONDALE AV,FAIR,296.1,0.553,0.5,0,0.5,330.5568579779052,0.8,0,1,1.0,0.553
16TH AV,KINGSWAY,PRINCE ALBERT ST,POOR,1746.2,0.03,0.8,0,0.8,91.42799127984205,0.5,0,1,1.0,0.452
4TH AV,BAYSWATER ST,MACDONALD ST,GOOD,1617.8,0.039,0.3,0,0.3,91.44657525969319,0.5,0,1,1.0,0.365
